<?xml version="1.0"?>
<IRP_Roadef_Challenge_Output>
	<Shifts>
		<IRP_Roadef_Challenge_Shift_>
			<index>0</index>
			<driver>1</driver>
			<trailer>9</trailer>
			<start>0</start>
			<operations>
				<IRP_Roadef_Challenge_Operation_>
					<point>168</point>
					<arrival>131</arrival>
					<Quantity>18549.479141235395</Quantity>
				</IRP_Roadef_Challenge_Operation_>
				<IRP_Roadef_Challenge_Operation_>
					<point>106</point>
					<arrival>187</arrival>
					<Quantity>676.40641999999798</Quantity>
				</IRP_Roadef_Challenge_Operation_>
				<IRP_Roadef_Challenge_Operation_>
					<point>154</point>
					<arrival>331</arrival>
					<Quantity>215.78400993347338</Quantity>
				</IRP_Roadef_Challenge_Operation_>
				<IRP_Roadef_Challenge_Operation_>
					<point>1</point>
					<arrival>408</arrival>
					<Quantity>-19441.669571168866</Quantity>
				</IRP_Roadef_Challenge_Operation_>
				<IRP_Roadef_Challenge_Operation_>
					<point>88</point>
					<arrival>516</arrival>
					<Quantity>17238.862801534797</Quantity>
				</IRP_Roadef_Challenge_Operation_>
				<IRP_Roadef_Challenge_Operation_>
					<point>273</point>
					<arrival>640</arrival>
					<Quantity>4245.9000000000015</Quantity>
				</IRP_Roadef_Challenge_Operation_>
				<IRP_Roadef_Challenge_Operation_>
					<point>1</point>
					<arrival>743</arrival>
					<Quantity>-21484.762801534798</Quantity>
				</IRP_Roadef_Challenge_Operation_>
				<IRP_Roadef_Challenge_Operation_>
					<point>204</point>
					<arrival>1860</arrival>
					<Quantity>2321.600000000004</Quantity>
				</IRP_Roadef_Challenge_Operation_>
				<IRP_Roadef_Challenge_Operation_>
					<point>307</point>
					<arrival>1929</arrival>
					<Quantity>1830.3118019104049</Quantity>
				</IRP_Roadef_Challenge_Operation_>
			</operations>
		</IRP_Roadef_Challenge_Shift_>
		<IRP_Roadef_Challenge_Shift_>
			<index>1</index>
			<driver>10</driver>
			<trailer>7</trailer>
			<start>0</start>
			<operations>
				<IRP_Roadef_Challenge_Operation_>
					<point>160</point>
					<arrival>60</arrival>
					<Quantity>2211.5300100326504</Quantity>
				</IRP_Roadef_Challenge_Operation_>
				<IRP_Roadef_Challenge_Operation_>
					<point>1</point>
					<arrival>148</arrival>
					<Quantity>-18482.711536458399</Quantity>
				</IRP_Roadef_Challenge_Operation_>
				<IRP_Roadef_Challenge_Operation_>
					<point>294</point>
					<arrival>294</arrival>
					<Quantity>1573.4308210754384</Quantity>
				</IRP_Roadef_Challenge_Operation_>
				<IRP_Roadef_Challenge_Operation_>
					<point>139</point>
					<arrival>358</arrival>
					<Quantity>7826.7624525479168</Quantity>
				</IRP_Roadef_Challenge_Operation_>
				<IRP_Roadef_Challenge_Operation_>
					<point>318</point>
					<arrival>436</arrival>
					<Quantity>11583.474268900443</Quantity>
				</IRP_Roadef_Challenge_Operation_>
				<IRP_Roadef_Challenge_Operation_>
					<point>1</point>
					<arrival>537</arrival>
					<Quantity>-20983.667542523799</Quantity>
				</IRP_Roadef_Challenge_Operation_>
				<IRP_Roadef_Challenge_Operation_>
					<point>312</point>
					<arrival>638</arrival>
					<Quantity>1562.3999999999996</Quantity>
				</IRP_Roadef_Challenge_Operation_>
				<IRP_Roadef_Challenge_Operation_>
					<point>272</point>
					<arrival>1080</arrival>
					<Quantity>3385.5665958404488</Quantity>
				</IRP_Roadef_Challenge_Operation_>
				<IRP_Roadef_Challenge_Operation_>
					<point>78</point>
					<arrival>1162</arrival>
					<Quantity>879.49999999999932</Quantity>
				</IRP_Roadef_Challenge_Operation_>
				<IRP_Roadef_Challenge_Operation_>
					<point>291</point>
					<arrival>1192</arrival>
					<Quantity>5040</Quantity>
				</IRP_Roadef_Challenge_Operation_>
				<IRP_Roadef_Challenge_Operation_>
					<point>128</point>
					<arrival>2194</arrival>
					<Quantity>3344.1302021026586</Quantity>
				</IRP_Roadef_Challenge_Operation_>
				<IRP_Roadef_Challenge_Operation_>
					<point>1</point>
					<arrival>2498</arrival>
					<Quantity>-14211.596797943104</Quantity>
				</IRP_Roadef_Challenge_Operation_>
				<IRP_Roadef_Challenge_Operation_>
					<point>243</point>
					<arrival>2571</arrival>
					<Quantity>11065.359101867682</Quantity>
				</IRP_Roadef_Challenge_Operation_>
				<IRP_Roadef_Challenge_Operation_>
					<point>1</point>
					<arrival>2614</arrival>
					<Quantity>-11065.359101867685</Quantity>
				</IRP_Roadef_Challenge_Operation_>
			</operations>
		</IRP_Roadef_Challenge_Shift_>
		<IRP_Roadef_Challenge_Shift_>
			<index>2</index>
			<driver>4</driver>
			<trailer>10</trailer>
			<start>0</start>
			<operations>
				<IRP_Roadef_Challenge_Operation_>
					<point>277</point>
					<arrival>124</arrival>
					<Quantity>19145.238894359401</Quantity>
				</IRP_Roadef_Challenge_Operation_>
				<IRP_Roadef_Challenge_Operation_>
					<point>1</point>
					<arrival>279</arrival>
					<Quantity>-19145.238894359401</Quantity>
				</IRP_Roadef_Challenge_Operation_>
			</operations>
		</IRP_Roadef_Challenge_Shift_>
		<IRP_Roadef_Challenge_Shift_>
			<index>3</index>
			<driver>8</driver>
			<trailer>0</trailer>
			<start>0</start>
			<operations>
				<IRP_Roadef_Challenge_Operation_>
					<point>45</point>
					<arrival>62</arrival>
					<Quantity>1019.4971740722706</Quantity>
				</IRP_Roadef_Challenge_Operation_>
				<IRP_Roadef_Challenge_Operation_>
					<point>165</point>
					<arrival>116</arrival>
					<Quantity>3616.21733130744</Quantity>
				</IRP_Roadef_Challenge_Operation_>
				<IRP_Roadef_Challenge_Operation_>
					<point>1</point>
					<arrival>187</arrival>
					<Quantity>-7123.8098211569704</Quantity>
				</IRP_Roadef_Challenge_Operation_>
				<IRP_Roadef_Challenge_Operation_>
					<point>24</point>
					<arrival>306</arrival>
					<Quantity>598.90000000000134</Quantity>
				</IRP_Roadef_Challenge_Operation_>
				<IRP_Roadef_Challenge_Operation_>
					<point>304</point>
					<arrival>380</arrival>
					<Quantity>1860</Quantity>
				</IRP_Roadef_Challenge_Operation_>
				<IRP_Roadef_Challenge_Operation_>
					<point>84</point>
					<arrival>460</arrival>
					<Quantity>4664.909821156969</Quantity>
				</IRP_Roadef_Challenge_Operation_>
				<IRP_Roadef_Challenge_Operation_>
					<point>1</point>
					<arrival>555</arrival>
					<Quantity>-7123.8098211569704</Quantity>
				</IRP_Roadef_Challenge_Operation_>
				<IRP_Roadef_Challenge_Operation_>
					<point>281</point>
					<arrival>666</arrival>
					<Quantity>7123.8098211569704</Quantity>
				</IRP_Roadef_Challenge_Operation_>
				<IRP_Roadef_Challenge_Operation_>
					<point>1</point>
					<arrival>776</arrival>
					<Quantity>-7123.8098211569704</Quantity>
				</IRP_Roadef_Challenge_Operation_>
				<IRP_Roadef_Challenge_Operation_>
					<point>214</point>
					<arrival>1920</arrival>
					<Quantity>1194.5898737335192</Quantity>
				</IRP_Roadef_Challenge_Operation_>
				<IRP_Roadef_Challenge_Operation_>
					<point>242</point>
					<arrival>2205</arrival>
					<Quantity>1753.5354705238346</Quantity>
				</IRP_Roadef_Challenge_Operation_>
				<IRP_Roadef_Challenge_Operation_>
					<point>99</point>
					<arrival>2243</arrival>
					<Quantity>1534.83366470337</Quantity>
				</IRP_Roadef_Challenge_Operation_>
				<IRP_Roadef_Challenge_Operation_>
					<point>274</point>
					<arrival>2640</arrival>
					<Quantity>407.83146476745719</Quantity>
				</IRP_Roadef_Challenge_Operation_>
				<IRP_Roadef_Challenge_Operation_>
					<point>114</point>
					<arrival>3300</arrival>
					<Quantity>1144.7788917922994</Quantity>
				</IRP_Roadef_Challenge_Operation_>
			</operations>
		</IRP_Roadef_Challenge_Shift_>
		<IRP_Roadef_Challenge_Shift_>
			<index>4</index>
			<driver>3</driver>
			<trailer>13</trailer>
			<start>0</start>
			<operations>
				<IRP_Roadef_Challenge_Operation_>
					<point>176</point>
					<arrival>81</arrival>
					<Quantity>23095.7152497282</Quantity>
				</IRP_Roadef_Challenge_Operation_>
				<IRP_Roadef_Challenge_Operation_>
					<point>1</point>
					<arrival>226</arrival>
					<Quantity>-23095.7152497282</Quantity>
				</IRP_Roadef_Challenge_Operation_>
				<IRP_Roadef_Challenge_Operation_>
					<point>7</point>
					<arrival>439</arrival>
					<Quantity>13518.200000000012</Quantity>
				</IRP_Roadef_Challenge_Operation_>
				<IRP_Roadef_Challenge_Operation_>
					<point>211</point>
					<arrival>547</arrival>
					<Quantity>962.39999999999998</Quantity>
				</IRP_Roadef_Challenge_Operation_>
				<IRP_Roadef_Challenge_Operation_>
					<point>172</point>
					<arrival>728</arrival>
					<Quantity>694.04764071681404</Quantity>
				</IRP_Roadef_Challenge_Operation_>
				<IRP_Roadef_Challenge_Operation_>
					<point>21</point>
					<arrival>1890</arrival>
					<Quantity>572.20367999999883</Quantity>
				</IRP_Roadef_Challenge_Operation_>
				<IRP_Roadef_Challenge_Operation_>
					<point>285</point>
					<arrival>2085</arrival>
					<Quantity>826.42297416687086</Quantity>
				</IRP_Roadef_Challenge_Operation_>
				<IRP_Roadef_Challenge_Operation_>
					<point>245</point>
					<arrival>2220</arrival>
					<Quantity>4037.0202627821272</Quantity>
				</IRP_Roadef_Challenge_Operation_>
				<IRP_Roadef_Challenge_Operation_>
					<point>51</point>
					<arrival>2272</arrival>
					<Quantity>2485.4206920623801</Quantity>
				</IRP_Roadef_Challenge_Operation_>
			</operations>
		</IRP_Roadef_Challenge_Shift_>
		<IRP_Roadef_Challenge_Shift_>
			<index>5</index>
			<driver>7</driver>
			<trailer>12</trailer>
			<start>254</start>
			<operations>
				<IRP_Roadef_Challenge_Operation_>
					<point>1</point>
					<arrival>257</arrival>
					<Quantity>-20422.381398115194</Quantity>
				</IRP_Roadef_Challenge_Operation_>
				<IRP_Roadef_Challenge_Operation_>
					<point>151</point>
					<arrival>368</arrival>
					<Quantity>10092.915533175419</Quantity>
				</IRP_Roadef_Challenge_Operation_>
				<IRP_Roadef_Challenge_Operation_>
					<point>44</point>
					<arrival>450</arrival>
					<Quantity>3671.8000000000029</Quantity>
				</IRP_Roadef_Challenge_Operation_>
				<IRP_Roadef_Challenge_Operation_>
					<point>110</point>
					<arrival>502</arrival>
					<Quantity>6878.1424713134766</Quantity>
				</IRP_Roadef_Challenge_Operation_>
			</operations>
		</IRP_Roadef_Challenge_Shift_>
		<IRP_Roadef_Challenge_Shift_>
			<index>6</index>
			<driver>9</driver>
			<trailer>11</trailer>
			<start>441</start>
			<operations>
				<IRP_Roadef_Challenge_Operation_>
					<point>117</point>
					<arrival>580</arrival>
					<Quantity>4010</Quantity>
				</IRP_Roadef_Challenge_Operation_>
				<IRP_Roadef_Challenge_Operation_>
					<point>40</point>
					<arrival>693</arrival>
					<Quantity>2464.1949045251458</Quantity>
				</IRP_Roadef_Challenge_Operation_>
				<IRP_Roadef_Challenge_Operation_>
					<point>54</point>
					<arrival>782</arrival>
					<Quantity>4958.4375292968743</Quantity>
				</IRP_Roadef_Challenge_Operation_>
				<IRP_Roadef_Challenge_Operation_>
					<point>188</point>
					<arrival>840</arrival>
					<Quantity>927.08520071949351</Quantity>
				</IRP_Roadef_Challenge_Operation_>
				<IRP_Roadef_Challenge_Operation_>
					<point>60</point>
					<arrival>898</arrival>
					<Quantity>267.82194083496154</Quantity>
				</IRP_Roadef_Challenge_Operation_>
				<IRP_Roadef_Challenge_Operation_>
					<point>90</point>
					<arrival>945</arrival>
					<Quantity>8662.9375037631253</Quantity>
				</IRP_Roadef_Challenge_Operation_>
			</operations>
		</IRP_Roadef_Challenge_Shift_>
		<IRP_Roadef_Challenge_Shift_>
			<index>7</index>
			<driver>6</driver>
			<trailer>4</trailer>
			<start>467</start>
			<operations>
				<IRP_Roadef_Challenge_Operation_>
					<point>292</point>
					<arrival>510</arrival>
					<Quantity>20076.191314169599</Quantity>
				</IRP_Roadef_Challenge_Operation_>
			</operations>
		</IRP_Roadef_Challenge_Shift_>
		<IRP_Roadef_Challenge_Shift_>
			<index>8</index>
			<driver>5</driver>
			<trailer>8</trailer>
			<start>565</start>
			<operations>
				<IRP_Roadef_Challenge_Operation_>
					<point>143</point>
					<arrival>607</arrival>
					<Quantity>5816.9696849755928</Quantity>
				</IRP_Roadef_Challenge_Operation_>
				<IRP_Roadef_Challenge_Operation_>
					<point>241</point>
					<arrival>659</arrival>
					<Quantity>6601.0131361506938</Quantity>
				</IRP_Roadef_Challenge_Operation_>
				<IRP_Roadef_Challenge_Operation_>
					<point>297</point>
					<arrival>689</arrival>
					<Quantity>7982.0180303687121</Quantity>
				</IRP_Roadef_Challenge_Operation_>
				<IRP_Roadef_Challenge_Operation_>
					<point>1</point>
					<arrival>771</arrival>
					<Quantity>-20400.000851494999</Quantity>
				</IRP_Roadef_Challenge_Operation_>
				<IRP_Roadef_Challenge_Operation_>
					<point>132</point>
					<arrival>873</arrival>
					<Quantity>13566.285065514767</Quantity>
				</IRP_Roadef_Challenge_Operation_>
				<IRP_Roadef_Challenge_Operation_>
					<point>261</point>
					<arrival>939</arrival>
					<Quantity>4177.930633544931</Quantity>
				</IRP_Roadef_Challenge_Operation_>
				<IRP_Roadef_Challenge_Operation_>
					<point>253</point>
					<arrival>969</arrival>
					<Quantity>2655.7851524353036</Quantity>
				</IRP_Roadef_Challenge_Operation_>
				<IRP_Roadef_Challenge_Operation_>
					<point>1</point>
					<arrival>1046</arrival>
					<Quantity>-20400.000851494999</Quantity>
				</IRP_Roadef_Challenge_Operation_>
				<IRP_Roadef_Challenge_Operation_>
					<point>171</point>
					<arrival>1186</arrival>
					<Quantity>20400.000851494999</Quantity>
				</IRP_Roadef_Challenge_Operation_>
			</operations>
		</IRP_Roadef_Challenge_Shift_>
		<IRP_Roadef_Challenge_Shift_>
			<index>9</index>
			<driver>11</driver>
			<trailer>6</trailer>
			<start>749</start>
			<operations>
				<IRP_Roadef_Challenge_Operation_>
					<point>23</point>
					<arrival>784</arrival>
					<Quantity>6932.7600000000011</Quantity>
				</IRP_Roadef_Challenge_Operation_>
				<IRP_Roadef_Challenge_Operation_>
					<point>1</point>
					<arrival>850</arrival>
					<Quantity>-18932.760374657799</Quantity>
				</IRP_Roadef_Challenge_Operation_>
				<IRP_Roadef_Challenge_Operation_>
					<point>137</point>
					<arrival>1069</arrival>
					<Quantity>10135.137142181382</Quantity>
				</IRP_Roadef_Challenge_Operation_>
				<IRP_Roadef_Challenge_Operation_>
					<point>299</point>
					<arrival>1223</arrival>
					<Quantity>11052.522555542037</Quantity>
				</IRP_Roadef_Challenge_Operation_>
				<IRP_Roadef_Challenge_Operation_>
					<point>1</point>
					<arrival>1347</arrival>
					<Quantity>-21187.659697723419</Quantity>
				</IRP_Roadef_Challenge_Operation_>
			</operations>
		</IRP_Roadef_Challenge_Shift_>
		<IRP_Roadef_Challenge_Shift_>
			<index>10</index>
			<driver>2</driver>
			<trailer>3</trailer>
			<start>767</start>
			<operations>
				<IRP_Roadef_Challenge_Operation_>
					<point>1</point>
					<arrival>770</arrival>
					<Quantity>-26876.1915980013</Quantity>
				</IRP_Roadef_Challenge_Operation_>
				<IRP_Roadef_Challenge_Operation_>
					<point>309</point>
					<arrival>1029</arrival>
					<Quantity>1978.4240205764781</Quantity>
				</IRP_Roadef_Challenge_Operation_>
				<IRP_Roadef_Challenge_Operation_>
					<point>205</point>
					<arrival>1183</arrival>
					<Quantity>3623.80963695023</Quantity>
				</IRP_Roadef_Challenge_Operation_>
				<IRP_Roadef_Challenge_Operation_>
					<point>265</point>
					<arrival>1229</arrival>
					<Quantity>5387.667543419313</Quantity>
				</IRP_Roadef_Challenge_Operation_>
				<IRP_Roadef_Challenge_Operation_>
					<point>63</point>
					<arrival>1463</arrival>
					<Quantity>952.38098211569695</Quantity>
				</IRP_Roadef_Challenge_Operation_>
				<IRP_Roadef_Challenge_Operation_>
					<point>81</point>
					<arrival>2220</arrival>
					<Quantity>646.79999999999995</Quantity>
				</IRP_Roadef_Challenge_Operation_>
				<IRP_Roadef_Challenge_Operation_>
					<point>239</point>
					<arrival>2294</arrival>
					<Quantity>485.10000000000002</Quantity>
				</IRP_Roadef_Challenge_Operation_>
				<IRP_Roadef_Challenge_Operation_>
					<point>27</point>
					<arrival>2505</arrival>
					<Quantity>13802.009414939581</Quantity>
				</IRP_Roadef_Challenge_Operation_>
				<IRP_Roadef_Challenge_Operation_>
					<point>1</point>
					<arrival>2774</arrival>
					<Quantity>-26876.1915980013</Quantity>
				</IRP_Roadef_Challenge_Operation_>
			</operations>
		</IRP_Roadef_Challenge_Shift_>
		<IRP_Roadef_Challenge_Shift_>
			<index>11</index>
			<driver>7</driver>
			<trailer>12</trailer>
			<start>1328</start>
			<operations>
				<IRP_Roadef_Challenge_Operation_>
					<point>1</point>
					<arrival>1331</arrival>
					<Quantity>-20642.858004488899</Quantity>
				</IRP_Roadef_Challenge_Operation_>
				<IRP_Roadef_Challenge_Operation_>
					<point>192</point>
					<arrival>1407</arrival>
					<Quantity>3050.9036094665444</Quantity>
				</IRP_Roadef_Challenge_Operation_>
				<IRP_Roadef_Challenge_Operation_>
					<point>49</point>
					<arrival>1466</arrival>
					<Quantity>962.39999999999998</Quantity>
				</IRP_Roadef_Challenge_Operation_>
				<IRP_Roadef_Challenge_Operation_>
					<point>316</point>
					<arrival>1513</arrival>
					<Quantity>3199.1775542401356</Quantity>
				</IRP_Roadef_Challenge_Operation_>
				<IRP_Roadef_Challenge_Operation_>
					<point>141</point>
					<arrival>1602</arrival>
					<Quantity>8734.6696578980009</Quantity>
				</IRP_Roadef_Challenge_Operation_>
				<IRP_Roadef_Challenge_Operation_>
					<point>131</point>
					<arrival>1635</arrival>
					<Quantity>389</Quantity>
				</IRP_Roadef_Challenge_Operation_>
				<IRP_Roadef_Challenge_Operation_>
					<point>288</point>
					<arrival>1704</arrival>
					<Quantity>4306.7071828842163</Quantity>
				</IRP_Roadef_Challenge_Operation_>
				<IRP_Roadef_Challenge_Operation_>
					<point>1</point>
					<arrival>1808</arrival>
					<Quantity>-20642.858004488899</Quantity>
				</IRP_Roadef_Challenge_Operation_>
				<IRP_Roadef_Challenge_Operation_>
					<point>302</point>
					<arrival>1919</arrival>
					<Quantity>1941.5200103759794</Quantity>
				</IRP_Roadef_Challenge_Operation_>
				<IRP_Roadef_Challenge_Operation_>
					<point>5</point>
					<arrival>1949</arrival>
					<Quantity>3336.45644989014</Quantity>
				</IRP_Roadef_Challenge_Operation_>
				<IRP_Roadef_Challenge_Operation_>
					<point>225</point>
					<arrival>2004</arrival>
					<Quantity>14103.170147323608</Quantity>
				</IRP_Roadef_Challenge_Operation_>
			</operations>
		</IRP_Roadef_Challenge_Shift_>
		<IRP_Roadef_Challenge_Shift_>
			<index>12</index>
			<driver>6</driver>
			<trailer>4</trailer>
			<start>1489</start>
			<operations>
				<IRP_Roadef_Challenge_Operation_>
					<point>1</point>
					<arrival>1492</arrival>
					<Quantity>-20076.191314169599</Quantity>
				</IRP_Roadef_Challenge_Operation_>
				<IRP_Roadef_Challenge_Operation_>
					<point>201</point>
					<arrival>1624</arrival>
					<Quantity>12830.796324157714</Quantity>
				</IRP_Roadef_Challenge_Operation_>
				<IRP_Roadef_Challenge_Operation_>
					<point>101</point>
					<arrival>1706</arrival>
					<Quantity>7245.3949900118841</Quantity>
				</IRP_Roadef_Challenge_Operation_>
				<IRP_Roadef_Challenge_Operation_>
					<point>1</point>
					<arrival>1815</arrival>
					<Quantity>-20076.191314169599</Quantity>
				</IRP_Roadef_Challenge_Operation_>
				<IRP_Roadef_Challenge_Operation_>
					<point>79</point>
					<arrival>1974</arrival>
					<Quantity>12476.848097464275</Quantity>
				</IRP_Roadef_Challenge_Operation_>
				<IRP_Roadef_Challenge_Operation_>
					<point>296</point>
					<arrival>2042</arrival>
					<Quantity>6680.0932167053224</Quantity>
				</IRP_Roadef_Challenge_Operation_>
				<IRP_Roadef_Challenge_Operation_>
					<point>28</point>
					<arrival>2074</arrival>
					<Quantity>919.25000000000045</Quantity>
				</IRP_Roadef_Challenge_Operation_>
			</operations>
		</IRP_Roadef_Challenge_Shift_>
		<IRP_Roadef_Challenge_Shift_>
			<index>13</index>
			<driver>9</driver>
			<trailer>11</trailer>
			<start>1744</start>
			<operations>
				<IRP_Roadef_Challenge_Operation_>
					<point>1</point>
					<arrival>1747</arrival>
					<Quantity>-21290.4770791396</Quantity>
				</IRP_Roadef_Challenge_Operation_>
				<IRP_Roadef_Challenge_Operation_>
					<point>3</point>
					<arrival>1855</arrival>
					<Quantity>10064.828009999999</Quantity>
				</IRP_Roadef_Challenge_Operation_>
				<IRP_Roadef_Challenge_Operation_>
					<point>88</point>
					<arrival>1885</arrival>
					<Quantity>11225.649069139599</Quantity>
				</IRP_Roadef_Challenge_Operation_>
			</operations>
		</IRP_Roadef_Challenge_Shift_>
		<IRP_Roadef_Challenge_Shift_>
			<index>14</index>
			<driver>4</driver>
			<trailer>14</trailer>
			<start>1830</start>
			<operations>
				<IRP_Roadef_Challenge_Operation_>
					<point>289</point>
					<arrival>1889</arrival>
					<Quantity>994.56000000000245</Quantity>
				</IRP_Roadef_Challenge_Operation_>
				<IRP_Roadef_Challenge_Operation_>
					<point>275</point>
					<arrival>1943</arrival>
					<Quantity>259.02985147705067</Quantity>
				</IRP_Roadef_Challenge_Operation_>
				<IRP_Roadef_Challenge_Operation_>
					<point>136</point>
					<arrival>1981</arrival>
					<Quantity>3603.5532084026968</Quantity>
				</IRP_Roadef_Challenge_Operation_>
				<IRP_Roadef_Challenge_Operation_>
					<point>1</point>
					<arrival>2115</arrival>
					<Quantity>-4857.1430598797497</Quantity>
				</IRP_Roadef_Challenge_Operation_>
				<IRP_Roadef_Challenge_Operation_>
					<point>314</point>
					<arrival>2216</arrival>
					<Quantity>2406</Quantity>
				</IRP_Roadef_Challenge_Operation_>
				<IRP_Roadef_Challenge_Operation_>
					<point>124</point>
					<arrival>2246</arrival>
					<Quantity>2169</Quantity>
				</IRP_Roadef_Challenge_Operation_>
			</operations>
		</IRP_Roadef_Challenge_Shift_>
		<IRP_Roadef_Challenge_Shift_>
			<index>15</index>
			<driver>5</driver>
			<trailer>8</trailer>
			<start>2165</start>
			<operations>
				<IRP_Roadef_Challenge_Operation_>
					<point>1</point>
					<arrival>2168</arrival>
					<Quantity>-20400.000851494999</Quantity>
				</IRP_Roadef_Challenge_Operation_>
				<IRP_Roadef_Challenge_Operation_>
					<point>208</point>
					<arrival>2292</arrival>
					<Quantity>5218.9911358425161</Quantity>
				</IRP_Roadef_Challenge_Operation_>
				<IRP_Roadef_Challenge_Operation_>
					<point>52</point>
					<arrival>2322</arrival>
					<Quantity>3253.5999999999999</Quantity>
				</IRP_Roadef_Challenge_Operation_>
				<IRP_Roadef_Challenge_Operation_>
					<point>91</point>
					<arrival>2488</arrival>
					<Quantity>11927.409715652464</Quantity>
				</IRP_Roadef_Challenge_Operation_>
			</operations>
		</IRP_Roadef_Challenge_Shift_>
		<IRP_Roadef_Challenge_Shift_>
			<index>16</index>
			<driver>12</driver>
			<trailer>1</trailer>
			<start>2189</start>
			<operations>
				<IRP_Roadef_Challenge_Operation_>
					<point>1</point>
					<arrival>2192</arrival>
					<Quantity>-22261.905691115498</Quantity>
				</IRP_Roadef_Challenge_Operation_>
				<IRP_Roadef_Challenge_Operation_>
					<point>31</point>
					<arrival>2354</arrival>
					<Quantity>12057.307884184964</Quantity>
				</IRP_Roadef_Challenge_Operation_>
				<IRP_Roadef_Challenge_Operation_>
					<point>246</point>
					<arrival>2542</arrival>
					<Quantity>8227.193676376337</Quantity>
				</IRP_Roadef_Challenge_Operation_>
				<IRP_Roadef_Challenge_Operation_>
					<point>59</point>
					<arrival>2765</arrival>
					<Quantity>1977.4041305541971</Quantity>
				</IRP_Roadef_Challenge_Operation_>
				<IRP_Roadef_Challenge_Operation_>
					<point>1</point>
					<arrival>2813</arrival>
					<Quantity>-22261.905691115498</Quantity>
				</IRP_Roadef_Challenge_Operation_>
			</operations>
		</IRP_Roadef_Challenge_Shift_>
		<IRP_Roadef_Challenge_Shift_>
			<index>17</index>
			<driver>0</driver>
			<trailer>5</trailer>
			<start>2275</start>
			<operations>
				<IRP_Roadef_Challenge_Operation_>
					<point>1</point>
					<arrival>2278</arrival>
					<Quantity>-4761.9049105784834</Quantity>
				</IRP_Roadef_Challenge_Operation_>
				<IRP_Roadef_Challenge_Operation_>
					<point>150</point>
					<arrival>2577</arrival>
					<Quantity>2204.9045352520607</Quantity>
				</IRP_Roadef_Challenge_Operation_>
				<IRP_Roadef_Challenge_Operation_>
					<point>197</point>
					<arrival>2609</arrival>
					<Quantity>2652.238524627689</Quantity>
				</IRP_Roadef_Challenge_Operation_>
			</operations>
		</IRP_Roadef_Challenge_Shift_>
		<IRP_Roadef_Challenge_Shift_>
			<index>18</index>
			<driver>11</driver>
			<trailer>6</trailer>
			<start>2580</start>
			<operations>
				<IRP_Roadef_Challenge_Operation_>
					<point>166</point>
					<arrival>2640</arrival>
					<Quantity>6145.9087390586137</Quantity>
				</IRP_Roadef_Challenge_Operation_>
				<IRP_Roadef_Challenge_Operation_>
					<point>155</point>
					<arrival>2723</arrival>
					<Quantity>12832</Quantity>
				</IRP_Roadef_Challenge_Operation_>
				<IRP_Roadef_Challenge_Operation_>
					<point>202</point>
					<arrival>2799</arrival>
					<Quantity>3283.9969520568811</Quantity>
				</IRP_Roadef_Challenge_Operation_>
				<IRP_Roadef_Challenge_Operation_>
					<point>1</point>
					<arrival>2870</arrival>
					<Quantity>-22261.905691115498</Quantity>
				</IRP_Roadef_Challenge_Operation_>
				<IRP_Roadef_Challenge_Operation_>
					<point>127</point>
					<arrival>3061</arrival>
					<Quantity>11530.01506676769</Quantity>
				</IRP_Roadef_Challenge_Operation_>
				<IRP_Roadef_Challenge_Operation_>
					<point>268</point>
					<arrival>3121</arrival>
					<Quantity>10731.890624347809</Quantity>
				</IRP_Roadef_Challenge_Operation_>
				<IRP_Roadef_Challenge_Operation_>
					<point>1</point>
					<arrival>3281</arrival>
					<Quantity>-22261.905691115498</Quantity>
				</IRP_Roadef_Challenge_Operation_>
			</operations>
		</IRP_Roadef_Challenge_Shift_>
		<IRP_Roadef_Challenge_Shift_>
			<index>19</index>
			<driver>1</driver>
			<trailer>9</trailer>
			<start>2899</start>
			<operations>
				<IRP_Roadef_Challenge_Operation_>
					<point>74</point>
					<arrival>2940</arrival>
					<Quantity>17332.850999624385</Quantity>
				</IRP_Roadef_Challenge_Operation_>
				<IRP_Roadef_Challenge_Operation_>
					<point>1</point>
					<arrival>3012</arrival>
					<Quantity>-21484.762801534798</Quantity>
				</IRP_Roadef_Challenge_Operation_>
				<IRP_Roadef_Challenge_Operation_>
					<point>316</point>
					<arrival>3123</arrival>
					<Quantity>3079.7620009166299</Quantity>
				</IRP_Roadef_Challenge_Operation_>
				<IRP_Roadef_Challenge_Operation_>
					<point>177</point>
					<arrival>3153</arrival>
					<Quantity>1070.2381286525101</Quantity>
				</IRP_Roadef_Challenge_Operation_>
				<IRP_Roadef_Challenge_Operation_>
					<point>103</point>
					<arrival>3183</arrival>
					<Quantity>2661.90484501337</Quantity>
				</IRP_Roadef_Challenge_Operation_>
				<IRP_Roadef_Challenge_Operation_>
					<point>281</point>
					<arrival>3304</arrival>
					<Quantity>14672.857826952291</Quantity>
				</IRP_Roadef_Challenge_Operation_>
				<IRP_Roadef_Challenge_Operation_>
					<point>1</point>
					<arrival>3414</arrival>
					<Quantity>-21484.762801534798</Quantity>
				</IRP_Roadef_Challenge_Operation_>
				<IRP_Roadef_Challenge_Operation_>
					<point>139</point>
					<arrival>3531</arrival>
					<Quantity>5458.9876344271761</Quantity>
				</IRP_Roadef_Challenge_Operation_>
				<IRP_Roadef_Challenge_Operation_>
					<point>16</point>
					<arrival>3562</arrival>
					<Quantity>16025.775167107648</Quantity>
				</IRP_Roadef_Challenge_Operation_>
			</operations>
		</IRP_Roadef_Challenge_Shift_>
		<IRP_Roadef_Challenge_Shift_>
			<index>20</index>
			<driver>9</driver>
			<trailer>11</trailer>
			<start>3176</start>
			<operations>
				<IRP_Roadef_Challenge_Operation_>
					<point>1</point>
					<arrival>3179</arrival>
					<Quantity>-21290.4770791396</Quantity>
				</IRP_Roadef_Challenge_Operation_>
				<IRP_Roadef_Challenge_Operation_>
					<point>69</point>
					<arrival>3312</arrival>
					<Quantity>1072.5748799999899</Quantity>
				</IRP_Roadef_Challenge_Operation_>
				<IRP_Roadef_Challenge_Operation_>
					<point>251</point>
					<arrival>3399</arrival>
					<Quantity>5834.7999999999738</Quantity>
				</IRP_Roadef_Challenge_Operation_>
				<IRP_Roadef_Challenge_Operation_>
					<point>35</point>
					<arrival>3470</arrival>
					<Quantity>1077.0370590210021</Quantity>
				</IRP_Roadef_Challenge_Operation_>
				<IRP_Roadef_Challenge_Operation_>
					<point>12</point>
					<arrival>3532</arrival>
					<Quantity>4463.8000000000075</Quantity>
				</IRP_Roadef_Challenge_Operation_>
				<IRP_Roadef_Challenge_Operation_>
					<point>148</point>
					<arrival>3569</arrival>
					<Quantity>2740.1487396240227</Quantity>
				</IRP_Roadef_Challenge_Operation_>
				<IRP_Roadef_Challenge_Operation_>
					<point>240</point>
					<arrival>3651</arrival>
					<Quantity>3413.86406917572</Quantity>
				</IRP_Roadef_Challenge_Operation_>
				<IRP_Roadef_Challenge_Operation_>
					<point>58</point>
					<arrival>3690</arrival>
					<Quantity>1180.300000000002</Quantity>
				</IRP_Roadef_Challenge_Operation_>
			</operations>
		</IRP_Roadef_Challenge_Shift_>
		<IRP_Roadef_Challenge_Shift_>
			<index>21</index>
			<driver>7</driver>
			<trailer>12</trailer>
			<start>3320</start>
			<operations>
				<IRP_Roadef_Challenge_Operation_>
					<point>322</point>
					<arrival>3360</arrival>
					<Quantity>1203.224798507691</Quantity>
				</IRP_Roadef_Challenge_Operation_>
				<IRP_Roadef_Challenge_Operation_>
					<point>1</point>
					<arrival>3431</arrival>
					<Quantity>-20584.371406097416</Quantity>
				</IRP_Roadef_Challenge_Operation_>
				<IRP_Roadef_Challenge_Operation_>
					<point>308</point>
					<arrival>3539</arrival>
					<Quantity>20094.048463544721</Quantity>
				</IRP_Roadef_Challenge_Operation_>
				<IRP_Roadef_Challenge_Operation_>
					<point>78</point>
					<arrival>3641</arrival>
					<Quantity>548.80954094416995</Quantity>
				</IRP_Roadef_Challenge_Operation_>
				<IRP_Roadef_Challenge_Operation_>
					<point>1</point>
					<arrival>3684</arrival>
					<Quantity>-20642.858004488899</Quantity>
				</IRP_Roadef_Challenge_Operation_>
				<IRP_Roadef_Challenge_Operation_>
					<point>88</point>
					<arrival>3792</arrival>
					<Quantity>12956.099764488899</Quantity>
				</IRP_Roadef_Challenge_Operation_>
				<IRP_Roadef_Challenge_Operation_>
					<point>82</point>
					<arrival>3913</arrival>
					<Quantity>4980</Quantity>
				</IRP_Roadef_Challenge_Operation_>
				<IRP_Roadef_Challenge_Operation_>
					<point>5</point>
					<arrival>4024</arrival>
					<Quantity>1743.4999999999995</Quantity>
				</IRP_Roadef_Challenge_Operation_>
				<IRP_Roadef_Challenge_Operation_>
					<point>230</point>
					<arrival>4084</arrival>
					<Quantity>963.25824000000443</Quantity>
				</IRP_Roadef_Challenge_Operation_>
				<IRP_Roadef_Challenge_Operation_>
					<point>1</point>
					<arrival>4147</arrival>
					<Quantity>-20642.858004488899</Quantity>
				</IRP_Roadef_Challenge_Operation_>
			</operations>
		</IRP_Roadef_Challenge_Shift_>
		<IRP_Roadef_Challenge_Shift_>
			<index>22</index>
			<driver>5</driver>
			<trailer>8</trailer>
			<start>3378</start>
			<operations>
				<IRP_Roadef_Challenge_Operation_>
					<point>1</point>
					<arrival>3381</arrival>
					<Quantity>-20400.000851494999</Quantity>
				</IRP_Roadef_Challenge_Operation_>
				<IRP_Roadef_Challenge_Operation_>
					<point>115</point>
					<arrival>3587</arrival>
					<Quantity>20400.00085149502</Quantity>
				</IRP_Roadef_Challenge_Operation_>
				<IRP_Roadef_Challenge_Operation_>
					<point>1</point>
					<arrival>3793</arrival>
					<Quantity>-20400.000851494999</Quantity>
				</IRP_Roadef_Challenge_Operation_>
				<IRP_Roadef_Challenge_Operation_>
					<point>255</point>
					<arrival>3926</arrival>
					<Quantity>15159.612697792061</Quantity>
				</IRP_Roadef_Challenge_Operation_>
				<IRP_Roadef_Challenge_Operation_>
					<point>318</point>
					<arrival>3966</arrival>
					<Quantity>5240.3881537029229</Quantity>
				</IRP_Roadef_Challenge_Operation_>
				<IRP_Roadef_Challenge_Operation_>
					<point>1</point>
					<arrival>4067</arrival>
					<Quantity>-20400.000851494999</Quantity>
				</IRP_Roadef_Challenge_Operation_>
			</operations>
		</IRP_Roadef_Challenge_Shift_>
		<IRP_Roadef_Challenge_Shift_>
			<index>23</index>
			<driver>12</driver>
			<trailer>1</trailer>
			<start>3597</start>
			<operations>
				<IRP_Roadef_Challenge_Operation_>
					<point>146</point>
					<arrival>3631</arrival>
					<Quantity>17322.658084106442</Quantity>
				</IRP_Roadef_Challenge_Operation_>
				<IRP_Roadef_Challenge_Operation_>
					<point>1</point>
					<arrival>3694</arrival>
					<Quantity>-17322.658084106442</Quantity>
				</IRP_Roadef_Challenge_Operation_>
				<IRP_Roadef_Challenge_Operation_>
					<point>11</point>
					<arrival>3959</arrival>
					<Quantity>3461.4012904806987</Quantity>
				</IRP_Roadef_Challenge_Operation_>
				<IRP_Roadef_Challenge_Operation_>
					<point>130</point>
					<arrival>4004</arrival>
					<Quantity>14816.5044006348</Quantity>
				</IRP_Roadef_Challenge_Operation_>
				<IRP_Roadef_Challenge_Operation_>
					<point>221</point>
					<arrival>4064</arrival>
					<Quantity>3984</Quantity>
				</IRP_Roadef_Challenge_Operation_>
			</operations>
		</IRP_Roadef_Challenge_Shift_>
		<IRP_Roadef_Challenge_Shift_>
			<index>24</index>
			<driver>0</driver>
			<trailer>5</trailer>
			<start>3626</start>
			<operations>
				<IRP_Roadef_Challenge_Operation_>
					<point>1</point>
					<arrival>3629</arrival>
					<Quantity>-4857.1430598797497</Quantity>
				</IRP_Roadef_Challenge_Operation_>
				<IRP_Roadef_Challenge_Operation_>
					<point>89</point>
					<arrival>3737</arrival>
					<Quantity>619.17480387976548</Quantity>
				</IRP_Roadef_Challenge_Operation_>
				<IRP_Roadef_Challenge_Operation_>
					<point>238</point>
					<arrival>3781</arrival>
					<Quantity>1831.9682559999842</Quantity>
				</IRP_Roadef_Challenge_Operation_>
				<IRP_Roadef_Challenge_Operation_>
					<point>126</point>
					<arrival>3833</arrival>
					<Quantity>2406</Quantity>
				</IRP_Roadef_Challenge_Operation_>
				<IRP_Roadef_Challenge_Operation_>
					<point>1</point>
					<arrival>3911</arrival>
					<Quantity>-4857.1430598797497</Quantity>
				</IRP_Roadef_Challenge_Operation_>
				<IRP_Roadef_Challenge_Operation_>
					<point>92</point>
					<arrival>4039</arrival>
					<Quantity>2407.718080000001</Quantity>
				</IRP_Roadef_Challenge_Operation_>
				<IRP_Roadef_Challenge_Operation_>
					<point>196</point>
					<arrival>4080</arrival>
					<Quantity>719.20497987975023</Quantity>
				</IRP_Roadef_Challenge_Operation_>
				<IRP_Roadef_Challenge_Operation_>
					<point>24</point>
					<arrival>4129</arrival>
					<Quantity>1255.1999999999994</Quantity>
				</IRP_Roadef_Challenge_Operation_>
				<IRP_Roadef_Challenge_Operation_>
					<point>289</point>
					<arrival>4164</arrival>
					<Quantity>475.01999999999998</Quantity>
				</IRP_Roadef_Challenge_Operation_>
			</operations>
		</IRP_Roadef_Challenge_Shift_>
		<IRP_Roadef_Challenge_Shift_>
			<index>25</index>
			<driver>4</driver>
			<trailer>14</trailer>
			<start>3681</start>
			<operations>
				<IRP_Roadef_Challenge_Operation_>
					<point>1</point>
					<arrival>3684</arrival>
					<Quantity>-4575</Quantity>
				</IRP_Roadef_Challenge_Operation_>
			</operations>
		</IRP_Roadef_Challenge_Shift_>
		<IRP_Roadef_Challenge_Shift_>
			<index>26</index>
			<driver>2</driver>
			<trailer>3</trailer>
			<start>3768</start>
			<operations>
				<IRP_Roadef_Challenge_Operation_>
					<point>132</point>
					<arrival>3809</arrival>
					<Quantity>14562.568950048435</Quantity>
				</IRP_Roadef_Challenge_Operation_>
				<IRP_Roadef_Challenge_Operation_>
					<point>142</point>
					<arrival>3882</arrival>
					<Quantity>6758.2718399999922</Quantity>
				</IRP_Roadef_Challenge_Operation_>
				<IRP_Roadef_Challenge_Operation_>
					<point>207</point>
					<arrival>3931</arrival>
					<Quantity>5555.3508079528747</Quantity>
				</IRP_Roadef_Challenge_Operation_>
				<IRP_Roadef_Challenge_Operation_>
					<point>1</point>
					<arrival>4009</arrival>
					<Quantity>-26876.1915980013</Quantity>
				</IRP_Roadef_Challenge_Operation_>
			</operations>
		</IRP_Roadef_Challenge_Shift_>
		<IRP_Roadef_Challenge_Shift_>
			<index>27</index>
			<driver>3</driver>
			<trailer>13</trailer>
			<start>3796</start>
			<operations>
				<IRP_Roadef_Challenge_Operation_>
					<point>1</point>
					<arrival>3799</arrival>
					<Quantity>-23095.7152497282</Quantity>
				</IRP_Roadef_Challenge_Operation_>
				<IRP_Roadef_Challenge_Operation_>
					<point>109</point>
					<arrival>3989</arrival>
					<Quantity>519.69084000000123</Quantity>
				</IRP_Roadef_Challenge_Operation_>
				<IRP_Roadef_Challenge_Operation_>
					<point>123</point>
					<arrival>4125</arrival>
					<Quantity>22576.024409728194</Quantity>
				</IRP_Roadef_Challenge_Operation_>
			</operations>
		</IRP_Roadef_Challenge_Shift_>
		<IRP_Roadef_Challenge_Shift_>
			<index>28</index>
			<driver>10</driver>
			<trailer>7</trailer>
			<start>3819</start>
			<operations>
				<IRP_Roadef_Challenge_Operation_>
					<point>39</point>
					<arrival>3869</arrival>
					<Quantity>2195.0864400000014</Quantity>
				</IRP_Roadef_Challenge_Operation_>
				<IRP_Roadef_Challenge_Operation_>
					<point>70</point>
					<arrival>3988</arrival>
					<Quantity>744</Quantity>
				</IRP_Roadef_Challenge_Operation_>
				<IRP_Roadef_Challenge_Operation_>
					<point>163</point>
					<arrival>4095</arrival>
					<Quantity>8699.558937705071</Quantity>
				</IRP_Roadef_Challenge_Operation_>
				<IRP_Roadef_Challenge_Operation_>
					<point>219</point>
					<arrival>4256</arrival>
					<Quantity>9345.0221648187289</Quantity>
				</IRP_Roadef_Challenge_Operation_>
				<IRP_Roadef_Challenge_Operation_>
					<point>1</point>
					<arrival>4390</arrival>
					<Quantity>-20983.667542523799</Quantity>
				</IRP_Roadef_Challenge_Operation_>
				<IRP_Roadef_Challenge_Operation_>
					<point>38</point>
					<arrival>4491</arrival>
					<Quantity>20983.667542523799</Quantity>
				</IRP_Roadef_Challenge_Operation_>
				<IRP_Roadef_Challenge_Operation_>
					<point>1</point>
					<arrival>4593</arrival>
					<Quantity>-20983.667542523799</Quantity>
				</IRP_Roadef_Challenge_Operation_>
			</operations>
		</IRP_Roadef_Challenge_Shift_>
		<IRP_Roadef_Challenge_Shift_>
			<index>29</index>
			<driver>6</driver>
			<trailer>4</trailer>
			<start>3825</start>
			<operations>
				<IRP_Roadef_Challenge_Operation_>
					<point>1</point>
					<arrival>3828</arrival>
					<Quantity>-20076.191314169599</Quantity>
				</IRP_Roadef_Challenge_Operation_>
				<IRP_Roadef_Challenge_Operation_>
					<point>310</point>
					<arrival>4109</arrival>
					<Quantity>1289.28575453912</Quantity>
				</IRP_Roadef_Challenge_Operation_>
				<IRP_Roadef_Challenge_Operation_>
					<point>205</point>
					<arrival>4216</arrival>
					<Quantity>12604.941643049802</Quantity>
				</IRP_Roadef_Challenge_Operation_>
				<IRP_Roadef_Challenge_Operation_>
					<point>265</point>
					<arrival>4262</arrival>
					<Quantity>6181.9639165806784</Quantity>
				</IRP_Roadef_Challenge_Operation_>
			</operations>
		</IRP_Roadef_Challenge_Shift_>
		<IRP_Roadef_Challenge_Shift_>
			<index>30</index>
			<driver>11</driver>
			<trailer>6</trailer>
			<start>4229</start>
			<operations>
				<IRP_Roadef_Challenge_Operation_>
					<point>189</point>
					<arrival>4620</arrival>
					<Quantity>22261.905691115498</Quantity>
				</IRP_Roadef_Challenge_Operation_>
				<IRP_Roadef_Challenge_Operation_>
					<point>1</point>
					<arrival>4766</arrival>
					<Quantity>-22261.905691115498</Quantity>
				</IRP_Roadef_Challenge_Operation_>
				<IRP_Roadef_Challenge_Operation_>
					<point>144</point>
					<arrival>4911</arrival>
					<Quantity>18335.199999999975</Quantity>
				</IRP_Roadef_Challenge_Operation_>
				<IRP_Roadef_Challenge_Operation_>
					<point>1</point>
					<arrival>5049</arrival>
					<Quantity>-18335.199999999975</Quantity>
				</IRP_Roadef_Challenge_Operation_>
				<IRP_Roadef_Challenge_Operation_>
					<point>151</point>
					<arrival>5160</arrival>
					<Quantity>22166.708518109383</Quantity>
				</IRP_Roadef_Challenge_Operation_>
				<IRP_Roadef_Challenge_Operation_>
					<point>1</point>
					<arrival>5269</arrival>
					<Quantity>-22166.708518109379</Quantity>
				</IRP_Roadef_Challenge_Operation_>
				<IRP_Roadef_Challenge_Operation_>
					<point>156</point>
					<arrival>7230</arrival>
					<Quantity>7537.6524314880153</Quantity>
				</IRP_Roadef_Challenge_Operation_>
				<IRP_Roadef_Challenge_Operation_>
					<point>316</point>
					<arrival>7527</arrival>
					<Quantity>5091.3264907084085</Quantity>
				</IRP_Roadef_Challenge_Operation_>
				<IRP_Roadef_Challenge_Operation_>
					<point>78</point>
					<arrival>7601</arrival>
					<Quantity>1170.0904590558305</Quantity>
				</IRP_Roadef_Challenge_Operation_>
				<IRP_Roadef_Challenge_Operation_>
					<point>1</point>
					<arrival>7644</arrival>
					<Quantity>-13799.069381252251</Quantity>
				</IRP_Roadef_Challenge_Operation_>
			</operations>
		</IRP_Roadef_Challenge_Shift_>
		<IRP_Roadef_Challenge_Shift_>
			<index>31</index>
			<driver>2</driver>
			<trailer>3</trailer>
			<start>4793</start>
			<operations>
				<IRP_Roadef_Challenge_Operation_>
					<point>123</point>
					<arrival>4942</arrival>
					<Quantity>26876.1915980013</Quantity>
				</IRP_Roadef_Challenge_Operation_>
			</operations>
		</IRP_Roadef_Challenge_Shift_>
		<IRP_Roadef_Challenge_Shift_>
			<index>32</index>
			<driver>12</driver>
			<trailer>1</trailer>
			<start>4999</start>
			<operations>
				<IRP_Roadef_Challenge_Operation_>
					<point>1</point>
					<arrival>5002</arrival>
					<Quantity>-22261.905691115498</Quantity>
				</IRP_Roadef_Challenge_Operation_>
				<IRP_Roadef_Challenge_Operation_>
					<point>118</point>
					<arrival>5218</arrival>
					<Quantity>11385.734253692623</Quantity>
				</IRP_Roadef_Challenge_Operation_>
				<IRP_Roadef_Challenge_Operation_>
					<point>8</point>
					<arrival>5262</arrival>
					<Quantity>6246.8889011383171</Quantity>
				</IRP_Roadef_Challenge_Operation_>
				<IRP_Roadef_Challenge_Operation_>
					<point>168</point>
					<arrival>5319</arrival>
					<Quantity>4629.2825362845579</Quantity>
				</IRP_Roadef_Challenge_Operation_>
				<IRP_Roadef_Challenge_Operation_>
					<point>1</point>
					<arrival>5480</arrival>
					<Quantity>-22261.905691115498</Quantity>
				</IRP_Roadef_Challenge_Operation_>
			</operations>
		</IRP_Roadef_Challenge_Shift_>
		<IRP_Roadef_Challenge_Shift_>
			<index>33</index>
			<driver>3</driver>
			<trailer>13</trailer>
			<start>5203</start>
			<operations>
				<IRP_Roadef_Challenge_Operation_>
					<point>1</point>
					<arrival>5206</arrival>
					<Quantity>-23095.7152497282</Quantity>
				</IRP_Roadef_Challenge_Operation_>
				<IRP_Roadef_Challenge_Operation_>
					<point>26</point>
					<arrival>5369</arrival>
					<Quantity>8228.1762756347616</Quantity>
				</IRP_Roadef_Challenge_Operation_>
				<IRP_Roadef_Challenge_Operation_>
					<point>46</point>
					<arrival>5490</arrival>
					<Quantity>6495.3899585535837</Quantity>
				</IRP_Roadef_Challenge_Operation_>
				<IRP_Roadef_Challenge_Operation_>
					<point>209</point>
					<arrival>5562</arrival>
					<Quantity>8372.1490155398678</Quantity>
				</IRP_Roadef_Challenge_Operation_>
				<IRP_Roadef_Challenge_Operation_>
					<point>1</point>
					<arrival>5633</arrival>
					<Quantity>-23095.7152497282</Quantity>
				</IRP_Roadef_Challenge_Operation_>
				<IRP_Roadef_Challenge_Operation_>
					<point>167</point>
					<arrival>5750</arrival>
					<Quantity>13803.142897837461</Quantity>
				</IRP_Roadef_Challenge_Operation_>
				<IRP_Roadef_Challenge_Operation_>
					<point>281</point>
					<arrival>5862</arrival>
					<Quantity>9292.5723518907434</Quantity>
				</IRP_Roadef_Challenge_Operation_>
			</operations>
		</IRP_Roadef_Challenge_Shift_>
		<IRP_Roadef_Challenge_Shift_>
			<index>34</index>
			<driver>9</driver>
			<trailer>11</trailer>
			<start>5307</start>
			<operations>
				<IRP_Roadef_Challenge_Operation_>
					<point>1</point>
					<arrival>5310</arrival>
					<Quantity>-19782.524747820717</Quantity>
				</IRP_Roadef_Challenge_Operation_>
				<IRP_Roadef_Challenge_Operation_>
					<point>123</point>
					<arrival>5519</arrival>
					<Quantity>21290.4770791396</Quantity>
				</IRP_Roadef_Challenge_Operation_>
				<IRP_Roadef_Challenge_Operation_>
					<point>1</point>
					<arrival>5728</arrival>
					<Quantity>-21290.477079139593</Quantity>
				</IRP_Roadef_Challenge_Operation_>
			</operations>
		</IRP_Roadef_Challenge_Shift_>
		<IRP_Roadef_Challenge_Shift_>
			<index>35</index>
			<driver>1</driver>
			<trailer>9</trailer>
			<start>6265</start>
			<operations>
				<IRP_Roadef_Challenge_Operation_>
					<point>1</point>
					<arrival>6268</arrival>
					<Quantity>-21484.762801534798</Quantity>
				</IRP_Roadef_Challenge_Operation_>
				<IRP_Roadef_Challenge_Operation_>
					<point>127</point>
					<arrival>6459</arrival>
					<Quantity>21484.762801534798</Quantity>
				</IRP_Roadef_Challenge_Operation_>
			</operations>
		</IRP_Roadef_Challenge_Shift_>
		<IRP_Roadef_Challenge_Shift_>
			<index>36</index>
			<driver>10</driver>
			<trailer>7</trailer>
			<start>6527</start>
			<operations>
				<IRP_Roadef_Challenge_Operation_>
					<point>127</point>
					<arrival>6655</arrival>
					<Quantity>20983.667542523785</Quantity>
				</IRP_Roadef_Challenge_Operation_>
				<IRP_Roadef_Challenge_Operation_>
					<point>1</point>
					<arrival>6845</arrival>
					<Quantity>-20983.667542523799</Quantity>
				</IRP_Roadef_Challenge_Operation_>
				<IRP_Roadef_Challenge_Operation_>
					<point>171</point>
					<arrival>6985</arrival>
					<Quantity>16928.905511166216</Quantity>
				</IRP_Roadef_Challenge_Operation_>
				<IRP_Roadef_Challenge_Operation_>
					<point>16</point>
					<arrival>7080</arrival>
					<Quantity>4054.7620313575799</Quantity>
				</IRP_Roadef_Challenge_Operation_>
			</operations>
		</IRP_Roadef_Challenge_Shift_>
		<IRP_Roadef_Challenge_Shift_>
			<index>37</index>
			<driver>6</driver>
			<trailer>4</trailer>
			<start>6652</start>
			<operations>
				<IRP_Roadef_Challenge_Operation_>
					<point>1</point>
					<arrival>6655</arrival>
					<Quantity>-20076.191314169599</Quantity>
				</IRP_Roadef_Challenge_Operation_>
				<IRP_Roadef_Challenge_Operation_>
					<point>176</point>
					<arrival>6796</arrival>
					<Quantity>10257.857594006813</Quantity>
				</IRP_Roadef_Challenge_Operation_>
				<IRP_Roadef_Challenge_Operation_>
					<point>79</point>
					<arrival>6898</arrival>
					<Quantity>9818.3337201627855</Quantity>
				</IRP_Roadef_Challenge_Operation_>
				<IRP_Roadef_Challenge_Operation_>
					<point>1</point>
					<arrival>7026</arrival>
					<Quantity>-20076.191314169599</Quantity>
				</IRP_Roadef_Challenge_Operation_>
			</operations>
		</IRP_Roadef_Challenge_Shift_>
		<IRP_Roadef_Challenge_Shift_>
			<index>38</index>
			<driver>12</driver>
			<trailer>1</trailer>
			<start>6671</start>
			<operations>
				<IRP_Roadef_Challenge_Operation_>
					<point>88</point>
					<arrival>6719</arrival>
					<Quantity>22261.905691115491</Quantity>
				</IRP_Roadef_Challenge_Operation_>
			</operations>
		</IRP_Roadef_Challenge_Shift_>
		<IRP_Roadef_Challenge_Shift_>
			<index>39</index>
			<driver>9</driver>
			<trailer>11</trailer>
			<start>7056</start>
			<operations>
				<IRP_Roadef_Challenge_Operation_>
					<point>5</point>
					<arrival>7107</arrival>
					<Quantity>2479.099999999999</Quantity>
				</IRP_Roadef_Challenge_Operation_>
				<IRP_Roadef_Challenge_Operation_>
					<point>132</point>
					<arrival>7151</arrival>
					<Quantity>13987.107489540023</Quantity>
				</IRP_Roadef_Challenge_Operation_>
				<IRP_Roadef_Challenge_Operation_>
					<point>131</point>
					<arrival>7237</arrival>
					<Quantity>190.47619642313899</Quantity>
				</IRP_Roadef_Challenge_Operation_>
				<IRP_Roadef_Challenge_Operation_>
					<point>272</point>
					<arrival>7267</arrival>
					<Quantity>1740.9361600000002</Quantity>
				</IRP_Roadef_Challenge_Operation_>
				<IRP_Roadef_Challenge_Operation_>
					<point>141</point>
					<arrival>7300</arrival>
					<Quantity>2892.8572331764299</Quantity>
				</IRP_Roadef_Challenge_Operation_>
				<IRP_Roadef_Challenge_Operation_>
					<point>1</point>
					<arrival>7383</arrival>
					<Quantity>-21290.4770791396</Quantity>
				</IRP_Roadef_Challenge_Operation_>
				<IRP_Roadef_Challenge_Operation_>
					<point>7</point>
					<arrival>7596</arrival>
					<Quantity>15563.294308884513</Quantity>
				</IRP_Roadef_Challenge_Operation_>
				<IRP_Roadef_Challenge_Operation_>
					<point>56</point>
					<arrival>7680</arrival>
					<Quantity>5727.1827702550872</Quantity>
				</IRP_Roadef_Challenge_Operation_>
				<IRP_Roadef_Challenge_Operation_>
					<point>1</point>
					<arrival>7845</arrival>
					<Quantity>-21290.4770791396</Quantity>
				</IRP_Roadef_Challenge_Operation_>
			</operations>
		</IRP_Roadef_Challenge_Shift_>
		<IRP_Roadef_Challenge_Shift_>
			<index>40</index>
			<driver>3</driver>
			<trailer>13</trailer>
			<start>7310</start>
			<operations>
				<IRP_Roadef_Challenge_Operation_>
					<point>1</point>
					<arrival>7313</arrival>
					<Quantity>-23095.7152497282</Quantity>
				</IRP_Roadef_Challenge_Operation_>
				<IRP_Roadef_Challenge_Operation_>
					<point>168</point>
					<arrival>7504</arrival>
					<Quantity>16798.817463715433</Quantity>
				</IRP_Roadef_Challenge_Operation_>
				<IRP_Roadef_Challenge_Operation_>
					<point>228</point>
					<arrival>7610</arrival>
					<Quantity>1049.2175999999999</Quantity>
				</IRP_Roadef_Challenge_Operation_>
				<IRP_Roadef_Challenge_Operation_>
					<point>61</point>
					<arrival>7680</arrival>
					<Quantity>5247.6801860127562</Quantity>
				</IRP_Roadef_Challenge_Operation_>
			</operations>
		</IRP_Roadef_Challenge_Shift_>
		<IRP_Roadef_Challenge_Shift_>
			<index>41</index>
			<driver>1</driver>
			<trailer>9</trailer>
			<start>7369</start>
			<operations>
				<IRP_Roadef_Challenge_Operation_>
					<point>1</point>
					<arrival>7372</arrival>
					<Quantity>-21484.762801534798</Quantity>
				</IRP_Roadef_Challenge_Operation_>
				<IRP_Roadef_Challenge_Operation_>
					<point>101</point>
					<arrival>7514</arrival>
					<Quantity>20763.625660927988</Quantity>
				</IRP_Roadef_Challenge_Operation_>
			</operations>
		</IRP_Roadef_Challenge_Shift_>
		<IRP_Roadef_Challenge_Shift_>
			<index>42</index>
			<driver>4</driver>
			<trailer>10</trailer>
			<start>7387</start>
			<operations>
				<IRP_Roadef_Challenge_Operation_>
					<point>166</point>
					<arrival>7447</arrival>
					<Quantity>6171.2425651834055</Quantity>
				</IRP_Roadef_Challenge_Operation_>
				<IRP_Roadef_Challenge_Operation_>
					<point>160</point>
					<arrival>7477</arrival>
					<Quantity>1841.1999999999985</Quantity>
				</IRP_Roadef_Challenge_Operation_>
				<IRP_Roadef_Challenge_Operation_>
					<point>86</point>
					<arrival>7560</arrival>
					<Quantity>6487.3051128387515</Quantity>
				</IRP_Roadef_Challenge_Operation_>
				<IRP_Roadef_Challenge_Operation_>
					<point>278</point>
					<arrival>7590</arrival>
					<Quantity>4637.1996704101748</Quantity>
				</IRP_Roadef_Challenge_Operation_>
			</operations>
		</IRP_Roadef_Challenge_Shift_>
		<IRP_Roadef_Challenge_Shift_>
			<index>43</index>
			<driver>0</driver>
			<trailer>5</trailer>
			<start>7440</start>
			<operations>
				<IRP_Roadef_Challenge_Operation_>
					<point>1</point>
					<arrival>7443</arrival>
					<Quantity>-4857.1430598797497</Quantity>
				</IRP_Roadef_Challenge_Operation_>
				<IRP_Roadef_Challenge_Operation_>
					<point>45</point>
					<arrival>7565</arrival>
					<Quantity>1069.5202800000009</Quantity>
				</IRP_Roadef_Challenge_Operation_>
				<IRP_Roadef_Challenge_Operation_>
					<point>289</point>
					<arrival>7604</arrival>
					<Quantity>1198.9200000000003</Quantity>
				</IRP_Roadef_Challenge_Operation_>
				<IRP_Roadef_Challenge_Operation_>
					<point>71</point>
					<arrival>7650</arrival>
					<Quantity>2588.7027798797481</Quantity>
				</IRP_Roadef_Challenge_Operation_>
			</operations>
		</IRP_Roadef_Challenge_Shift_>
		<IRP_Roadef_Challenge_Shift_>
			<index>44</index>
			<driver>12</driver>
			<trailer>1</trailer>
			<start>7548</start>
			<operations>
				<IRP_Roadef_Challenge_Operation_>
					<point>1</point>
					<arrival>7551</arrival>
					<Quantity>-22261.905691115498</Quantity>
				</IRP_Roadef_Challenge_Operation_>
				<IRP_Roadef_Challenge_Operation_>
					<point>198</point>
					<arrival>7713</arrival>
					<Quantity>1185.9550209045369</Quantity>
				</IRP_Roadef_Challenge_Operation_>
				<IRP_Roadef_Challenge_Operation_>
					<point>31</point>
					<arrival>7779</arrival>
					<Quantity>20582.892115815062</Quantity>
				</IRP_Roadef_Challenge_Operation_>
				<IRP_Roadef_Challenge_Operation_>
					<point>1</point>
					<arrival>7947</arrival>
					<Quantity>-21768.847136719596</Quantity>
				</IRP_Roadef_Challenge_Operation_>
				<IRP_Roadef_Challenge_Operation_>
					<point>312</point>
					<arrival>8048</arrival>
					<Quantity>1159.5</Quantity>
				</IRP_Roadef_Challenge_Operation_>
				<IRP_Roadef_Challenge_Operation_>
					<point>219</point>
					<arrival>8122</arrival>
					<Quantity>15337.000756041656</Quantity>
				</IRP_Roadef_Challenge_Operation_>
				<IRP_Roadef_Challenge_Operation_>
					<point>174</point>
					<arrival>8182</arrival>
					<Quantity>2178.6049350738522</Quantity>
				</IRP_Roadef_Challenge_Operation_>
				<IRP_Roadef_Challenge_Operation_>
					<point>72</point>
					<arrival>8249</arrival>
					<Quantity>3586.7999999999956</Quantity>
				</IRP_Roadef_Challenge_Operation_>
				<IRP_Roadef_Challenge_Operation_>
					<point>1</point>
					<arrival>8324</arrival>
					<Quantity>-22261.905691115498</Quantity>
				</IRP_Roadef_Challenge_Operation_>
			</operations>
		</IRP_Roadef_Challenge_Shift_>
		<IRP_Roadef_Challenge_Shift_>
			<index>45</index>
			<driver>5</driver>
			<trailer>8</trailer>
			<start>7555</start>
			<operations>
				<IRP_Roadef_Challenge_Operation_>
					<point>287</point>
					<arrival>7680</arrival>
					<Quantity>552.34562183350499</Quantity>
				</IRP_Roadef_Challenge_Operation_>
				<IRP_Roadef_Challenge_Operation_>
					<point>127</point>
					<arrival>7712</arrival>
					<Quantity>19847.655229661508</Quantity>
				</IRP_Roadef_Challenge_Operation_>
				<IRP_Roadef_Challenge_Operation_>
					<point>1</point>
					<arrival>7902</arrival>
					<Quantity>-20400.000851494999</Quantity>
				</IRP_Roadef_Challenge_Operation_>
				<IRP_Roadef_Challenge_Operation_>
					<point>88</point>
					<arrival>8010</arrival>
					<Quantity>20400.000851494984</Quantity>
				</IRP_Roadef_Challenge_Operation_>
			</operations>
		</IRP_Roadef_Challenge_Shift_>
		<IRP_Roadef_Challenge_Shift_>
			<index>46</index>
			<driver>7</driver>
			<trailer>12</trailer>
			<start>7770</start>
			<operations>
				<IRP_Roadef_Challenge_Operation_>
					<point>223</point>
					<arrival>7889</arrival>
					<Quantity>1599.5432399999918</Quantity>
				</IRP_Roadef_Challenge_Operation_>
				<IRP_Roadef_Challenge_Operation_>
					<point>115</point>
					<arrival>7959</arrival>
					<Quantity>15288.99914850498</Quantity>
				</IRP_Roadef_Challenge_Operation_>
				<IRP_Roadef_Challenge_Operation_>
					<point>203</point>
					<arrival>8030</arrival>
					<Quantity>3376.3156159839091</Quantity>
				</IRP_Roadef_Challenge_Operation_>
				<IRP_Roadef_Challenge_Operation_>
					<point>13</point>
					<arrival>8184</arrival>
					<Quantity>378</Quantity>
				</IRP_Roadef_Challenge_Operation_>
				<IRP_Roadef_Challenge_Operation_>
					<point>1</point>
					<arrival>8330</arrival>
					<Quantity>-20642.858004488899</Quantity>
				</IRP_Roadef_Challenge_Operation_>
			</operations>
		</IRP_Roadef_Challenge_Shift_>
		<IRP_Roadef_Challenge_Shift_>
			<index>47</index>
			<driver>6</driver>
			<trailer>4</trailer>
			<start>7853</start>
			<operations>
				<IRP_Roadef_Challenge_Operation_>
					<point>18</point>
					<arrival>8048</arrival>
					<Quantity>4904.6999999999907</Quantity>
				</IRP_Roadef_Challenge_Operation_>
				<IRP_Roadef_Challenge_Operation_>
					<point>77</point>
					<arrival>8129</arrival>
					<Quantity>13797.299999999992</Quantity>
				</IRP_Roadef_Challenge_Operation_>
			</operations>
		</IRP_Roadef_Challenge_Shift_>
		<IRP_Roadef_Challenge_Shift_>
			<index>48</index>
			<driver>10</driver>
			<trailer>7</trailer>
			<start>7932</start>
			<operations>
				<IRP_Roadef_Challenge_Operation_>
					<point>1</point>
					<arrival>7935</arrival>
					<Quantity>-20983.667542523799</Quantity>
				</IRP_Roadef_Challenge_Operation_>
				<IRP_Roadef_Challenge_Operation_>
					<point>206</point>
					<arrival>8189</arrival>
					<Quantity>1521.1581668716412</Quantity>
				</IRP_Roadef_Challenge_Operation_>
				<IRP_Roadef_Challenge_Operation_>
					<point>268</point>
					<arrival>8301</arrival>
					<Quantity>12200.509375652196</Quantity>
				</IRP_Roadef_Challenge_Operation_>
				<IRP_Roadef_Challenge_Operation_>
					<point>273</point>
					<arrival>8395</arrival>
					<Quantity>5259.3999999999978</Quantity>
				</IRP_Roadef_Challenge_Operation_>
				<IRP_Roadef_Challenge_Operation_>
					<point>107</point>
					<arrival>8449</arrival>
					<Quantity>2002.5999999999894</Quantity>
				</IRP_Roadef_Challenge_Operation_>
			</operations>
		</IRP_Roadef_Challenge_Shift_>
		<IRP_Roadef_Challenge_Shift_>
			<index>49</index>
			<driver>8</driver>
			<trailer>0</trailer>
			<start>8034</start>
			<operations>
				<IRP_Roadef_Challenge_Operation_>
					<point>1</point>
					<arrival>8037</arrival>
					<Quantity>-6035.5693655204814</Quantity>
				</IRP_Roadef_Challenge_Operation_>
				<IRP_Roadef_Challenge_Operation_>
					<point>199</point>
					<arrival>8236</arrival>
					<Quantity>5265.5114425659203</Quantity>
				</IRP_Roadef_Challenge_Operation_>
				<IRP_Roadef_Challenge_Operation_>
					<point>109</point>
					<arrival>8309</arrival>
					<Quantity>1464.2091599999999</Quantity>
				</IRP_Roadef_Challenge_Operation_>
			</operations>
		</IRP_Roadef_Challenge_Shift_>
		<IRP_Roadef_Challenge_Shift_>
			<index>50</index>
			<driver>2</driver>
			<trailer>3</trailer>
			<start>8226</start>
			<operations>
				<IRP_Roadef_Challenge_Operation_>
					<point>1</point>
					<arrival>8229</arrival>
					<Quantity>-26876.1915980013</Quantity>
				</IRP_Roadef_Challenge_Operation_>
				<IRP_Roadef_Challenge_Operation_>
					<point>123</point>
					<arrival>8438</arrival>
					<Quantity>26876.1915980013</Quantity>
				</IRP_Roadef_Challenge_Operation_>
			</operations>
		</IRP_Roadef_Challenge_Shift_>
		<IRP_Roadef_Challenge_Shift_>
			<index>51</index>
			<driver>0</driver>
			<trailer>5</trailer>
			<start>8446</start>
			<operations>
				<IRP_Roadef_Challenge_Operation_>
					<point>1</point>
					<arrival>8449</arrival>
					<Quantity>-4857.1430598797497</Quantity>
				</IRP_Roadef_Challenge_Operation_>
				<IRP_Roadef_Challenge_Operation_>
					<point>138</point>
					<arrival>8569</arrival>
					<Quantity>1684.4999999999918</Quantity>
				</IRP_Roadef_Challenge_Operation_>
				<IRP_Roadef_Challenge_Operation_>
					<point>22</point>
					<arrival>8605</arrival>
					<Quantity>3172.643059879756</Quantity>
				</IRP_Roadef_Challenge_Operation_>
				<IRP_Roadef_Challenge_Operation_>
					<point>1</point>
					<arrival>8739</arrival>
					<Quantity>-4857.1430598797497</Quantity>
				</IRP_Roadef_Challenge_Operation_>
				<IRP_Roadef_Challenge_Operation_>
					<point>180</point>
					<arrival>8848</arrival>
					<Quantity>2045.6230598797483</Quantity>
				</IRP_Roadef_Challenge_Operation_>
				<IRP_Roadef_Challenge_Operation_>
					<point>126</point>
					<arrival>8891</arrival>
					<Quantity>2406</Quantity>
				</IRP_Roadef_Challenge_Operation_>
				<IRP_Roadef_Challenge_Operation_>
					<point>170</point>
					<arrival>8948</arrival>
					<Quantity>405.51999999999998</Quantity>
				</IRP_Roadef_Challenge_Operation_>
				<IRP_Roadef_Challenge_Operation_>
					<point>1</point>
					<arrival>9006</arrival>
					<Quantity>-4857.1430598797497</Quantity>
				</IRP_Roadef_Challenge_Operation_>
			</operations>
		</IRP_Roadef_Challenge_Shift_>
		<IRP_Roadef_Challenge_Shift_>
			<index>52</index>
			<driver>1</driver>
			<trailer>9</trailer>
			<start>8474</start>
			<operations>
				<IRP_Roadef_Challenge_Operation_>
					<point>1</point>
					<arrival>8477</arrival>
					<Quantity>-20763.625660927988</Quantity>
				</IRP_Roadef_Challenge_Operation_>
				<IRP_Roadef_Challenge_Operation_>
					<point>16</point>
					<arrival>8594</arrival>
					<Quantity>21484.762801534798</Quantity>
				</IRP_Roadef_Challenge_Operation_>
			</operations>
		</IRP_Roadef_Challenge_Shift_>
		<IRP_Roadef_Challenge_Shift_>
			<index>53</index>
			<driver>3</driver>
			<trailer>13</trailer>
			<start>8776</start>
			<operations>
				<IRP_Roadef_Challenge_Operation_>
					<point>1</point>
					<arrival>8779</arrival>
					<Quantity>-23095.7152497282</Quantity>
				</IRP_Roadef_Challenge_Operation_>
				<IRP_Roadef_Challenge_Operation_>
					<point>20</point>
					<arrival>9055</arrival>
					<Quantity>7261.3510704145629</Quantity>
				</IRP_Roadef_Challenge_Operation_>
				<IRP_Roadef_Challenge_Operation_>
					<point>204</point>
					<arrival>9189</arrival>
					<Quantity>2035.9999999999973</Quantity>
				</IRP_Roadef_Challenge_Operation_>
				<IRP_Roadef_Challenge_Operation_>
					<point>276</point>
					<arrival>9285</arrival>
					<Quantity>5026.5347199999815</Quantity>
				</IRP_Roadef_Challenge_Operation_>
				<IRP_Roadef_Challenge_Operation_>
					<point>248</point>
					<arrival>9328</arrival>
					<Quantity>485.10000000000002</Quantity>
				</IRP_Roadef_Challenge_Operation_>
				<IRP_Roadef_Challenge_Operation_>
					<point>195</point>
					<arrival>9420</arrival>
					<Quantity>4518.8721988184188</Quantity>
				</IRP_Roadef_Challenge_Operation_>
				<IRP_Roadef_Challenge_Operation_>
					<point>168</point>
					<arrival>10239</arrival>
					<Quantity>3767.8572604952301</Quantity>
				</IRP_Roadef_Challenge_Operation_>
				<IRP_Roadef_Challenge_Operation_>
					<point>1</point>
					<arrival>10400</arrival>
					<Quantity>-23095.7152497282</Quantity>
				</IRP_Roadef_Challenge_Operation_>
			</operations>
		</IRP_Roadef_Challenge_Shift_>
		<IRP_Roadef_Challenge_Shift_>
			<index>54</index>
			<driver>4</driver>
			<trailer>14</trailer>
			<start>8852</start>
			<operations>
				<IRP_Roadef_Challenge_Operation_>
					<point>92</point>
					<arrival>8920</arrival>
					<Quantity>3241.4819199999997</Quantity>
				</IRP_Roadef_Challenge_Operation_>
				<IRP_Roadef_Challenge_Operation_>
					<point>220</point>
					<arrival>8966</arrival>
					<Quantity>180.59999999999999</Quantity>
				</IRP_Roadef_Challenge_Operation_>
				<IRP_Roadef_Challenge_Operation_>
					<point>53</point>
					<arrival>9008</arrival>
					<Quantity>202.10400000000001</Quantity>
				</IRP_Roadef_Challenge_Operation_>
				<IRP_Roadef_Challenge_Operation_>
					<point>213</point>
					<arrival>9060</arrival>
					<Quantity>1232.9571398797502</Quantity>
				</IRP_Roadef_Challenge_Operation_>
				<IRP_Roadef_Challenge_Operation_>
					<point>1</point>
					<arrival>9134</arrival>
					<Quantity>-4857.1430598797497</Quantity>
				</IRP_Roadef_Challenge_Operation_>
				<IRP_Roadef_Challenge_Operation_>
					<point>34</point>
					<arrival>9288</arrival>
					<Quantity>604.69999999999823</Quantity>
				</IRP_Roadef_Challenge_Operation_>
				<IRP_Roadef_Challenge_Operation_>
					<point>286</point>
					<arrival>9341</arrival>
					<Quantity>3295.3820619549451</Quantity>
				</IRP_Roadef_Challenge_Operation_>
				<IRP_Roadef_Challenge_Operation_>
					<point>153</point>
					<arrival>9385</arrival>
					<Quantity>788.64099792480397</Quantity>
				</IRP_Roadef_Challenge_Operation_>
				<IRP_Roadef_Challenge_Operation_>
					<point>325</point>
					<arrival>9420</arrival>
					<Quantity>168.41999999999999</Quantity>
				</IRP_Roadef_Challenge_Operation_>
			</operations>
		</IRP_Roadef_Challenge_Shift_>
		<IRP_Roadef_Challenge_Shift_>
			<index>55</index>
			<driver>11</driver>
			<trailer>6</trailer>
			<start>8919</start>
			<operations>
				<IRP_Roadef_Challenge_Operation_>
					<point>316</point>
					<arrival>8969</arrival>
					<Quantity>3355.333954134825</Quantity>
				</IRP_Roadef_Challenge_Operation_>
				<IRP_Roadef_Challenge_Operation_>
					<point>88</point>
					<arrival>9060</arrival>
					<Quantity>15914.881822226034</Quantity>
				</IRP_Roadef_Challenge_Operation_>
				<IRP_Roadef_Challenge_Operation_>
					<point>50</point>
					<arrival>9159</arrival>
					<Quantity>1442.5481547546337</Quantity>
				</IRP_Roadef_Challenge_Operation_>
				<IRP_Roadef_Challenge_Operation_>
					<point>230</point>
					<arrival>9189</arrival>
					<Quantity>1549.1417600000002</Quantity>
				</IRP_Roadef_Challenge_Operation_>
				<IRP_Roadef_Challenge_Operation_>
					<point>1</point>
					<arrival>9252</arrival>
					<Quantity>-22261.905691115498</Quantity>
				</IRP_Roadef_Challenge_Operation_>
				<IRP_Roadef_Challenge_Operation_>
					<point>23</point>
					<arrival>9348</arrival>
					<Quantity>5102.7034718190844</Quantity>
				</IRP_Roadef_Challenge_Operation_>
				<IRP_Roadef_Challenge_Operation_>
					<point>281</point>
					<arrival>9407</arrival>
					<Quantity>17159.202219296418</Quantity>
				</IRP_Roadef_Challenge_Operation_>
			</operations>
		</IRP_Roadef_Challenge_Shift_>
		<IRP_Roadef_Challenge_Shift_>
			<index>56</index>
			<driver>6</driver>
			<trailer>4</trailer>
			<start>9078</start>
			<operations>
				<IRP_Roadef_Challenge_Operation_>
					<point>1</point>
					<arrival>9081</arrival>
					<Quantity>-18701.999999999985</Quantity>
				</IRP_Roadef_Challenge_Operation_>
				<IRP_Roadef_Challenge_Operation_>
					<point>139</point>
					<arrival>9198</arrival>
					<Quantity>4242.9486803067557</Quantity>
				</IRP_Roadef_Challenge_Operation_>
				<IRP_Roadef_Challenge_Operation_>
					<point>194</point>
					<arrival>9229</arrival>
					<Quantity>4761.9049105784798</Quantity>
				</IRP_Roadef_Challenge_Operation_>
				<IRP_Roadef_Challenge_Operation_>
					<point>38</point>
					<arrival>9278</arrival>
					<Quantity>11071.337723284367</Quantity>
				</IRP_Roadef_Challenge_Operation_>
			</operations>
		</IRP_Roadef_Challenge_Shift_>
		<IRP_Roadef_Challenge_Shift_>
			<index>57</index>
			<driver>7</driver>
			<trailer>12</trailer>
			<start>9113</start>
			<operations>
				<IRP_Roadef_Challenge_Operation_>
					<point>40</point>
					<arrival>9239</arrival>
					<Quantity>2325.0000725899399</Quantity>
				</IRP_Roadef_Challenge_Operation_>
				<IRP_Roadef_Challenge_Operation_>
					<point>119</point>
					<arrival>9334</arrival>
					<Quantity>237.90000000000236</Quantity>
				</IRP_Roadef_Challenge_Operation_>
				<IRP_Roadef_Challenge_Operation_>
					<point>323</point>
					<arrival>9382</arrival>
					<Quantity>18079.957931898949</Quantity>
				</IRP_Roadef_Challenge_Operation_>
			</operations>
		</IRP_Roadef_Challenge_Shift_>
		<IRP_Roadef_Challenge_Shift_>
			<index>58</index>
			<driver>1</driver>
			<trailer>9</trailer>
			<start>9397</start>
			<operations>
				<IRP_Roadef_Challenge_Operation_>
					<point>1</point>
					<arrival>9400</arrival>
					<Quantity>-21484.762801534824</Quantity>
				</IRP_Roadef_Challenge_Operation_>
			</operations>
		</IRP_Roadef_Challenge_Shift_>
		<IRP_Roadef_Challenge_Shift_>
			<index>59</index>
			<driver>2</driver>
			<trailer>3</trailer>
			<start>9430</start>
			<operations>
				<IRP_Roadef_Challenge_Operation_>
					<point>1</point>
					<arrival>9433</arrival>
					<Quantity>-26876.1915980013</Quantity>
				</IRP_Roadef_Challenge_Operation_>
				<IRP_Roadef_Challenge_Operation_>
					<point>234</point>
					<arrival>9587</arrival>
					<Quantity>26876.1915980013</Quantity>
				</IRP_Roadef_Challenge_Operation_>
			</operations>
		</IRP_Roadef_Challenge_Shift_>
		<IRP_Roadef_Challenge_Shift_>
			<index>60</index>
			<driver>8</driver>
			<trailer>0</trailer>
			<start>9599</start>
			<operations>
				<IRP_Roadef_Challenge_Operation_>
					<point>1</point>
					<arrival>9602</arrival>
					<Quantity>-6729.7206025659216</Quantity>
				</IRP_Roadef_Challenge_Operation_>
				<IRP_Roadef_Challenge_Operation_>
					<point>100</point>
					<arrival>9725</arrival>
					<Quantity>2892.7832811570479</Quantity>
				</IRP_Roadef_Challenge_Operation_>
				<IRP_Roadef_Challenge_Operation_>
					<point>165</point>
					<arrival>9780</arrival>
					<Quantity>4231.0265399999271</Quantity>
				</IRP_Roadef_Challenge_Operation_>
			</operations>
		</IRP_Roadef_Challenge_Shift_>
		<IRP_Roadef_Challenge_Shift_>
			<index>61</index>
			<driver>10</driver>
			<trailer>7</trailer>
			<start>9844</start>
			<operations>
				<IRP_Roadef_Challenge_Operation_>
					<point>1</point>
					<arrival>9847</arrival>
					<Quantity>-20983.667542523799</Quantity>
				</IRP_Roadef_Challenge_Operation_>
				<IRP_Roadef_Challenge_Operation_>
					<point>68</point>
					<arrival>9934</arrival>
					<Quantity>20000</Quantity>
				</IRP_Roadef_Challenge_Operation_>
				<IRP_Roadef_Challenge_Operation_>
					<point>78</point>
					<arrival>10014</arrival>
					<Quantity>737.59999999999991</Quantity>
				</IRP_Roadef_Challenge_Operation_>
				<IRP_Roadef_Challenge_Operation_>
					<point>1</point>
					<arrival>10057</arrival>
					<Quantity>-20737.600000000006</Quantity>
				</IRP_Roadef_Challenge_Operation_>
			</operations>
		</IRP_Roadef_Challenge_Shift_>
		<IRP_Roadef_Challenge_Shift_>
			<index>62</index>
			<driver>6</driver>
			<trailer>4</trailer>
			<start>10100</start>
			<operations>
				<IRP_Roadef_Challenge_Operation_>
					<point>1</point>
					<arrival>10103</arrival>
					<Quantity>-20076.191314169599</Quantity>
				</IRP_Roadef_Challenge_Operation_>
			</operations>
		</IRP_Roadef_Challenge_Shift_>
		<IRP_Roadef_Challenge_Shift_>
			<index>63</index>
			<driver>5</driver>
			<trailer>8</trailer>
			<start>10210</start>
			<operations>
				<IRP_Roadef_Challenge_Operation_>
					<point>1</point>
					<arrival>10213</arrival>
					<Quantity>-20400.000851494999</Quantity>
				</IRP_Roadef_Challenge_Operation_>
				<IRP_Roadef_Challenge_Operation_>
					<point>46</point>
					<arrival>10324</arrival>
					<Quantity>5108.0100414464214</Quantity>
				</IRP_Roadef_Challenge_Operation_>
				<IRP_Roadef_Challenge_Operation_>
					<point>277</point>
					<arrival>10456</arrival>
					<Quantity>15291.99081004857</Quantity>
				</IRP_Roadef_Challenge_Operation_>
			</operations>
		</IRP_Roadef_Challenge_Shift_>
		<IRP_Roadef_Challenge_Shift_>
			<index>64</index>
			<driver>2</driver>
			<trailer>3</trailer>
			<start>10461</start>
			<operations>
				<IRP_Roadef_Challenge_Operation_>
					<point>1</point>
					<arrival>10464</arrival>
					<Quantity>-26876.1915980013</Quantity>
				</IRP_Roadef_Challenge_Operation_>
				<IRP_Roadef_Challenge_Operation_>
					<point>88</point>
					<arrival>10572</arrival>
					<Quantity>18142.599999999962</Quantity>
				</IRP_Roadef_Challenge_Operation_>
				<IRP_Roadef_Challenge_Operation_>
					<point>241</point>
					<arrival>10669</arrival>
					<Quantity>8733.5915980013233</Quantity>
				</IRP_Roadef_Challenge_Operation_>
				<IRP_Roadef_Challenge_Operation_>
					<point>1</point>
					<arrival>10751</arrival>
					<Quantity>-26876.1915980013</Quantity>
				</IRP_Roadef_Challenge_Operation_>
			</operations>
		</IRP_Roadef_Challenge_Shift_>
		<IRP_Roadef_Challenge_Shift_>
			<index>65</index>
			<driver>0</driver>
			<trailer>5</trailer>
			<start>10484</start>
			<operations>
				<IRP_Roadef_Challenge_Operation_>
					<point>192</point>
					<arrival>10500</arrival>
					<Quantity>2712.5</Quantity>
				</IRP_Roadef_Challenge_Operation_>
				<IRP_Roadef_Challenge_Operation_>
					<point>185</point>
					<arrival>10530</arrival>
					<Quantity>2144.6430598797451</Quantity>
				</IRP_Roadef_Challenge_Operation_>
			</operations>
		</IRP_Roadef_Challenge_Shift_>
		<IRP_Roadef_Challenge_Shift_>
			<index>66</index>
			<driver>1</driver>
			<trailer>9</trailer>
			<start>10576</start>
			<operations>
				<IRP_Roadef_Challenge_Operation_>
					<point>134</point>
					<arrival>10590</arrival>
					<Quantity>8688.2999999999483</Quantity>
				</IRP_Roadef_Challenge_Operation_>
				<IRP_Roadef_Challenge_Operation_>
					<point>1</point>
					<arrival>10666</arrival>
					<Quantity>-8688.2999999999447</Quantity>
				</IRP_Roadef_Challenge_Operation_>
				<IRP_Roadef_Challenge_Operation_>
					<point>142</point>
					<arrival>10772</arrival>
					<Quantity>5889.0203853437124</Quantity>
				</IRP_Roadef_Challenge_Operation_>
				<IRP_Roadef_Challenge_Operation_>
					<point>181</point>
					<arrival>10941</arrival>
					<Quantity>14005.889815330498</Quantity>
				</IRP_Roadef_Challenge_Operation_>
				<IRP_Roadef_Challenge_Operation_>
					<point>76</point>
					<arrival>11048</arrival>
					<Quantity>1589.8526008606027</Quantity>
				</IRP_Roadef_Challenge_Operation_>
			</operations>
		</IRP_Roadef_Challenge_Shift_>
		<IRP_Roadef_Challenge_Shift_>
			<index>67</index>
			<driver>7</driver>
			<trailer>12</trailer>
			<start>10757</start>
			<operations>
				<IRP_Roadef_Challenge_Operation_>
					<point>1</point>
					<arrival>10760</arrival>
					<Quantity>-20642.858004488899</Quantity>
				</IRP_Roadef_Challenge_Operation_>
				<IRP_Roadef_Challenge_Operation_>
					<point>218</point>
					<arrival>10892</arrival>
					<Quantity>3086.7525867462209</Quantity>
				</IRP_Roadef_Challenge_Operation_>
				<IRP_Roadef_Challenge_Operation_>
					<point>73</point>
					<arrival>10953</arrival>
					<Quantity>1423.6334063720726</Quantity>
				</IRP_Roadef_Challenge_Operation_>
				<IRP_Roadef_Challenge_Operation_>
					<point>97</point>
					<arrival>11035</arrival>
					<Quantity>2231.1286621093855</Quantity>
				</IRP_Roadef_Challenge_Operation_>
				<IRP_Roadef_Challenge_Operation_>
					<point>52</point>
					<arrival>11069</arrival>
					<Quantity>8583.2899999999972</Quantity>
				</IRP_Roadef_Challenge_Operation_>
				<IRP_Roadef_Challenge_Operation_>
					<point>5</point>
					<arrival>11123</arrival>
					<Quantity>3537.5</Quantity>
				</IRP_Roadef_Challenge_Operation_>
				<IRP_Roadef_Challenge_Operation_>
					<point>58</point>
					<arrival>11162</arrival>
					<Quantity>1163.6999999999994</Quantity>
				</IRP_Roadef_Challenge_Operation_>
				<IRP_Roadef_Challenge_Operation_>
					<point>154</point>
					<arrival>11192</arrival>
					<Quantity>466</Quantity>
				</IRP_Roadef_Challenge_Operation_>
				<IRP_Roadef_Challenge_Operation_>
					<point>1</point>
					<arrival>11269</arrival>
					<Quantity>-20492.004655227654</Quantity>
				</IRP_Roadef_Challenge_Operation_>
			</operations>
		</IRP_Roadef_Challenge_Shift_>
		<IRP_Roadef_Challenge_Shift_>
			<index>68</index>
			<driver>10</driver>
			<trailer>7</trailer>
			<start>10841</start>
			<operations>
				<IRP_Roadef_Challenge_Operation_>
					<point>28</point>
					<arrival>10951</arrival>
					<Quantity>708.33335544854901</Quantity>
				</IRP_Roadef_Challenge_Operation_>
				<IRP_Roadef_Challenge_Operation_>
					<point>268</point>
					<arrival>11061</arrival>
					<Quantity>7693.700000000008</Quantity>
				</IRP_Roadef_Challenge_Operation_>
				<IRP_Roadef_Challenge_Operation_>
					<point>31</point>
					<arrival>11149</arrival>
					<Quantity>12581.634187075255</Quantity>
				</IRP_Roadef_Challenge_Operation_>
				<IRP_Roadef_Challenge_Operation_>
					<point>1</point>
					<arrival>11317</arrival>
					<Quantity>-20983.667542523799</Quantity>
				</IRP_Roadef_Challenge_Operation_>
				<IRP_Roadef_Challenge_Operation_>
					<point>209</point>
					<arrival>11418</arrival>
					<Quantity>12309.834553796041</Quantity>
				</IRP_Roadef_Challenge_Operation_>
				<IRP_Roadef_Challenge_Operation_>
					<point>316</point>
					<arrival>11465</arrival>
					<Quantity>3460.3329887277505</Quantity>
				</IRP_Roadef_Challenge_Operation_>
				<IRP_Roadef_Challenge_Operation_>
					<point>243</point>
					<arrival>11539</arrival>
					<Quantity>5213.4999999999964</Quantity>
				</IRP_Roadef_Challenge_Operation_>
			</operations>
		</IRP_Roadef_Challenge_Shift_>
		<IRP_Roadef_Challenge_Shift_>
			<index>69</index>
			<driver>11</driver>
			<trailer>6</trailer>
			<start>10903</start>
			<operations>
				<IRP_Roadef_Challenge_Operation_>
					<point>1</point>
					<arrival>10906</arrival>
					<Quantity>-22261.905691115498</Quantity>
				</IRP_Roadef_Challenge_Operation_>
				<IRP_Roadef_Challenge_Operation_>
					<point>143</point>
					<arrival>11009</arrival>
					<Quantity>11689.389039999998</Quantity>
				</IRP_Roadef_Challenge_Operation_>
				<IRP_Roadef_Challenge_Operation_>
					<point>318</point>
					<arrival>11094</arrival>
					<Quantity>10479.733919864926</Quantity>
				</IRP_Roadef_Challenge_Operation_>
			</operations>
		</IRP_Roadef_Challenge_Shift_>
		<IRP_Roadef_Challenge_Shift_>
			<index>70</index>
			<driver>12</driver>
			<trailer>1</trailer>
			<start>11126</start>
			<operations>
				<IRP_Roadef_Challenge_Operation_>
					<point>7</point>
					<arrival>11279</arrival>
					<Quantity>22261.905691115498</Quantity>
				</IRP_Roadef_Challenge_Operation_>
			</operations>
		</IRP_Roadef_Challenge_Shift_>
		<IRP_Roadef_Challenge_Shift_>
			<index>71</index>
			<driver>8</driver>
			<trailer>0</trailer>
			<start>11160</start>
			<operations>
				<IRP_Roadef_Challenge_Operation_>
					<point>1</point>
					<arrival>11163</arrival>
					<Quantity>-7123.8098211569704</Quantity>
				</IRP_Roadef_Challenge_Operation_>
				<IRP_Roadef_Challenge_Operation_>
					<point>289</point>
					<arrival>11282</arrival>
					<Quantity>1627.47</Quantity>
				</IRP_Roadef_Challenge_Operation_>
				<IRP_Roadef_Challenge_Operation_>
					<point>24</point>
					<arrival>11316</arrival>
					<Quantity>1580.9000000000001</Quantity>
				</IRP_Roadef_Challenge_Operation_>
				<IRP_Roadef_Challenge_Operation_>
					<point>2</point>
					<arrival>11370</arrival>
					<Quantity>3759.7000000000016</Quantity>
				</IRP_Roadef_Challenge_Operation_>
			</operations>
		</IRP_Roadef_Challenge_Shift_>
		<IRP_Roadef_Challenge_Shift_>
			<index>72</index>
			<driver>11</driver>
			<trailer>6</trailer>
			<start>11995</start>
			<operations>
				<IRP_Roadef_Challenge_Operation_>
					<point>1</point>
					<arrival>11998</arrival>
					<Quantity>-22169.122959864922</Quantity>
				</IRP_Roadef_Challenge_Operation_>
				<IRP_Roadef_Challenge_Operation_>
					<point>251</point>
					<arrival>12183</arrival>
					<Quantity>7394.1000000000095</Quantity>
				</IRP_Roadef_Challenge_Operation_>
				<IRP_Roadef_Challenge_Operation_>
					<point>40</point>
					<arrival>12215</arrival>
					<Quantity>3467.8997082486867</Quantity>
				</IRP_Roadef_Challenge_Operation_>
				<IRP_Roadef_Challenge_Operation_>
					<point>111</point>
					<arrival>12300</arrival>
					<Quantity>8009.2924228668089</Quantity>
				</IRP_Roadef_Challenge_Operation_>
				<IRP_Roadef_Challenge_Operation_>
					<point>39</point>
					<arrival>12367</arrival>
					<Quantity>3390.6135599999998</Quantity>
				</IRP_Roadef_Challenge_Operation_>
			</operations>
		</IRP_Roadef_Challenge_Shift_>
		<IRP_Roadef_Challenge_Shift_>
			<index>73</index>
			<driver>5</driver>
			<trailer>8</trailer>
			<start>12051</start>
			<operations>
				<IRP_Roadef_Challenge_Operation_>
					<point>1</point>
					<arrival>12054</arrival>
					<Quantity>-20400.000851494999</Quantity>
				</IRP_Roadef_Challenge_Operation_>
				<IRP_Roadef_Challenge_Operation_>
					<point>139</point>
					<arrival>12171</arrival>
					<Quantity>7522.0160891603082</Quantity>
				</IRP_Roadef_Challenge_Operation_>
				<IRP_Roadef_Challenge_Operation_>
					<point>16</point>
					<arrival>12202</arrival>
					<Quantity>12877.98476233469</Quantity>
				</IRP_Roadef_Challenge_Operation_>
			</operations>
		</IRP_Roadef_Challenge_Shift_>
		<IRP_Roadef_Challenge_Shift_>
			<index>74</index>
			<driver>1</driver>
			<trailer>9</trailer>
			<start>12368</start>
			<operations>
				<IRP_Roadef_Challenge_Operation_>
					<point>1</point>
					<arrival>12371</arrival>
					<Quantity>-21484.762801534798</Quantity>
				</IRP_Roadef_Challenge_Operation_>
				<IRP_Roadef_Challenge_Operation_>
					<point>308</point>
					<arrival>12479</arrival>
					<Quantity>21248.397553148359</Quantity>
				</IRP_Roadef_Challenge_Operation_>
			</operations>
		</IRP_Roadef_Challenge_Shift_>
		<IRP_Roadef_Challenge_Shift_>
			<index>75</index>
			<driver>10</driver>
			<trailer>7</trailer>
			<start>12392</start>
			<operations>
				<IRP_Roadef_Challenge_Operation_>
					<point>1</point>
					<arrival>12395</arrival>
					<Quantity>-20983.667542523799</Quantity>
				</IRP_Roadef_Challenge_Operation_>
				<IRP_Roadef_Challenge_Operation_>
					<point>297</point>
					<arrival>12508</arrival>
					<Quantity>7797.3530404931062</Quantity>
				</IRP_Roadef_Challenge_Operation_>
				<IRP_Roadef_Challenge_Operation_>
					<point>132</point>
					<arrival>12548</arrival>
					<Quantity>13186.3145020307</Quantity>
				</IRP_Roadef_Challenge_Operation_>
			</operations>
		</IRP_Roadef_Challenge_Shift_>
		<IRP_Roadef_Challenge_Shift_>
			<index>76</index>
			<driver>12</driver>
			<trailer>1</trailer>
			<start>12395</start>
			<operations>
				<IRP_Roadef_Challenge_Operation_>
					<point>1</point>
					<arrival>12398</arrival>
					<Quantity>-22261.905691115498</Quantity>
				</IRP_Roadef_Challenge_Operation_>
				<IRP_Roadef_Challenge_Operation_>
					<point>265</point>
					<arrival>12660</arrival>
					<Quantity>4014.5609711155121</Quantity>
				</IRP_Roadef_Challenge_Operation_>
				<IRP_Roadef_Challenge_Operation_>
					<point>205</point>
					<arrival>12706</arrival>
					<Quantity>18247.344720000001</Quantity>
				</IRP_Roadef_Challenge_Operation_>
			</operations>
		</IRP_Roadef_Challenge_Shift_>
		<IRP_Roadef_Challenge_Shift_>
			<index>77</index>
			<driver>3</driver>
			<trailer>13</trailer>
			<start>12513</start>
			<operations>
				<IRP_Roadef_Challenge_Operation_>
					<point>121</point>
					<arrival>12539</arrival>
					<Quantity>1472.0374690246622</Quantity>
				</IRP_Roadef_Challenge_Operation_>
				<IRP_Roadef_Challenge_Operation_>
					<point>281</point>
					<arrival>12594</arrival>
					<Quantity>6694.8777807035949</Quantity>
				</IRP_Roadef_Challenge_Operation_>
				<IRP_Roadef_Challenge_Operation_>
					<point>284</point>
					<arrival>12661</arrival>
					<Quantity>14928.799999999959</Quantity>
				</IRP_Roadef_Challenge_Operation_>
				<IRP_Roadef_Challenge_Operation_>
					<point>1</point>
					<arrival>12743</arrival>
					<Quantity>-23095.7152497282</Quantity>
				</IRP_Roadef_Challenge_Operation_>
			</operations>
		</IRP_Roadef_Challenge_Shift_>
		<IRP_Roadef_Challenge_Shift_>
			<index>78</index>
			<driver>9</driver>
			<trailer>11</trailer>
			<start>12694</start>
			<operations>
				<IRP_Roadef_Challenge_Operation_>
					<point>189</point>
					<arrival>12779</arrival>
					<Quantity>21290.4770791396</Quantity>
				</IRP_Roadef_Challenge_Operation_>
				<IRP_Roadef_Challenge_Operation_>
					<point>1</point>
					<arrival>12925</arrival>
					<Quantity>-21290.4770791396</Quantity>
				</IRP_Roadef_Challenge_Operation_>
				<IRP_Roadef_Challenge_Operation_>
					<point>219</point>
					<arrival>13059</arrival>
					<Quantity>21290.4770791396</Quantity>
				</IRP_Roadef_Challenge_Operation_>
			</operations>
		</IRP_Roadef_Challenge_Shift_>
		<IRP_Roadef_Challenge_Shift_>
			<index>79</index>
			<driver>5</driver>
			<trailer>8</trailer>
			<start>13009</start>
			<operations>
				<IRP_Roadef_Challenge_Operation_>
					<point>1</point>
					<arrival>13012</arrival>
					<Quantity>-20400.000851494999</Quantity>
				</IRP_Roadef_Challenge_Operation_>
				<IRP_Roadef_Challenge_Operation_>
					<point>90</point>
					<arrival>13122</arrival>
					<Quantity>13439.068080000001</Quantity>
				</IRP_Roadef_Challenge_Operation_>
				<IRP_Roadef_Challenge_Operation_>
					<point>166</point>
					<arrival>13173</arrival>
					<Quantity>6960.9327714949795</Quantity>
				</IRP_Roadef_Challenge_Operation_>
				<IRP_Roadef_Challenge_Operation_>
					<point>1</point>
					<arrival>13261</arrival>
					<Quantity>-20400.000851494999</Quantity>
				</IRP_Roadef_Challenge_Operation_>
			</operations>
		</IRP_Roadef_Challenge_Shift_>
		<IRP_Roadef_Challenge_Shift_>
			<index>80</index>
			<driver>7</driver>
			<trailer>12</trailer>
			<start>13155</start>
			<operations>
				<IRP_Roadef_Challenge_Operation_>
					<point>58</point>
					<arrival>13201</arrival>
					<Quantity>667.70000000000027</Quantity>
				</IRP_Roadef_Challenge_Operation_>
				<IRP_Roadef_Challenge_Operation_>
					<point>144</point>
					<arrival>13281</arrival>
					<Quantity>19975.158004488861</Quantity>
				</IRP_Roadef_Challenge_Operation_>
				<IRP_Roadef_Challenge_Operation_>
					<point>1</point>
					<arrival>13419</arrival>
					<Quantity>-20642.858004488899</Quantity>
				</IRP_Roadef_Challenge_Operation_>
			</operations>
		</IRP_Roadef_Challenge_Shift_>
		<IRP_Roadef_Challenge_Shift_>
			<index>81</index>
			<driver>2</driver>
			<trailer>3</trailer>
			<start>13854</start>
			<operations>
				<IRP_Roadef_Challenge_Operation_>
					<point>23</point>
					<arrival>13889</arrival>
					<Quantity>4505.3965281809142</Quantity>
				</IRP_Roadef_Challenge_Operation_>
				<IRP_Roadef_Challenge_Operation_>
					<point>281</point>
					<arrival>13948</arrival>
					<Quantity>22207.800000000007</Quantity>
				</IRP_Roadef_Challenge_Operation_>
			</operations>
		</IRP_Roadef_Challenge_Shift_>
		<IRP_Roadef_Challenge_Shift_>
			<index>82</index>
			<driver>6</driver>
			<trailer>4</trailer>
			<start>13871</start>
			<operations>
				<IRP_Roadef_Challenge_Operation_>
					<point>88</point>
					<arrival>13919</arrival>
					<Quantity>20076.191314169599</Quantity>
				</IRP_Roadef_Challenge_Operation_>
				<IRP_Roadef_Challenge_Operation_>
					<point>1</point>
					<arrival>14028</arrival>
					<Quantity>-20076.191314169599</Quantity>
				</IRP_Roadef_Challenge_Operation_>
				<IRP_Roadef_Challenge_Operation_>
					<point>257</point>
					<arrival>14163</arrival>
					<Quantity>6365.8150207519966</Quantity>
				</IRP_Roadef_Challenge_Operation_>
				<IRP_Roadef_Challenge_Operation_>
					<point>255</point>
					<arrival>14195</arrival>
					<Quantity>7848.9000000000087</Quantity>
				</IRP_Roadef_Challenge_Operation_>
				<IRP_Roadef_Challenge_Operation_>
					<point>318</point>
					<arrival>14235</arrival>
					<Quantity>5571.0999999999858</Quantity>
				</IRP_Roadef_Challenge_Operation_>
			</operations>
		</IRP_Roadef_Challenge_Shift_>
		<IRP_Roadef_Challenge_Shift_>
			<index>83</index>
			<driver>12</driver>
			<trailer>1</trailer>
			<start>13932</start>
			<operations>
				<IRP_Roadef_Challenge_Operation_>
					<point>1</point>
					<arrival>13935</arrival>
					<Quantity>-22261.905691115498</Quantity>
				</IRP_Roadef_Challenge_Operation_>
				<IRP_Roadef_Challenge_Operation_>
					<point>41</point>
					<arrival>14051</arrival>
					<Quantity>6709.9004058838145</Quantity>
				</IRP_Roadef_Challenge_Operation_>
				<IRP_Roadef_Challenge_Operation_>
					<point>194</point>
					<arrival>14082</arrival>
					<Quantity>10694.289487157106</Quantity>
				</IRP_Roadef_Challenge_Operation_>
				<IRP_Roadef_Challenge_Operation_>
					<point>241</point>
					<arrival>14129</arrival>
					<Quantity>4857.7157980745833</Quantity>
				</IRP_Roadef_Challenge_Operation_>
			</operations>
		</IRP_Roadef_Challenge_Shift_>
		<IRP_Roadef_Challenge_Shift_>
			<index>84</index>
			<driver>9</driver>
			<trailer>11</trailer>
			<start>14123</start>
			<operations>
				<IRP_Roadef_Challenge_Operation_>
					<point>1</point>
					<arrival>14126</arrival>
					<Quantity>-21290.4770791396</Quantity>
				</IRP_Roadef_Challenge_Operation_>
				<IRP_Roadef_Challenge_Operation_>
					<point>260</point>
					<arrival>14219</arrival>
					<Quantity>2552.2934188842801</Quantity>
				</IRP_Roadef_Challenge_Operation_>
				<IRP_Roadef_Challenge_Operation_>
					<point>272</point>
					<arrival>14274</arrival>
					<Quantity>3456.7638400000014</Quantity>
				</IRP_Roadef_Challenge_Operation_>
				<IRP_Roadef_Challenge_Operation_>
					<point>146</point>
					<arrival>14335</arrival>
					<Quantity>15222.19999999999</Quantity>
				</IRP_Roadef_Challenge_Operation_>
			</operations>
		</IRP_Roadef_Challenge_Shift_>
		<IRP_Roadef_Challenge_Shift_>
			<index>85</index>
			<driver>10</driver>
			<trailer>7</trailer>
			<start>14145</start>
			<operations>
				<IRP_Roadef_Challenge_Operation_>
					<point>1</point>
					<arrival>14148</arrival>
					<Quantity>-20983.667542523799</Quantity>
				</IRP_Roadef_Challenge_Operation_>
				<IRP_Roadef_Challenge_Operation_>
					<point>46</point>
					<arrival>14259</arrival>
					<Quantity>2526.3000000000002</Quantity>
				</IRP_Roadef_Challenge_Operation_>
				<IRP_Roadef_Challenge_Operation_>
					<point>151</point>
					<arrival>14289</arrival>
					<Quantity>18457.367542523789</Quantity>
				</IRP_Roadef_Challenge_Operation_>
			</operations>
		</IRP_Roadef_Challenge_Shift_>
		<IRP_Roadef_Challenge_Shift_>
			<index>86</index>
			<driver>3</driver>
			<trailer>13</trailer>
			<start>14199</start>
			<operations>
				<IRP_Roadef_Challenge_Operation_>
					<point>74</point>
					<arrival>14240</arrival>
					<Quantity>17259.682906930826</Quantity>
				</IRP_Roadef_Challenge_Operation_>
				<IRP_Roadef_Challenge_Operation_>
					<point>142</point>
					<arrival>14283</arrival>
					<Quantity>5514.3077746562794</Quantity>
				</IRP_Roadef_Challenge_Operation_>
			</operations>
		</IRP_Roadef_Challenge_Shift_>
		<IRP_Roadef_Challenge_Shift_>
			<index>87</index>
			<driver>7</driver>
			<trailer>12</trailer>
			<start>14203</start>
			<operations>
				<IRP_Roadef_Challenge_Operation_>
					<point>16</point>
					<arrival>14259</arrival>
					<Quantity>12052.415237665347</Quantity>
				</IRP_Roadef_Challenge_Operation_>
				<IRP_Roadef_Challenge_Operation_>
					<point>141</point>
					<arrival>14315</arrival>
					<Quantity>8590.4427668235767</Quantity>
				</IRP_Roadef_Challenge_Operation_>
			</operations>
		</IRP_Roadef_Challenge_Shift_>
		<IRP_Roadef_Challenge_Shift_>
			<index>88</index>
			<driver>5</driver>
			<trailer>8</trailer>
			<start>14207</start>
			<operations>
				<IRP_Roadef_Challenge_Operation_>
					<point>316</point>
					<arrival>14257</arrival>
					<Quantity>5729.4670112722379</Quantity>
				</IRP_Roadef_Challenge_Operation_>
				<IRP_Roadef_Challenge_Operation_>
					<point>177</point>
					<arrival>14287</arrival>
					<Quantity>7348.7579654790261</Quantity>
				</IRP_Roadef_Challenge_Operation_>
				<IRP_Roadef_Challenge_Operation_>
					<point>103</point>
					<arrival>14317</arrival>
					<Quantity>7321.7758747437292</Quantity>
				</IRP_Roadef_Challenge_Operation_>
			</operations>
		</IRP_Roadef_Challenge_Shift_>
	</Shifts>
</IRP_Roadef_Challenge_Output>
