<?xml version="1.0"?>
<IRP_Roadef_Challenge_Output>
	<Shifts>
		<IRP_Roadef_Challenge_Shift_>
			<index>0</index>
			<driver>2</driver>
			<trailer>1</trailer>
			<start>0</start>
			<operations>
				<IRP_Roadef_Challenge_Operation_>
					<point>46</point>
					<arrival>116</arrival>
					<Quantity>4960.1465104675572</Quantity>
				</IRP_Roadef_Challenge_Operation_>
				<IRP_Roadef_Challenge_Operation_>
					<point>49</point>
					<arrival>370</arrival>
					<Quantity>686.21238809204283</Quantity>
				</IRP_Roadef_Challenge_Operation_>
				<IRP_Roadef_Challenge_Operation_>
					<point>37</point>
					<arrival>450</arrival>
					<Quantity>3558.4315704345727</Quantity>
				</IRP_Roadef_Challenge_Operation_>
				<IRP_Roadef_Challenge_Operation_>
					<point>16</point>
					<arrival>532</arrival>
					<Quantity>4729.7296687753797</Quantity>
				</IRP_Roadef_Challenge_Operation_>
				<IRP_Roadef_Challenge_Operation_>
					<point>12</point>
					<arrival>595</arrival>
					<Quantity>10164.479862230446</Quantity>
				</IRP_Roadef_Challenge_Operation_>
			</operations>
		</IRP_Roadef_Challenge_Shift_>
		<IRP_Roadef_Challenge_Shift_>
			<index>1</index>
			<driver>0</driver>
			<trailer>0</trailer>
			<start>1331</start>
			<operations>
				<IRP_Roadef_Challenge_Operation_>
					<point>45</point>
					<arrival>1467</arrival>
					<Quantity>2844.509999999982</Quantity>
				</IRP_Roadef_Challenge_Operation_>
				<IRP_Roadef_Challenge_Operation_>
					<point>24</point>
					<arrival>1605</arrival>
					<Quantity>1916.9675274658198</Quantity>
				</IRP_Roadef_Challenge_Operation_>
				<IRP_Roadef_Challenge_Operation_>
					<point>18</point>
					<arrival>2458</arrival>
					<Quantity>2236.4447891235413</Quantity>
				</IRP_Roadef_Challenge_Operation_>
				<IRP_Roadef_Challenge_Operation_>
					<point>29</point>
					<arrival>2611</arrival>
					<Quantity>2276.971993005558</Quantity>
				</IRP_Roadef_Challenge_Operation_>
				<IRP_Roadef_Challenge_Operation_>
					<point>28</point>
					<arrival>2674</arrival>
					<Quantity>3922.2826112577586</Quantity>
				</IRP_Roadef_Challenge_Operation_>
				<IRP_Roadef_Challenge_Operation_>
					<point>33</point>
					<arrival>2836</arrival>
					<Quantity>8401.8230791473416</Quantity>
				</IRP_Roadef_Challenge_Operation_>
			</operations>
		</IRP_Roadef_Challenge_Shift_>
		<IRP_Roadef_Challenge_Shift_>
			<index>2</index>
			<driver>4</driver>
			<trailer>3</trailer>
			<start>1641</start>
			<operations>
				<IRP_Roadef_Challenge_Operation_>
					<point>43</point>
					<arrival>1864</arrival>
					<Quantity>1039.7779794158942</Quantity>
				</IRP_Roadef_Challenge_Operation_>
				<IRP_Roadef_Challenge_Operation_>
					<point>11</point>
					<arrival>1920</arrival>
					<Quantity>3326.5279945373459</Quantity>
				</IRP_Roadef_Challenge_Operation_>
			</operations>
		</IRP_Roadef_Challenge_Shift_>
		<IRP_Roadef_Challenge_Shift_>
			<index>3</index>
			<driver>4</driver>
			<trailer>3</trailer>
			<start>2842</start>
			<operations>
				<IRP_Roadef_Challenge_Operation_>
					<point>1</point>
					<arrival>2866</arrival>
					<Quantity>-4366.30597395324</Quantity>
				</IRP_Roadef_Challenge_Operation_>
				<IRP_Roadef_Challenge_Operation_>
					<point>35</point>
					<arrival>3245</arrival>
					<Quantity>5362.9751414595376</Quantity>
				</IRP_Roadef_Challenge_Operation_>
				<IRP_Roadef_Challenge_Operation_>
					<point>9</point>
					<arrival>4070</arrival>
					<Quantity>373.43348548889043</Quantity>
				</IRP_Roadef_Challenge_Operation_>
				<IRP_Roadef_Challenge_Operation_>
					<point>26</point>
					<arrival>4119</arrival>
					<Quantity>409.45945418255502</Quantity>
				</IRP_Roadef_Challenge_Operation_>
				<IRP_Roadef_Challenge_Operation_>
					<point>52</point>
					<arrival>4380</arrival>
					<Quantity>2224.1319188690168</Quantity>
				</IRP_Roadef_Challenge_Operation_>
			</operations>
		</IRP_Roadef_Challenge_Shift_>
		<IRP_Roadef_Challenge_Shift_>
			<index>4</index>
			<driver>1</driver>
			<trailer>2</trailer>
			<start>3446</start>
			<operations>
				<IRP_Roadef_Challenge_Operation_>
					<point>5</point>
					<arrival>3633</arrival>
					<Quantity>1003.1976940154962</Quantity>
				</IRP_Roadef_Challenge_Operation_>
				<IRP_Roadef_Challenge_Operation_>
					<point>14</point>
					<arrival>4537</arrival>
					<Quantity>9962.3825225830333</Quantity>
				</IRP_Roadef_Challenge_Operation_>
				<IRP_Roadef_Challenge_Operation_>
					<point>22</point>
					<arrival>4605</arrival>
					<Quantity>4066.7418304824782</Quantity>
				</IRP_Roadef_Challenge_Operation_>
				<IRP_Roadef_Challenge_Operation_>
					<point>47</point>
					<arrival>4787</arrival>
					<Quantity>4839.9759914588722</Quantity>
				</IRP_Roadef_Challenge_Operation_>
			</operations>
		</IRP_Roadef_Challenge_Shift_>
		<IRP_Roadef_Challenge_Shift_>
			<index>5</index>
			<driver>0</driver>
			<trailer>0</trailer>
			<start>3961</start>
			<operations>
				<IRP_Roadef_Challenge_Operation_>
					<point>1</point>
					<arrival>3985</arrival>
					<Quantity>-21600</Quantity>
				</IRP_Roadef_Challenge_Operation_>
				<IRP_Roadef_Challenge_Operation_>
					<point>54</point>
					<arrival>4269</arrival>
					<Quantity>9868.7217598639982</Quantity>
				</IRP_Roadef_Challenge_Operation_>
				<IRP_Roadef_Challenge_Operation_>
					<point>41</point>
					<arrival>4383</arrival>
					<Quantity>1609.7375771713309</Quantity>
				</IRP_Roadef_Challenge_Operation_>
				<IRP_Roadef_Challenge_Operation_>
					<point>16</point>
					<arrival>4439</arrival>
					<Quantity>9736.5330454580253</Quantity>
				</IRP_Roadef_Challenge_Operation_>
				<IRP_Roadef_Challenge_Operation_>
					<point>1</point>
					<arrival>4760</arrival>
					<Quantity>-21214.992382493358</Quantity>
				</IRP_Roadef_Challenge_Operation_>
			</operations>
		</IRP_Roadef_Challenge_Shift_>
		<IRP_Roadef_Challenge_Shift_>
			<index>6</index>
			<driver>3</driver>
			<trailer>4</trailer>
			<start>4189</start>
			<operations>
				<IRP_Roadef_Challenge_Operation_>
					<point>1</point>
					<arrival>4213</arrival>
					<Quantity>-10419</Quantity>
				</IRP_Roadef_Challenge_Operation_>
				<IRP_Roadef_Challenge_Operation_>
					<point>44</point>
					<arrival>4449</arrival>
					<Quantity>2380.2287218856818</Quantity>
				</IRP_Roadef_Challenge_Operation_>
				<IRP_Roadef_Challenge_Operation_>
					<point>4</point>
					<arrival>4716</arrival>
					<Quantity>3527.4284280776997</Quantity>
				</IRP_Roadef_Challenge_Operation_>
				<IRP_Roadef_Challenge_Operation_>
					<point>53</point>
					<arrival>4887</arrival>
					<Quantity>2606.1570694351185</Quantity>
				</IRP_Roadef_Challenge_Operation_>
				<IRP_Roadef_Challenge_Operation_>
					<point>30</point>
					<arrival>5717</arrival>
					<Quantity>960.50596648407009</Quantity>
				</IRP_Roadef_Challenge_Operation_>
				<IRP_Roadef_Challenge_Operation_>
					<point>25</point>
					<arrival>5911</arrival>
					<Quantity>2701.0617939758295</Quantity>
				</IRP_Roadef_Challenge_Operation_>
				<IRP_Roadef_Challenge_Operation_>
					<point>3</point>
					<arrival>6194</arrival>
					<Quantity>784.31238626099184</Quantity>
				</IRP_Roadef_Challenge_Operation_>
				<IRP_Roadef_Challenge_Operation_>
					<point>1</point>
					<arrival>6306</arrival>
					<Quantity>-12959.694366119387</Quantity>
				</IRP_Roadef_Challenge_Operation_>
			</operations>
		</IRP_Roadef_Challenge_Shift_>
		<IRP_Roadef_Challenge_Shift_>
			<index>7</index>
			<driver>0</driver>
			<trailer>0</trailer>
			<start>5511</start>
			<operations>
				<IRP_Roadef_Challenge_Operation_>
					<point>10</point>
					<arrival>6061</arrival>
					<Quantity>2270.7710477066012</Quantity>
				</IRP_Roadef_Challenge_Operation_>
				<IRP_Roadef_Challenge_Operation_>
					<point>34</point>
					<arrival>6900</arrival>
					<Quantity>7168.7699999999259</Quantity>
				</IRP_Roadef_Challenge_Operation_>
				<IRP_Roadef_Challenge_Operation_>
					<point>38</point>
					<arrival>7026</arrival>
					<Quantity>3947.8449397660152</Quantity>
				</IRP_Roadef_Challenge_Operation_>
				<IRP_Roadef_Challenge_Operation_>
					<point>42</point>
					<arrival>7227</arrival>
					<Quantity>8212.6140125274615</Quantity>
				</IRP_Roadef_Challenge_Operation_>
			</operations>
		</IRP_Roadef_Challenge_Shift_>
		<IRP_Roadef_Challenge_Shift_>
			<index>8</index>
			<driver>2</driver>
			<trailer>1</trailer>
			<start>6319</start>
			<operations>
				<IRP_Roadef_Challenge_Operation_>
					<point>1</point>
					<arrival>6343</arrival>
					<Quantity>-24100</Quantity>
				</IRP_Roadef_Challenge_Operation_>
				<IRP_Roadef_Challenge_Operation_>
					<point>46</point>
					<arrival>6546</arrival>
					<Quantity>4959.2541603088175</Quantity>
				</IRP_Roadef_Challenge_Operation_>
				<IRP_Roadef_Challenge_Operation_>
					<point>39</point>
					<arrival>6711</arrival>
					<Quantity>13068.561872863771</Quantity>
				</IRP_Roadef_Challenge_Operation_>
				<IRP_Roadef_Challenge_Operation_>
					<point>2</point>
					<arrival>6857</arrival>
					<Quantity>6072.1839668274097</Quantity>
				</IRP_Roadef_Challenge_Operation_>
				<IRP_Roadef_Challenge_Operation_>
					<point>1</point>
					<arrival>7198</arrival>
					<Quantity>-24100</Quantity>
				</IRP_Roadef_Challenge_Operation_>
			</operations>
		</IRP_Roadef_Challenge_Shift_>
		<IRP_Roadef_Challenge_Shift_>
			<index>9</index>
			<driver>1</driver>
			<trailer>2</trailer>
			<start>6508</start>
			<operations>
				<IRP_Roadef_Challenge_Operation_>
					<point>1</point>
					<arrival>6532</arrival>
					<Quantity>-21927.298038539881</Quantity>
				</IRP_Roadef_Challenge_Operation_>
				<IRP_Roadef_Challenge_Operation_>
					<point>5</point>
					<arrival>6807</arrival>
					<Quantity>8819.1999999999989</Quantity>
				</IRP_Roadef_Challenge_Operation_>
				<IRP_Roadef_Challenge_Operation_>
					<point>19</point>
					<arrival>6900</arrival>
					<Quantity>1009.3005895843506</Quantity>
				</IRP_Roadef_Challenge_Operation_>
				<IRP_Roadef_Challenge_Operation_>
					<point>17</point>
					<arrival>7053</arrival>
					<Quantity>5024.7369816780119</Quantity>
				</IRP_Roadef_Challenge_Operation_>
				<IRP_Roadef_Challenge_Operation_>
					<point>36</point>
					<arrival>7257</arrival>
					<Quantity>6490.4134582901897</Quantity>
				</IRP_Roadef_Challenge_Operation_>
			</operations>
		</IRP_Roadef_Challenge_Shift_>
		<IRP_Roadef_Challenge_Shift_>
			<index>10</index>
			<driver>2</driver>
			<trailer>1</trailer>
			<start>7949</start>
			<operations>
				<IRP_Roadef_Challenge_Operation_>
					<point>11</point>
					<arrival>8174</arrival>
					<Quantity>3249.4999999999982</Quantity>
				</IRP_Roadef_Challenge_Operation_>
				<IRP_Roadef_Challenge_Operation_>
					<point>6</point>
					<arrival>8339</arrival>
					<Quantity>20850.5</Quantity>
				</IRP_Roadef_Challenge_Operation_>
				<IRP_Roadef_Challenge_Operation_>
					<point>1</point>
					<arrival>8527</arrival>
					<Quantity>-24100</Quantity>
				</IRP_Roadef_Challenge_Operation_>
			</operations>
		</IRP_Roadef_Challenge_Shift_>
		<IRP_Roadef_Challenge_Shift_>
			<index>11</index>
			<driver>3</driver>
			<trailer>4</trailer>
			<start>8248</start>
			<operations>
				<IRP_Roadef_Challenge_Operation_>
					<point>50</point>
					<arrival>8397</arrival>
					<Quantity>2318.7930209732103</Quantity>
				</IRP_Roadef_Challenge_Operation_>
				<IRP_Roadef_Challenge_Operation_>
					<point>21</point>
					<arrival>8450</arrival>
					<Quantity>7437.3455017089946</Quantity>
				</IRP_Roadef_Challenge_Operation_>
			</operations>
		</IRP_Roadef_Challenge_Shift_>
		<IRP_Roadef_Challenge_Shift_>
			<index>12</index>
			<driver>2</driver>
			<trailer>1</trailer>
			<start>10823</start>
			<operations>
				<IRP_Roadef_Challenge_Operation_>
					<point>5</point>
					<arrival>11010</arrival>
					<Quantity>1468.4000000000015</Quantity>
				</IRP_Roadef_Challenge_Operation_>
				<IRP_Roadef_Challenge_Operation_>
					<point>47</point>
					<arrival>11139</arrival>
					<Quantity>3835.6521478843733</Quantity>
				</IRP_Roadef_Challenge_Operation_>
				<IRP_Roadef_Challenge_Operation_>
					<point>31</point>
					<arrival>11192</arrival>
					<Quantity>6745.1604011535683</Quantity>
				</IRP_Roadef_Challenge_Operation_>
				<IRP_Roadef_Challenge_Operation_>
					<point>7</point>
					<arrival>11296</arrival>
					<Quantity>4572.4852994346584</Quantity>
				</IRP_Roadef_Challenge_Operation_>
				<IRP_Roadef_Challenge_Operation_>
					<point>17</point>
					<arrival>11440</arrival>
					<Quantity>2023.3400000000001</Quantity>
				</IRP_Roadef_Challenge_Operation_>
				<IRP_Roadef_Challenge_Operation_>
					<point>51</point>
					<arrival>11605</arrival>
					<Quantity>5454.9621515273948</Quantity>
				</IRP_Roadef_Challenge_Operation_>
			</operations>
		</IRP_Roadef_Challenge_Shift_>
		<IRP_Roadef_Challenge_Shift_>
			<index>13</index>
			<driver>1</driver>
			<trailer>2</trailer>
			<start>11520</start>
			<operations>
				<IRP_Roadef_Challenge_Operation_>
					<point>1</point>
					<arrival>11544</arrival>
					<Quantity>-21343.651029552555</Quantity>
				</IRP_Roadef_Challenge_Operation_>
			</operations>
		</IRP_Roadef_Challenge_Shift_>
		<IRP_Roadef_Challenge_Shift_>
			<index>14</index>
			<driver>2</driver>
			<trailer>1</trailer>
			<start>12427</start>
			<operations>
				<IRP_Roadef_Challenge_Operation_>
					<point>1</point>
					<arrival>12451</arrival>
					<Quantity>-24100</Quantity>
				</IRP_Roadef_Challenge_Operation_>
				<IRP_Roadef_Challenge_Operation_>
					<point>15</point>
					<arrival>12685</arrival>
					<Quantity>2561.3936201476995</Quantity>
				</IRP_Roadef_Challenge_Operation_>
				<IRP_Roadef_Challenge_Operation_>
					<point>28</point>
					<arrival>12967</arrival>
					<Quantity>5981.9388188631019</Quantity>
				</IRP_Roadef_Challenge_Operation_>
				<IRP_Roadef_Challenge_Operation_>
					<point>8</point>
					<arrival>13763</arrival>
					<Quantity>7940.0995182037323</Quantity>
				</IRP_Roadef_Challenge_Operation_>
				<IRP_Roadef_Challenge_Operation_>
					<point>29</point>
					<arrival>13878</arrival>
					<Quantity>4973.7680427854757</Quantity>
				</IRP_Roadef_Challenge_Operation_>
				<IRP_Roadef_Challenge_Operation_>
					<point>9</point>
					<arrival>13967</arrival>
					<Quantity>2642.8000000000002</Quantity>
				</IRP_Roadef_Challenge_Operation_>
			</operations>
		</IRP_Roadef_Challenge_Shift_>
		<IRP_Roadef_Challenge_Shift_>
			<index>15</index>
			<driver>0</driver>
			<trailer>0</trailer>
			<start>13592</start>
			<operations>
				<IRP_Roadef_Challenge_Operation_>
					<point>1</point>
					<arrival>13616</arrival>
					<Quantity>-21600</Quantity>
				</IRP_Roadef_Challenge_Operation_>
				<IRP_Roadef_Challenge_Operation_>
					<point>16</point>
					<arrival>13958</arrival>
					<Quantity>4729.7296687753797</Quantity>
				</IRP_Roadef_Challenge_Operation_>
				<IRP_Roadef_Challenge_Operation_>
					<point>12</point>
					<arrival>14021</arrival>
					<Quantity>10505.405548386892</Quantity>
				</IRP_Roadef_Challenge_Operation_>
				<IRP_Roadef_Challenge_Operation_>
					<point>54</point>
					<arrival>14144</arrival>
					<Quantity>6364.8647828377298</Quantity>
				</IRP_Roadef_Challenge_Operation_>
			</operations>
		</IRP_Roadef_Challenge_Shift_>
		<IRP_Roadef_Challenge_Shift_>
			<index>16</index>
			<driver>1</driver>
			<trailer>2</trailer>
			<start>13936</start>
			<operations>
				<IRP_Roadef_Challenge_Operation_>
					<point>6</point>
					<arrival>14045</arrival>
					<Quantity>13676.945083389372</Quantity>
				</IRP_Roadef_Challenge_Operation_>
				<IRP_Roadef_Challenge_Operation_>
					<point>45</point>
					<arrival>14142</arrival>
					<Quantity>6677.5300000000007</Quantity>
				</IRP_Roadef_Challenge_Operation_>
				<IRP_Roadef_Challenge_Operation_>
					<point>36</point>
					<arrival>14302</arrival>
					<Quantity>1785.5249166106314</Quantity>
				</IRP_Roadef_Challenge_Operation_>
			</operations>
		</IRP_Roadef_Challenge_Shift_>
	</Shifts>
</IRP_Roadef_Challenge_Output>
