<?xml version="1.0"?>
<IRP_Roadef_Challenge_Output>
	<Shifts>
		<IRP_Roadef_Challenge_Shift_>
			<index>0</index>
			<driver>1</driver>
			<trailer>2</trailer>
			<start>1320</start>
			<operations>
				<IRP_Roadef_Challenge_Operation_>
					<point>54</point>
					<arrival>1425</arrival>
					<Quantity>801.17367709350617</Quantity>
				</IRP_Roadef_Challenge_Operation_>
			</operations>
		</IRP_Roadef_Challenge_Shift_>
		<IRP_Roadef_Challenge_Shift_>
			<index>1</index>
			<driver>0</driver>
			<trailer>1</trailer>
			<start>1440</start>
			<operations>
				<IRP_Roadef_Challenge_Operation_>
					<point>42</point>
					<arrival>1730</arrival>
					<Quantity>3708.7523391151462</Quantity>
				</IRP_Roadef_Challenge_Operation_>
				<IRP_Roadef_Challenge_Operation_>
					<point>101</point>
					<arrival>1799</arrival>
					<Quantity>5390.4695641517601</Quantity>
				</IRP_Roadef_Challenge_Operation_>
				<IRP_Roadef_Challenge_Operation_>
					<point>88</point>
					<arrival>1972</arrival>
					<Quantity>1019.9780967330934</Quantity>
				</IRP_Roadef_Challenge_Operation_>
				<IRP_Roadef_Challenge_Operation_>
					<point>50</point>
					<arrival>3205</arrival>
					<Quantity>2344.8000000000002</Quantity>
				</IRP_Roadef_Challenge_Operation_>
				<IRP_Roadef_Challenge_Operation_>
					<point>1</point>
					<arrival>3402</arrival>
					<Quantity>-12620</Quantity>
				</IRP_Roadef_Challenge_Operation_>
				<IRP_Roadef_Challenge_Operation_>
					<point>106</point>
					<arrival>3549</arrival>
					<Quantity>5315.2443702697756</Quantity>
				</IRP_Roadef_Challenge_Operation_>
			</operations>
		</IRP_Roadef_Challenge_Shift_>
		<IRP_Roadef_Challenge_Shift_>
			<index>2</index>
			<driver>2</driver>
			<trailer>0</trailer>
			<start>1504</start>
			<operations>
				<IRP_Roadef_Challenge_Operation_>
					<point>43</point>
					<arrival>1557</arrival>
					<Quantity>3535.7230098037753</Quantity>
				</IRP_Roadef_Challenge_Operation_>
				<IRP_Roadef_Challenge_Operation_>
					<point>37</point>
					<arrival>1623</arrival>
					<Quantity>8000</Quantity>
				</IRP_Roadef_Challenge_Operation_>
				<IRP_Roadef_Challenge_Operation_>
					<point>1</point>
					<arrival>1780</arrival>
					<Quantity>-15635.723009803776</Quantity>
				</IRP_Roadef_Challenge_Operation_>
				<IRP_Roadef_Challenge_Operation_>
					<point>98</point>
					<arrival>2101</arrival>
					<Quantity>645.17906767273121</Quantity>
				</IRP_Roadef_Challenge_Operation_>
				<IRP_Roadef_Challenge_Operation_>
					<point>105</point>
					<arrival>2155</arrival>
					<Quantity>185.976</Quantity>
				</IRP_Roadef_Challenge_Operation_>
				<IRP_Roadef_Challenge_Operation_>
					<point>68</point>
					<arrival>2934</arrival>
					<Quantity>6791.3600984191471</Quantity>
				</IRP_Roadef_Challenge_Operation_>
				<IRP_Roadef_Challenge_Operation_>
					<point>19</point>
					<arrival>3182</arrival>
					<Quantity>9217.8526290893951</Quantity>
				</IRP_Roadef_Challenge_Operation_>
				<IRP_Roadef_Challenge_Operation_>
					<point>60</point>
					<arrival>3254</arrival>
					<Quantity>3159.6322048187299</Quantity>
				</IRP_Roadef_Challenge_Operation_>
				<IRP_Roadef_Challenge_Operation_>
					<point>1</point>
					<arrival>3633</arrival>
					<Quantity>-20000</Quantity>
				</IRP_Roadef_Challenge_Operation_>
			</operations>
		</IRP_Roadef_Challenge_Shift_>
		<IRP_Roadef_Challenge_Shift_>
			<index>3</index>
			<driver>3</driver>
			<trailer>2</trailer>
			<start>2567</start>
			<operations>
				<IRP_Roadef_Challenge_Operation_>
					<point>39</point>
					<arrival>2627</arrival>
					<Quantity>3612.9203437805213</Quantity>
				</IRP_Roadef_Challenge_Operation_>
				<IRP_Roadef_Challenge_Operation_>
					<point>126</point>
					<arrival>2689</arrival>
					<Quantity>845.90597912597286</Quantity>
				</IRP_Roadef_Challenge_Operation_>
				<IRP_Roadef_Challenge_Operation_>
					<point>1</point>
					<arrival>2836</arrival>
					<Quantity>-5380</Quantity>
				</IRP_Roadef_Challenge_Operation_>
				<IRP_Roadef_Challenge_Operation_>
					<point>71</point>
					<arrival>3003</arrival>
					<Quantity>462.89189189147271</Quantity>
				</IRP_Roadef_Challenge_Operation_>
				<IRP_Roadef_Challenge_Operation_>
					<point>119</point>
					<arrival>3136</arrival>
					<Quantity>3355.2000000000062</Quantity>
				</IRP_Roadef_Challenge_Operation_>
				<IRP_Roadef_Challenge_Operation_>
					<point>52</point>
					<arrival>3197</arrival>
					<Quantity>814.90293122863841</Quantity>
				</IRP_Roadef_Challenge_Operation_>
				<IRP_Roadef_Challenge_Operation_>
					<point>18</point>
					<arrival>3286</arrival>
					<Quantity>747.0051768798827</Quantity>
				</IRP_Roadef_Challenge_Operation_>
			</operations>
		</IRP_Roadef_Challenge_Shift_>
		<IRP_Roadef_Challenge_Shift_>
			<index>4</index>
			<driver>1</driver>
			<trailer>1</trailer>
			<start>4141</start>
			<operations>
				<IRP_Roadef_Challenge_Operation_>
					<point>76</point>
					<arrival>4272</arrival>
					<Quantity>3639.0962387847931</Quantity>
				</IRP_Roadef_Challenge_Operation_>
				<IRP_Roadef_Challenge_Operation_>
					<point>53</point>
					<arrival>4320</arrival>
					<Quantity>1393.9560653686499</Quantity>
				</IRP_Roadef_Challenge_Operation_>
				<IRP_Roadef_Challenge_Operation_>
					<point>124</point>
					<arrival>4400</arrival>
					<Quantity>2271.7033255767819</Quantity>
				</IRP_Roadef_Challenge_Operation_>
				<IRP_Roadef_Challenge_Operation_>
					<point>1</point>
					<arrival>4513</arrival>
					<Quantity>-12620</Quantity>
				</IRP_Roadef_Challenge_Operation_>
			</operations>
		</IRP_Roadef_Challenge_Shift_>
		<IRP_Roadef_Challenge_Shift_>
			<index>5</index>
			<driver>3</driver>
			<trailer>2</trailer>
			<start>4162</start>
			<operations>
				<IRP_Roadef_Challenge_Operation_>
					<point>1</point>
					<arrival>4209</arrival>
					<Quantity>-5380</Quantity>
				</IRP_Roadef_Challenge_Operation_>
				<IRP_Roadef_Challenge_Operation_>
					<point>129</point>
					<arrival>4573</arrival>
					<Quantity>852.45683764648516</Quantity>
				</IRP_Roadef_Challenge_Operation_>
				<IRP_Roadef_Challenge_Operation_>
					<point>3</point>
					<arrival>5534</arrival>
					<Quantity>4400</Quantity>
				</IRP_Roadef_Challenge_Operation_>
				<IRP_Roadef_Challenge_Operation_>
					<point>1</point>
					<arrival>5692</arrival>
					<Quantity>-5252.4568376464849</Quantity>
				</IRP_Roadef_Challenge_Operation_>
			</operations>
		</IRP_Roadef_Challenge_Shift_>
		<IRP_Roadef_Challenge_Shift_>
			<index>6</index>
			<driver>0</driver>
			<trailer>1</trailer>
			<start>5550</start>
			<operations>
				<IRP_Roadef_Challenge_Operation_>
					<point>75</point>
					<arrival>5768</arrival>
					<Quantity>6285.6111608982092</Quantity>
				</IRP_Roadef_Challenge_Operation_>
				<IRP_Roadef_Challenge_Operation_>
					<point>11</point>
					<arrival>5837</arrival>
					<Quantity>2213.9300044918082</Quantity>
				</IRP_Roadef_Challenge_Operation_>
				<IRP_Roadef_Challenge_Operation_>
					<point>92</point>
					<arrival>6025</arrival>
					<Quantity>489.23000000000104</Quantity>
				</IRP_Roadef_Challenge_Operation_>
				<IRP_Roadef_Challenge_Operation_>
					<point>117</point>
					<arrival>6073</arrival>
					<Quantity>915.16291351317864</Quantity>
				</IRP_Roadef_Challenge_Operation_>
				<IRP_Roadef_Challenge_Operation_>
					<point>37</point>
					<arrival>6178</arrival>
					<Quantity>2620</Quantity>
				</IRP_Roadef_Challenge_Operation_>
				<IRP_Roadef_Challenge_Operation_>
					<point>51</point>
					<arrival>6253</arrival>
					<Quantity>96.065921096801958</Quantity>
				</IRP_Roadef_Challenge_Operation_>
			</operations>
		</IRP_Roadef_Challenge_Shift_>
		<IRP_Roadef_Challenge_Shift_>
			<index>7</index>
			<driver>2</driver>
			<trailer>0</trailer>
			<start>5635</start>
			<operations>
				<IRP_Roadef_Challenge_Operation_>
					<point>64</point>
					<arrival>5795</arrival>
					<Quantity>1895.6620025444054</Quantity>
				</IRP_Roadef_Challenge_Operation_>
				<IRP_Roadef_Challenge_Operation_>
					<point>102</point>
					<arrival>5909</arrival>
					<Quantity>3426.552349853494</Quantity>
				</IRP_Roadef_Challenge_Operation_>
				<IRP_Roadef_Challenge_Operation_>
					<point>45</point>
					<arrival>6071</arrival>
					<Quantity>3234.9499999999643</Quantity>
				</IRP_Roadef_Challenge_Operation_>
				<IRP_Roadef_Challenge_Operation_>
					<point>79</point>
					<arrival>6129</arrival>
					<Quantity>11274.483708953892</Quantity>
				</IRP_Roadef_Challenge_Operation_>
			</operations>
		</IRP_Roadef_Challenge_Shift_>
		<IRP_Roadef_Challenge_Shift_>
			<index>8</index>
			<driver>1</driver>
			<trailer>2</trailer>
			<start>5798</start>
			<operations>
				<IRP_Roadef_Challenge_Operation_>
					<point>37</point>
					<arrival>5871</arrival>
					<Quantity>5380</Quantity>
				</IRP_Roadef_Challenge_Operation_>
			</operations>
		</IRP_Roadef_Challenge_Shift_>
		<IRP_Roadef_Challenge_Shift_>
			<index>9</index>
			<driver>0</driver>
			<trailer>1</trailer>
			<start>7078</start>
			<operations>
				<IRP_Roadef_Challenge_Operation_>
					<point>1</point>
					<arrival>7125</arrival>
					<Quantity>-12620</Quantity>
				</IRP_Roadef_Challenge_Operation_>
				<IRP_Roadef_Challenge_Operation_>
					<point>16</point>
					<arrival>7412</arrival>
					<Quantity>2316.7611808929069</Quantity>
				</IRP_Roadef_Challenge_Operation_>
				<IRP_Roadef_Challenge_Operation_>
					<point>80</point>
					<arrival>7472</arrival>
					<Quantity>8212.4175888061782</Quantity>
				</IRP_Roadef_Challenge_Operation_>
				<IRP_Roadef_Challenge_Operation_>
					<point>130</point>
					<arrival>7684</arrival>
					<Quantity>1811.857230300903</Quantity>
				</IRP_Roadef_Challenge_Operation_>
				<IRP_Roadef_Challenge_Operation_>
					<point>115</point>
					<arrival>7729</arrival>
					<Quantity>278.964</Quantity>
				</IRP_Roadef_Challenge_Operation_>
			</operations>
		</IRP_Roadef_Challenge_Shift_>
		<IRP_Roadef_Challenge_Shift_>
			<index>10</index>
			<driver>3</driver>
			<trailer>2</trailer>
			<start>7175</start>
			<operations>
				<IRP_Roadef_Challenge_Operation_>
					<point>1</point>
					<arrival>7222</arrival>
					<Quantity>-5380</Quantity>
				</IRP_Roadef_Challenge_Operation_>
				<IRP_Roadef_Challenge_Operation_>
					<point>17</point>
					<arrival>7375</arrival>
					<Quantity>1111.6265102386496</Quantity>
				</IRP_Roadef_Challenge_Operation_>
				<IRP_Roadef_Challenge_Operation_>
					<point>97</point>
					<arrival>7486</arrival>
					<Quantity>2087.3326774597281</Quantity>
				</IRP_Roadef_Challenge_Operation_>
				<IRP_Roadef_Challenge_Operation_>
					<point>135</point>
					<arrival>7736</arrival>
					<Quantity>910.38691070556763</Quantity>
				</IRP_Roadef_Challenge_Operation_>
				<IRP_Roadef_Challenge_Operation_>
					<point>127</point>
					<arrival>8684</arrival>
					<Quantity>584.10000000000309</Quantity>
				</IRP_Roadef_Challenge_Operation_>
				<IRP_Roadef_Challenge_Operation_>
					<point>8</point>
					<arrival>8933</arrival>
					<Quantity>172.34280000000001</Quantity>
				</IRP_Roadef_Challenge_Operation_>
				<IRP_Roadef_Challenge_Operation_>
					<point>94</point>
					<arrival>9036</arrival>
					<Quantity>514.21110159605087</Quantity>
				</IRP_Roadef_Challenge_Operation_>
				<IRP_Roadef_Challenge_Operation_>
					<point>1</point>
					<arrival>9193</arrival>
					<Quantity>-5380</Quantity>
				</IRP_Roadef_Challenge_Operation_>
			</operations>
		</IRP_Roadef_Challenge_Shift_>
		<IRP_Roadef_Challenge_Shift_>
			<index>11</index>
			<driver>2</driver>
			<trailer>0</trailer>
			<start>7289</start>
			<operations>
				<IRP_Roadef_Challenge_Operation_>
					<point>1</point>
					<arrival>7336</arrival>
					<Quantity>-19831.648061351756</Quantity>
				</IRP_Roadef_Challenge_Operation_>
				<IRP_Roadef_Challenge_Operation_>
					<point>2</point>
					<arrival>7510</arrival>
					<Quantity>3396.829405879228</Quantity>
				</IRP_Roadef_Challenge_Operation_>
				<IRP_Roadef_Challenge_Operation_>
					<point>48</point>
					<arrival>7581</arrival>
					<Quantity>3884.2197550964474</Quantity>
				</IRP_Roadef_Challenge_Operation_>
				<IRP_Roadef_Challenge_Operation_>
					<point>103</point>
					<arrival>7634</arrival>
					<Quantity>1424.2119035339451</Quantity>
				</IRP_Roadef_Challenge_Operation_>
				<IRP_Roadef_Challenge_Operation_>
					<point>74</point>
					<arrival>7708</arrival>
					<Quantity>11294.738935490379</Quantity>
				</IRP_Roadef_Challenge_Operation_>
			</operations>
		</IRP_Roadef_Challenge_Shift_>
		<IRP_Roadef_Challenge_Shift_>
			<index>12</index>
			<driver>0</driver>
			<trailer>1</trailer>
			<start>8752</start>
			<operations>
				<IRP_Roadef_Challenge_Operation_>
					<point>1</point>
					<arrival>8799</arrival>
					<Quantity>-12620</Quantity>
				</IRP_Roadef_Challenge_Operation_>
				<IRP_Roadef_Challenge_Operation_>
					<point>85</point>
					<arrival>8961</arrival>
					<Quantity>2148.7105763626114</Quantity>
				</IRP_Roadef_Challenge_Operation_>
				<IRP_Roadef_Challenge_Operation_>
					<point>10</point>
					<arrival>9009</arrival>
					<Quantity>2048.4493097992017</Quantity>
				</IRP_Roadef_Challenge_Operation_>
				<IRP_Roadef_Challenge_Operation_>
					<point>25</point>
					<arrival>9065</arrival>
					<Quantity>3570.8347537994382</Quantity>
				</IRP_Roadef_Challenge_Operation_>
				<IRP_Roadef_Challenge_Operation_>
					<point>71</point>
					<arrival>9116</arrival>
					<Quantity>2317.6304617767355</Quantity>
				</IRP_Roadef_Challenge_Operation_>
			</operations>
		</IRP_Roadef_Challenge_Shift_>
		<IRP_Roadef_Challenge_Shift_>
			<index>13</index>
			<driver>2</driver>
			<trailer>0</trailer>
			<start>9538</start>
			<operations>
				<IRP_Roadef_Challenge_Operation_>
					<point>1</point>
					<arrival>9585</arrival>
					<Quantity>-20000</Quantity>
				</IRP_Roadef_Challenge_Operation_>
				<IRP_Roadef_Challenge_Operation_>
					<point>22</point>
					<arrival>9772</arrival>
					<Quantity>5574.0181671144346</Quantity>
				</IRP_Roadef_Challenge_Operation_>
				<IRP_Roadef_Challenge_Operation_>
					<point>48</point>
					<arrival>9837</arrival>
					<Quantity>12787.095617752057</Quantity>
				</IRP_Roadef_Challenge_Operation_>
				<IRP_Roadef_Challenge_Operation_>
					<point>79</point>
					<arrival>9898</arrival>
					<Quantity>1500.8000000000065</Quantity>
				</IRP_Roadef_Challenge_Operation_>
			</operations>
		</IRP_Roadef_Challenge_Shift_>
		<IRP_Roadef_Challenge_Shift_>
			<index>14</index>
			<driver>0</driver>
			<trailer>1</trailer>
			<start>11520</start>
			<operations>
				<IRP_Roadef_Challenge_Operation_>
					<point>23</point>
					<arrival>11543</arrival>
					<Quantity>2534.3748982620154</Quantity>
				</IRP_Roadef_Challenge_Operation_>
				<IRP_Roadef_Challenge_Operation_>
					<point>1</point>
					<arrival>11614</arrival>
					<Quantity>-12620</Quantity>
				</IRP_Roadef_Challenge_Operation_>
				<IRP_Roadef_Challenge_Operation_>
					<point>96</point>
					<arrival>11792</arrival>
					<Quantity>6791.0944900512759</Quantity>
				</IRP_Roadef_Challenge_Operation_>
				<IRP_Roadef_Challenge_Operation_>
					<point>126</point>
					<arrival>11862</arrival>
					<Quantity>5828.905509948715</Quantity>
				</IRP_Roadef_Challenge_Operation_>
			</operations>
		</IRP_Roadef_Challenge_Shift_>
		<IRP_Roadef_Challenge_Shift_>
			<index>15</index>
			<driver>2</driver>
			<trailer>0</trailer>
			<start>12395</start>
			<operations>
				<IRP_Roadef_Challenge_Operation_>
					<point>1</point>
					<arrival>12442</arrival>
					<Quantity>-19861.91378486649</Quantity>
				</IRP_Roadef_Challenge_Operation_>
				<IRP_Roadef_Challenge_Operation_>
					<point>84</point>
					<arrival>12660</arrival>
					<Quantity>1352.6999999999484</Quantity>
				</IRP_Roadef_Challenge_Operation_>
				<IRP_Roadef_Challenge_Operation_>
					<point>7</point>
					<arrival>12725</arrival>
					<Quantity>3502.1000000000568</Quantity>
				</IRP_Roadef_Challenge_Operation_>
				<IRP_Roadef_Challenge_Operation_>
					<point>117</point>
					<arrival>12789</arrival>
					<Quantity>8816.1999999999989</Quantity>
				</IRP_Roadef_Challenge_Operation_>
				<IRP_Roadef_Challenge_Operation_>
					<point>21</point>
					<arrival>12909</arrival>
					<Quantity>6328.9999999999854</Quantity>
				</IRP_Roadef_Challenge_Operation_>
			</operations>
		</IRP_Roadef_Challenge_Shift_>
		<IRP_Roadef_Challenge_Shift_>
			<index>16</index>
			<driver>1</driver>
			<trailer>1</trailer>
			<start>12837</start>
			<operations>
				<IRP_Roadef_Challenge_Operation_>
					<point>1</point>
					<arrival>12884</arrival>
					<Quantity>-12620</Quantity>
				</IRP_Roadef_Challenge_Operation_>
				<IRP_Roadef_Challenge_Operation_>
					<point>43</point>
					<arrival>13036</arrival>
					<Quantity>2227.0736723632745</Quantity>
				</IRP_Roadef_Challenge_Operation_>
				<IRP_Roadef_Challenge_Operation_>
					<point>5</point>
					<arrival>13096</arrival>
					<Quantity>4927.2869512557982</Quantity>
				</IRP_Roadef_Challenge_Operation_>
				<IRP_Roadef_Challenge_Operation_>
					<point>10</point>
					<arrival>13156</arrival>
					<Quantity>5465.6393763809237</Quantity>
				</IRP_Roadef_Challenge_Operation_>
			</operations>
		</IRP_Roadef_Challenge_Shift_>
		<IRP_Roadef_Challenge_Shift_>
			<index>17</index>
			<driver>0</driver>
			<trailer>1</trailer>
			<start>13518</start>
			<operations>
				<IRP_Roadef_Challenge_Operation_>
					<point>1</point>
					<arrival>13565</arrival>
					<Quantity>-12620</Quantity>
				</IRP_Roadef_Challenge_Operation_>
				<IRP_Roadef_Challenge_Operation_>
					<point>76</point>
					<arrival>13737</arrival>
					<Quantity>2115.6689543914808</Quantity>
				</IRP_Roadef_Challenge_Operation_>
				<IRP_Roadef_Challenge_Operation_>
					<point>74</point>
					<arrival>13807</arrival>
					<Quantity>4135.1350818436204</Quantity>
				</IRP_Roadef_Challenge_Operation_>
				<IRP_Roadef_Challenge_Operation_>
					<point>65</point>
					<arrival>13875</arrival>
					<Quantity>3750.2253696441417</Quantity>
				</IRP_Roadef_Challenge_Operation_>
				<IRP_Roadef_Challenge_Operation_>
					<point>2</point>
					<arrival>13937</arrival>
					<Quantity>2618.9705941207749</Quantity>
				</IRP_Roadef_Challenge_Operation_>
			</operations>
		</IRP_Roadef_Challenge_Shift_>
		<IRP_Roadef_Challenge_Shift_>
			<index>18</index>
			<driver>2</driver>
			<trailer>0</trailer>
			<start>13753</start>
			<operations>
				<IRP_Roadef_Challenge_Operation_>
					<point>1</point>
					<arrival>13800</arrival>
					<Quantity>-20000</Quantity>
				</IRP_Roadef_Challenge_Operation_>
				<IRP_Roadef_Challenge_Operation_>
					<point>59</point>
					<arrival>14044</arrival>
					<Quantity>3952.8020256042573</Quantity>
				</IRP_Roadef_Challenge_Operation_>
				<IRP_Roadef_Challenge_Operation_>
					<point>119</point>
					<arrival>14099</arrival>
					<Quantity>4455.6000000000004</Quantity>
				</IRP_Roadef_Challenge_Operation_>
				<IRP_Roadef_Challenge_Operation_>
					<point>63</point>
					<arrival>14158</arrival>
					<Quantity>3960.7320058822652</Quantity>
				</IRP_Roadef_Challenge_Operation_>
				<IRP_Roadef_Challenge_Operation_>
					<point>7</point>
					<arrival>14222</arrival>
					<Quantity>7570.4923515319315</Quantity>
				</IRP_Roadef_Challenge_Operation_>
			</operations>
		</IRP_Roadef_Challenge_Shift_>
		<IRP_Roadef_Challenge_Shift_>
			<index>19</index>
			<driver>1</driver>
			<trailer>1</trailer>
			<start>14100</start>
			<operations>
				<IRP_Roadef_Challenge_Operation_>
					<point>1</point>
					<arrival>14147</arrival>
					<Quantity>-12620</Quantity>
				</IRP_Roadef_Challenge_Operation_>
				<IRP_Roadef_Challenge_Operation_>
					<point>26</point>
					<arrival>14286</arrival>
					<Quantity>6057.7805816650362</Quantity>
				</IRP_Roadef_Challenge_Operation_>
			</operations>
		</IRP_Roadef_Challenge_Shift_>
		<IRP_Roadef_Challenge_Shift_>
			<index>20</index>
			<driver>3</driver>
			<trailer>2</trailer>
			<start>14253</start>
			<operations>
				<IRP_Roadef_Challenge_Operation_>
					<point>106</point>
					<arrival>14301</arrival>
					<Quantity>5380</Quantity>
				</IRP_Roadef_Challenge_Operation_>
			</operations>
		</IRP_Roadef_Challenge_Shift_>
	</Shifts>
</IRP_Roadef_Challenge_Output>
