<?xml version="1.0"?>
<IRP_Roadef_Challenge_Output>
	<Shifts>
		<IRP_Roadef_Challenge_Shift_>
			<index>0</index>
			<driver>2</driver>
			<trailer>3</trailer>
			<start>0</start>
			<operations>
				<IRP_Roadef_Challenge_Operation_>
					<point>158</point>
					<arrival>26</arrival>
					<Quantity>729.72972032534506</Quantity>
				</IRP_Roadef_Challenge_Operation_>
				<IRP_Roadef_Challenge_Operation_>
					<point>42</point>
					<arrival>182</arrival>
					<Quantity>6831.8282836914059</Quantity>
				</IRP_Roadef_Challenge_Operation_>
				<IRP_Roadef_Challenge_Operation_>
					<point>10</point>
					<arrival>660</arrival>
					<Quantity>11398.39772129059</Quantity>
				</IRP_Roadef_Challenge_Operation_>
				<IRP_Roadef_Challenge_Operation_>
					<point>178</point>
					<arrival>1320</arrival>
					<Quantity>1696.0913085937505</Quantity>
				</IRP_Roadef_Challenge_Operation_>
				<IRP_Roadef_Challenge_Operation_>
					<point>1</point>
					<arrival>1389</arrival>
					<Quantity>-20656.047033901094</Quantity>
				</IRP_Roadef_Challenge_Operation_>
				<IRP_Roadef_Challenge_Operation_>
					<point>125</point>
					<arrival>2297</arrival>
					<Quantity>808.65673828124955</Quantity>
				</IRP_Roadef_Challenge_Operation_>
				<IRP_Roadef_Challenge_Operation_>
					<point>4</point>
					<arrival>2640</arrival>
					<Quantity>20191.343261718754</Quantity>
				</IRP_Roadef_Challenge_Operation_>
				<IRP_Roadef_Challenge_Operation_>
					<point>1</point>
					<arrival>2740</arrival>
					<Quantity>-21000</Quantity>
				</IRP_Roadef_Challenge_Operation_>
				<IRP_Roadef_Challenge_Operation_>
					<point>46</point>
					<arrival>2809</arrival>
					<Quantity>9353.6468749999949</Quantity>
				</IRP_Roadef_Challenge_Operation_>
			</operations>
		</IRP_Roadef_Challenge_Shift_>
		<IRP_Roadef_Challenge_Shift_>
			<index>1</index>
			<driver>5</driver>
			<trailer>2</trailer>
			<start>330</start>
			<operations>
				<IRP_Roadef_Challenge_Operation_>
					<point>2</point>
					<arrival>414</arrival>
					<Quantity>4590.6882934570313</Quantity>
				</IRP_Roadef_Challenge_Operation_>
				<IRP_Roadef_Challenge_Operation_>
					<point>182</point>
					<arrival>514</arrival>
					<Quantity>731.40701904296907</Quantity>
				</IRP_Roadef_Challenge_Operation_>
				<IRP_Roadef_Challenge_Operation_>
					<point>157</point>
					<arrival>556</arrival>
					<Quantity>5634.1799438476601</Quantity>
				</IRP_Roadef_Challenge_Operation_>
				<IRP_Roadef_Challenge_Operation_>
					<point>48</point>
					<arrival>627</arrival>
					<Quantity>2056.4337078857388</Quantity>
				</IRP_Roadef_Challenge_Operation_>
				<IRP_Roadef_Challenge_Operation_>
					<point>3</point>
					<arrival>707</arrival>
					<Quantity>309.29103576660191</Quantity>
				</IRP_Roadef_Challenge_Operation_>
			</operations>
		</IRP_Roadef_Challenge_Shift_>
		<IRP_Roadef_Challenge_Shift_>
			<index>2</index>
			<driver>1</driver>
			<trailer>1</trailer>
			<start>798</start>
			<operations>
				<IRP_Roadef_Challenge_Operation_>
					<point>40</point>
					<arrival>876</arrival>
					<Quantity>3861.0054199218694</Quantity>
				</IRP_Roadef_Challenge_Operation_>
				<IRP_Roadef_Challenge_Operation_>
					<point>47</point>
					<arrival>930</arrival>
					<Quantity>6200.6742675781188</Quantity>
				</IRP_Roadef_Challenge_Operation_>
				<IRP_Roadef_Challenge_Operation_>
					<point>164</point>
					<arrival>1000</arrival>
					<Quantity>6911.1633300781214</Quantity>
				</IRP_Roadef_Challenge_Operation_>
				<IRP_Roadef_Challenge_Operation_>
					<point>60</point>
					<arrival>1082</arrival>
					<Quantity>5480.7002197265592</Quantity>
				</IRP_Roadef_Challenge_Operation_>
			</operations>
		</IRP_Roadef_Challenge_Shift_>
		<IRP_Roadef_Challenge_Shift_>
			<index>3</index>
			<driver>0</driver>
			<trailer>1</trailer>
			<start>1239</start>
			<operations>
				<IRP_Roadef_Challenge_Operation_>
					<point>1</point>
					<arrival>1272</arrival>
					<Quantity>-22453.543237304668</Quantity>
				</IRP_Roadef_Challenge_Operation_>
				<IRP_Roadef_Challenge_Operation_>
					<point>57</point>
					<arrival>1386</arrival>
					<Quantity>18345.490917968746</Quantity>
				</IRP_Roadef_Challenge_Operation_>
				<IRP_Roadef_Challenge_Operation_>
					<point>51</point>
					<arrival>1502</arrival>
					<Quantity>3792.2117919921893</Quantity>
				</IRP_Roadef_Challenge_Operation_>
				<IRP_Roadef_Challenge_Operation_>
					<point>1</point>
					<arrival>1602</arrival>
					<Quantity>-22137.702709960937</Quantity>
				</IRP_Roadef_Challenge_Operation_>
				<IRP_Roadef_Challenge_Operation_>
					<point>8</point>
					<arrival>1735</arrival>
					<Quantity>7000</Quantity>
				</IRP_Roadef_Challenge_Operation_>
				<IRP_Roadef_Challenge_Operation_>
					<point>151</point>
					<arrival>1831</arrival>
					<Quantity>13308.399999999929</Quantity>
				</IRP_Roadef_Challenge_Operation_>
			</operations>
		</IRP_Roadef_Challenge_Shift_>
		<IRP_Roadef_Challenge_Shift_>
			<index>4</index>
			<driver>6</driver>
			<trailer>0</trailer>
			<start>1343</start>
			<operations>
				<IRP_Roadef_Challenge_Operation_>
					<point>184</point>
					<arrival>1405</arrival>
					<Quantity>873.2031738281255</Quantity>
				</IRP_Roadef_Challenge_Operation_>
				<IRP_Roadef_Challenge_Operation_>
					<point>161</point>
					<arrival>1505</arrival>
					<Quantity>730.18027343749975</Quantity>
				</IRP_Roadef_Challenge_Operation_>
				<IRP_Roadef_Challenge_Operation_>
					<point>116</point>
					<arrival>1546</arrival>
					<Quantity>1763.4194335937532</Quantity>
				</IRP_Roadef_Challenge_Operation_>
				<IRP_Roadef_Challenge_Operation_>
					<point>23</point>
					<arrival>1605</arrival>
					<Quantity>1275.7266174316665</Quantity>
				</IRP_Roadef_Challenge_Operation_>
				<IRP_Roadef_Challenge_Operation_>
					<point>29</point>
					<arrival>1638</arrival>
					<Quantity>952.62542724609057</Quantity>
				</IRP_Roadef_Challenge_Operation_>
				<IRP_Roadef_Challenge_Operation_>
					<point>172</point>
					<arrival>1673</arrival>
					<Quantity>1456.9247314453107</Quantity>
				</IRP_Roadef_Challenge_Operation_>
				<IRP_Roadef_Challenge_Operation_>
					<point>68</point>
					<arrival>1714</arrival>
					<Quantity>1</Quantity>
				</IRP_Roadef_Challenge_Operation_>
				<IRP_Roadef_Challenge_Operation_>
					<point>90</point>
					<arrival>1754</arrival>
					<Quantity>414.32796630857047</Quantity>
				</IRP_Roadef_Challenge_Operation_>
				<IRP_Roadef_Challenge_Operation_>
					<point>99</point>
					<arrival>1803</arrival>
					<Quantity>834.50745239257787</Quantity>
				</IRP_Roadef_Challenge_Operation_>
				<IRP_Roadef_Challenge_Operation_>
					<point>102</point>
					<arrival>1847</arrival>
					<Quantity>698.08492431640627</Quantity>
				</IRP_Roadef_Challenge_Operation_>
			</operations>
		</IRP_Roadef_Challenge_Shift_>
		<IRP_Roadef_Challenge_Shift_>
			<index>5</index>
			<driver>3</driver>
			<trailer>2</trailer>
			<start>1615</start>
			<operations>
				<IRP_Roadef_Challenge_Operation_>
					<point>1</point>
					<arrival>1648</arrival>
					<Quantity>-13350</Quantity>
				</IRP_Roadef_Challenge_Operation_>
				<IRP_Roadef_Challenge_Operation_>
					<point>26</point>
					<arrival>1726</arrival>
					<Quantity>1921.8121093749999</Quantity>
				</IRP_Roadef_Challenge_Operation_>
				<IRP_Roadef_Challenge_Operation_>
					<point>109</point>
					<arrival>1775</arrival>
					<Quantity>416.96932983398358</Quantity>
				</IRP_Roadef_Challenge_Operation_>
				<IRP_Roadef_Challenge_Operation_>
					<point>174</point>
					<arrival>1831</arrival>
					<Quantity>8882.6499999999505</Quantity>
				</IRP_Roadef_Challenge_Operation_>
			</operations>
		</IRP_Roadef_Challenge_Shift_>
		<IRP_Roadef_Challenge_Shift_>
			<index>6</index>
			<driver>1</driver>
			<trailer>1</trailer>
			<start>1949</start>
			<operations>
				<IRP_Roadef_Challenge_Operation_>
					<point>1</point>
					<arrival>1982</arrival>
					<Quantity>-20308.399999999925</Quantity>
				</IRP_Roadef_Challenge_Operation_>
				<IRP_Roadef_Challenge_Operation_>
					<point>24</point>
					<arrival>2110</arrival>
					<Quantity>9625.4380859374833</Quantity>
				</IRP_Roadef_Challenge_Operation_>
				<IRP_Roadef_Challenge_Operation_>
					<point>128</point>
					<arrival>2235</arrival>
					<Quantity>13234.561914062513</Quantity>
				</IRP_Roadef_Challenge_Operation_>
			</operations>
		</IRP_Roadef_Challenge_Shift_>
		<IRP_Roadef_Challenge_Shift_>
			<index>7</index>
			<driver>5</driver>
			<trailer>2</trailer>
			<start>2101</start>
			<operations>
				<IRP_Roadef_Challenge_Operation_>
					<point>1</point>
					<arrival>2134</arrival>
					<Quantity>-11221.431439208935</Quantity>
				</IRP_Roadef_Challenge_Operation_>
				<IRP_Roadef_Challenge_Operation_>
					<point>142</point>
					<arrival>2316</arrival>
					<Quantity>291.95848388671999</Quantity>
				</IRP_Roadef_Challenge_Operation_>
				<IRP_Roadef_Challenge_Operation_>
					<point>130</point>
					<arrival>2365</arrival>
					<Quantity>529.36895004283406</Quantity>
				</IRP_Roadef_Challenge_Operation_>
				<IRP_Roadef_Challenge_Operation_>
					<point>44</point>
					<arrival>2400</arrival>
					<Quantity>5953.7180494688546</Quantity>
				</IRP_Roadef_Challenge_Operation_>
				<IRP_Roadef_Challenge_Operation_>
					<point>30</point>
					<arrival>2472</arrival>
					<Quantity>1660.0897150770015</Quantity>
				</IRP_Roadef_Challenge_Operation_>
				<IRP_Roadef_Challenge_Operation_>
					<point>146</point>
					<arrival>2529</arrival>
					<Quantity>4914.8648015245899</Quantity>
				</IRP_Roadef_Challenge_Operation_>
			</operations>
		</IRP_Roadef_Challenge_Shift_>
		<IRP_Roadef_Challenge_Shift_>
			<index>8</index>
			<driver>4</driver>
			<trailer>0</trailer>
			<start>2259</start>
			<operations>
				<IRP_Roadef_Challenge_Operation_>
					<point>1</point>
					<arrival>2292</arrival>
					<Quantity>-9000</Quantity>
				</IRP_Roadef_Challenge_Operation_>
				<IRP_Roadef_Challenge_Operation_>
					<point>144</point>
					<arrival>2367</arrival>
					<Quantity>1</Quantity>
				</IRP_Roadef_Challenge_Operation_>
				<IRP_Roadef_Challenge_Operation_>
					<point>144</point>
					<arrival>2397</arrival>
					<Quantity>474.19757690426582</Quantity>
				</IRP_Roadef_Challenge_Operation_>
				<IRP_Roadef_Challenge_Operation_>
					<point>185</point>
					<arrival>2441</arrival>
					<Quantity>783.72080000000005</Quantity>
				</IRP_Roadef_Challenge_Operation_>
				<IRP_Roadef_Challenge_Operation_>
					<point>138</point>
					<arrival>2477</arrival>
					<Quantity>716.00828412932788</Quantity>
				</IRP_Roadef_Challenge_Operation_>
				<IRP_Roadef_Challenge_Operation_>
					<point>80</point>
					<arrival>2549</arrival>
					<Quantity>1</Quantity>
				</IRP_Roadef_Challenge_Operation_>
				<IRP_Roadef_Challenge_Operation_>
					<point>80</point>
					<arrival>2579</arrival>
					<Quantity>340.61152256014725</Quantity>
				</IRP_Roadef_Challenge_Operation_>
				<IRP_Roadef_Challenge_Operation_>
					<point>121</point>
					<arrival>2618</arrival>
					<Quantity>6683.4618164062576</Quantity>
				</IRP_Roadef_Challenge_Operation_>
			</operations>
		</IRP_Roadef_Challenge_Shift_>
		<IRP_Roadef_Challenge_Shift_>
			<index>9</index>
			<driver>0</driver>
			<trailer>1</trailer>
			<start>2932</start>
			<operations>
				<IRP_Roadef_Challenge_Operation_>
					<point>1</point>
					<arrival>2965</arrival>
					<Quantity>-22860</Quantity>
				</IRP_Roadef_Challenge_Operation_>
				<IRP_Roadef_Challenge_Operation_>
					<point>70</point>
					<arrival>3064</arrival>
					<Quantity>5738.3437499999891</Quantity>
				</IRP_Roadef_Challenge_Operation_>
				<IRP_Roadef_Challenge_Operation_>
					<point>25</point>
					<arrival>3131</arrival>
					<Quantity>3634.6246093749983</Quantity>
				</IRP_Roadef_Challenge_Operation_>
				<IRP_Roadef_Challenge_Operation_>
					<point>11</point>
					<arrival>3198</arrival>
					<Quantity>10972.678320312501</Quantity>
				</IRP_Roadef_Challenge_Operation_>
				<IRP_Roadef_Challenge_Operation_>
					<point>14</point>
					<arrival>3270</arrival>
					<Quantity>2180.879370117189</Quantity>
				</IRP_Roadef_Challenge_Operation_>
			</operations>
		</IRP_Roadef_Challenge_Shift_>
		<IRP_Roadef_Challenge_Shift_>
			<index>10</index>
			<driver>6</driver>
			<trailer>0</trailer>
			<start>2983</start>
			<operations>
				<IRP_Roadef_Challenge_Operation_>
					<point>1</point>
					<arrival>3016</arrival>
					<Quantity>-9000</Quantity>
				</IRP_Roadef_Challenge_Operation_>
				<IRP_Roadef_Challenge_Operation_>
					<point>80</point>
					<arrival>3130</arrival>
					<Quantity>1</Quantity>
				</IRP_Roadef_Challenge_Operation_>
				<IRP_Roadef_Challenge_Operation_>
					<point>80</point>
					<arrival>3160</arrival>
					<Quantity>474.05141087544371</Quantity>
				</IRP_Roadef_Challenge_Operation_>
				<IRP_Roadef_Challenge_Operation_>
					<point>162</point>
					<arrival>3195</arrival>
					<Quantity>7582.8232910156148</Quantity>
				</IRP_Roadef_Challenge_Operation_>
				<IRP_Roadef_Challenge_Operation_>
					<point>150</point>
					<arrival>3248</arrival>
					<Quantity>445.94594019882197</Quantity>
				</IRP_Roadef_Challenge_Operation_>
				<IRP_Roadef_Challenge_Operation_>
					<point>122</point>
					<arrival>3300</arrival>
					<Quantity>496.17935791012314</Quantity>
				</IRP_Roadef_Challenge_Operation_>
			</operations>
		</IRP_Roadef_Challenge_Shift_>
		<IRP_Roadef_Challenge_Shift_>
			<index>11</index>
			<driver>1</driver>
			<trailer>1</trailer>
			<start>3389</start>
			<operations>
				<IRP_Roadef_Challenge_Operation_>
					<point>1</point>
					<arrival>3422</arrival>
					<Quantity>-22526.526049804681</Quantity>
				</IRP_Roadef_Challenge_Operation_>
				<IRP_Roadef_Challenge_Operation_>
					<point>153</point>
					<arrival>3557</arrival>
					<Quantity>15191.09591064463</Quantity>
				</IRP_Roadef_Challenge_Operation_>
				<IRP_Roadef_Challenge_Operation_>
					<point>133</point>
					<arrival>3770</arrival>
					<Quantity>6779.5745117187516</Quantity>
				</IRP_Roadef_Challenge_Operation_>
			</operations>
		</IRP_Roadef_Challenge_Shift_>
		<IRP_Roadef_Challenge_Shift_>
			<index>12</index>
			<driver>5</driver>
			<trailer>2</trailer>
			<start>3858</start>
			<operations>
				<IRP_Roadef_Challenge_Operation_>
					<point>1</point>
					<arrival>3891</arrival>
					<Quantity>-13350</Quantity>
				</IRP_Roadef_Challenge_Operation_>
				<IRP_Roadef_Challenge_Operation_>
					<point>53</point>
					<arrival>4010</arrival>
					<Quantity>7087.9664062500015</Quantity>
				</IRP_Roadef_Challenge_Operation_>
				<IRP_Roadef_Challenge_Operation_>
					<point>171</point>
					<arrival>4068</arrival>
					<Quantity>6103.2720214843703</Quantity>
				</IRP_Roadef_Challenge_Operation_>
			</operations>
		</IRP_Roadef_Challenge_Shift_>
		<IRP_Roadef_Challenge_Shift_>
			<index>13</index>
			<driver>3</driver>
			<trailer>2</trailer>
			<start>4199</start>
			<operations>
				<IRP_Roadef_Challenge_Operation_>
					<point>1</point>
					<arrival>4232</arrival>
					<Quantity>-13191.238427734374</Quantity>
				</IRP_Roadef_Challenge_Operation_>
				<IRP_Roadef_Challenge_Operation_>
					<point>26</point>
					<arrival>4310</arrival>
					<Quantity>524.86873735504241</Quantity>
				</IRP_Roadef_Challenge_Operation_>
				<IRP_Roadef_Challenge_Operation_>
					<point>110</point>
					<arrival>4384</arrival>
					<Quantity>398.33856201171818</Quantity>
				</IRP_Roadef_Challenge_Operation_>
				<IRP_Roadef_Challenge_Operation_>
					<point>28</point>
					<arrival>4422</arrival>
					<Quantity>1269.0314945785717</Quantity>
				</IRP_Roadef_Challenge_Operation_>
				<IRP_Roadef_Challenge_Operation_>
					<point>54</point>
					<arrival>4464</arrival>
					<Quantity>1</Quantity>
				</IRP_Roadef_Challenge_Operation_>
				<IRP_Roadef_Challenge_Operation_>
					<point>54</point>
					<arrival>4494</arrival>
					<Quantity>2166.7663452148404</Quantity>
				</IRP_Roadef_Challenge_Operation_>
				<IRP_Roadef_Challenge_Operation_>
					<point>113</point>
					<arrival>4556</arrival>
					<Quantity>1705.4025268554688</Quantity>
				</IRP_Roadef_Challenge_Operation_>
				<IRP_Roadef_Challenge_Operation_>
					<point>67</point>
					<arrival>4601</arrival>
					<Quantity>4824.8192871093761</Quantity>
				</IRP_Roadef_Challenge_Operation_>
				<IRP_Roadef_Challenge_Operation_>
					<point>32</point>
					<arrival>4666</arrival>
					<Quantity>1057.6326660156194</Quantity>
				</IRP_Roadef_Challenge_Operation_>
				<IRP_Roadef_Challenge_Operation_>
					<point>33</point>
					<arrival>4708</arrival>
					<Quantity>1402.1403808593682</Quantity>
				</IRP_Roadef_Challenge_Operation_>
			</operations>
		</IRP_Roadef_Challenge_Shift_>
		<IRP_Roadef_Challenge_Shift_>
			<index>14</index>
			<driver>6</driver>
			<trailer>0</trailer>
			<start>4361</start>
			<operations>
				<IRP_Roadef_Challenge_Operation_>
					<point>1</point>
					<arrival>4394</arrival>
					<Quantity>-9000</Quantity>
				</IRP_Roadef_Challenge_Operation_>
				<IRP_Roadef_Challenge_Operation_>
					<point>90</point>
					<arrival>4512</arrival>
					<Quantity>556.7303466796684</Quantity>
				</IRP_Roadef_Challenge_Operation_>
				<IRP_Roadef_Challenge_Operation_>
					<point>6</point>
					<arrival>4557</arrival>
					<Quantity>5247.5327636718885</Quantity>
				</IRP_Roadef_Challenge_Operation_>
				<IRP_Roadef_Challenge_Operation_>
					<point>167</point>
					<arrival>4627</arrival>
					<Quantity>1797.6939086914085</Quantity>
				</IRP_Roadef_Challenge_Operation_>
				<IRP_Roadef_Challenge_Operation_>
					<point>145</point>
					<arrival>4664</arrival>
					<Quantity>753.4134155273448</Quantity>
				</IRP_Roadef_Challenge_Operation_>
				<IRP_Roadef_Challenge_Operation_>
					<point>91</point>
					<arrival>4719</arrival>
					<Quantity>644.62956542968629</Quantity>
				</IRP_Roadef_Challenge_Operation_>
			</operations>
		</IRP_Roadef_Challenge_Shift_>
		<IRP_Roadef_Challenge_Shift_>
			<index>15</index>
			<driver>1</driver>
			<trailer>1</trailer>
			<start>4821</start>
			<operations>
				<IRP_Roadef_Challenge_Operation_>
					<point>1</point>
					<arrival>4854</arrival>
					<Quantity>-21970.670422363379</Quantity>
				</IRP_Roadef_Challenge_Operation_>
				<IRP_Roadef_Challenge_Operation_>
					<point>84</point>
					<arrival>4927</arrival>
					<Quantity>3770.5000000000664</Quantity>
				</IRP_Roadef_Challenge_Operation_>
				<IRP_Roadef_Challenge_Operation_>
					<point>134</point>
					<arrival>4974</arrival>
					<Quantity>4763.2363281249827</Quantity>
				</IRP_Roadef_Challenge_Operation_>
				<IRP_Roadef_Challenge_Operation_>
					<point>118</point>
					<arrival>5031</arrival>
					<Quantity>4932.0899414062096</Quantity>
				</IRP_Roadef_Challenge_Operation_>
				<IRP_Roadef_Challenge_Operation_>
					<point>7</point>
					<arrival>5209</arrival>
					<Quantity>3824.299999999987</Quantity>
				</IRP_Roadef_Challenge_Operation_>
				<IRP_Roadef_Challenge_Operation_>
					<point>95</point>
					<arrival>5350</arrival>
					<Quantity>3730.4737304687496</Quantity>
				</IRP_Roadef_Challenge_Operation_>
				<IRP_Roadef_Challenge_Operation_>
					<point>42</point>
					<arrival>5405</arrival>
					<Quantity>1839.3999999999996</Quantity>
				</IRP_Roadef_Challenge_Operation_>
			</operations>
		</IRP_Roadef_Challenge_Shift_>
		<IRP_Roadef_Challenge_Shift_>
			<index>16</index>
			<driver>5</driver>
			<trailer>2</trailer>
			<start>4867</start>
			<operations>
				<IRP_Roadef_Challenge_Operation_>
					<point>1</point>
					<arrival>4900</arrival>
					<Quantity>-13350</Quantity>
				</IRP_Roadef_Challenge_Operation_>
				<IRP_Roadef_Challenge_Operation_>
					<point>69</point>
					<arrival>5015</arrival>
					<Quantity>5461.8419675159694</Quantity>
				</IRP_Roadef_Challenge_Operation_>
				<IRP_Roadef_Challenge_Operation_>
					<point>150</point>
					<arrival>5064</arrival>
					<Quantity>445.94594019882197</Quantity>
				</IRP_Roadef_Challenge_Operation_>
				<IRP_Roadef_Challenge_Operation_>
					<point>143</point>
					<arrival>5108</arrival>
					<Quantity>3483.4510375976615</Quantity>
				</IRP_Roadef_Challenge_Operation_>
				<IRP_Roadef_Challenge_Operation_>
					<point>3</point>
					<arrival>5182</arrival>
					<Quantity>630.48000000000002</Quantity>
				</IRP_Roadef_Challenge_Operation_>
				<IRP_Roadef_Challenge_Operation_>
					<point>118</point>
					<arrival>5220</arrival>
					<Quantity>3328.281054687548</Quantity>
				</IRP_Roadef_Challenge_Operation_>
				<IRP_Roadef_Challenge_Operation_>
					<point>1</point>
					<arrival>5294</arrival>
					<Quantity>-13350</Quantity>
				</IRP_Roadef_Challenge_Operation_>
				<IRP_Roadef_Challenge_Operation_>
					<point>28</point>
					<arrival>5407</arrival>
					<Quantity>1040.902868214398</Quantity>
				</IRP_Roadef_Challenge_Operation_>
				<IRP_Roadef_Challenge_Operation_>
					<point>63</point>
					<arrival>5449</arrival>
					<Quantity>5183.1955566406223</Quantity>
				</IRP_Roadef_Challenge_Operation_>
				<IRP_Roadef_Challenge_Operation_>
					<point>124</point>
					<arrival>5516</arrival>
					<Quantity>7099.3626708984393</Quantity>
				</IRP_Roadef_Challenge_Operation_>
			</operations>
		</IRP_Roadef_Challenge_Shift_>
		<IRP_Roadef_Challenge_Shift_>
			<index>17</index>
			<driver>4</driver>
			<trailer>0</trailer>
			<start>5174</start>
			<operations>
				<IRP_Roadef_Challenge_Operation_>
					<point>1</point>
					<arrival>5207</arrival>
					<Quantity>-9000</Quantity>
				</IRP_Roadef_Challenge_Operation_>
				<IRP_Roadef_Challenge_Operation_>
					<point>180</point>
					<arrival>5313</arrival>
					<Quantity>1063.877197265623</Quantity>
				</IRP_Roadef_Challenge_Operation_>
				<IRP_Roadef_Challenge_Operation_>
					<point>93</point>
					<arrival>5366</arrival>
					<Quantity>455.88599853515666</Quantity>
				</IRP_Roadef_Challenge_Operation_>
				<IRP_Roadef_Challenge_Operation_>
					<point>126</point>
					<arrival>5409</arrival>
					<Quantity>1764.6115722656186</Quantity>
				</IRP_Roadef_Challenge_Operation_>
				<IRP_Roadef_Challenge_Operation_>
					<point>21</point>
					<arrival>5440</arrival>
					<Quantity>3465.387252671801</Quantity>
				</IRP_Roadef_Challenge_Operation_>
				<IRP_Roadef_Challenge_Operation_>
					<point>85</point>
					<arrival>5487</arrival>
					<Quantity>613.53329176180159</Quantity>
				</IRP_Roadef_Challenge_Operation_>
				<IRP_Roadef_Challenge_Operation_>
					<point>101</point>
					<arrival>5525</arrival>
					<Quantity>1636.7046875000005</Quantity>
				</IRP_Roadef_Challenge_Operation_>
			</operations>
		</IRP_Roadef_Challenge_Shift_>
		<IRP_Roadef_Challenge_Shift_>
			<index>18</index>
			<driver>2</driver>
			<trailer>3</trailer>
			<start>5355</start>
			<operations>
				<IRP_Roadef_Challenge_Operation_>
					<point>1</point>
					<arrival>5388</arrival>
					<Quantity>-9353.6468749999949</Quantity>
				</IRP_Roadef_Challenge_Operation_>
				<IRP_Roadef_Challenge_Operation_>
					<point>73</point>
					<arrival>5685</arrival>
					<Quantity>1313.4649414062505</Quantity>
				</IRP_Roadef_Challenge_Operation_>
				<IRP_Roadef_Challenge_Operation_>
					<point>16</point>
					<arrival>5876</arrival>
					<Quantity>1</Quantity>
				</IRP_Roadef_Challenge_Operation_>
				<IRP_Roadef_Challenge_Operation_>
					<point>16</point>
					<arrival>5906</arrival>
					<Quantity>696.2053100585938</Quantity>
				</IRP_Roadef_Challenge_Operation_>
				<IRP_Roadef_Challenge_Operation_>
					<point>19</point>
					<arrival>6002</arrival>
					<Quantity>8401.9735546875036</Quantity>
				</IRP_Roadef_Challenge_Operation_>
				<IRP_Roadef_Challenge_Operation_>
					<point>94</point>
					<arrival>6686</arrival>
					<Quantity>10587.356193847656</Quantity>
				</IRP_Roadef_Challenge_Operation_>
				<IRP_Roadef_Challenge_Operation_>
					<point>1</point>
					<arrival>6962</arrival>
					<Quantity>-21000</Quantity>
				</IRP_Roadef_Challenge_Operation_>
				<IRP_Roadef_Challenge_Operation_>
					<point>151</point>
					<arrival>7061</arrival>
					<Quantity>12349.600000000042</Quantity>
				</IRP_Roadef_Challenge_Operation_>
				<IRP_Roadef_Challenge_Operation_>
					<point>174</point>
					<arrival>7122</arrival>
					<Quantity>8650.3999999999505</Quantity>
				</IRP_Roadef_Challenge_Operation_>
				<IRP_Roadef_Challenge_Operation_>
					<point>1</point>
					<arrival>7222</arrival>
					<Quantity>-21000</Quantity>
				</IRP_Roadef_Challenge_Operation_>
			</operations>
		</IRP_Roadef_Challenge_Shift_>
		<IRP_Roadef_Challenge_Shift_>
			<index>19</index>
			<driver>0</driver>
			<trailer>1</trailer>
			<start>5569</start>
			<operations>
				<IRP_Roadef_Challenge_Operation_>
					<point>1</point>
					<arrival>5602</arrival>
					<Quantity>-22860</Quantity>
				</IRP_Roadef_Challenge_Operation_>
				<IRP_Roadef_Challenge_Operation_>
					<point>45</point>
					<arrival>5731</arrival>
					<Quantity>9499.3449218749738</Quantity>
				</IRP_Roadef_Challenge_Operation_>
				<IRP_Roadef_Challenge_Operation_>
					<point>96</point>
					<arrival>5793</arrival>
					<Quantity>6412.1620795254803</Quantity>
				</IRP_Roadef_Challenge_Operation_>
				<IRP_Roadef_Challenge_Operation_>
					<point>151</point>
					<arrival>5893</arrival>
					<Quantity>6948.4929985995605</Quantity>
				</IRP_Roadef_Challenge_Operation_>
				<IRP_Roadef_Challenge_Operation_>
					<point>1</point>
					<arrival>5993</arrival>
					<Quantity>-22860</Quantity>
				</IRP_Roadef_Challenge_Operation_>
			</operations>
		</IRP_Roadef_Challenge_Shift_>
		<IRP_Roadef_Challenge_Shift_>
			<index>20</index>
			<driver>6</driver>
			<trailer>0</trailer>
			<start>5700</start>
			<operations>
				<IRP_Roadef_Challenge_Operation_>
					<point>1</point>
					<arrival>5733</arrival>
					<Quantity>-9000</Quantity>
				</IRP_Roadef_Challenge_Operation_>
				<IRP_Roadef_Challenge_Operation_>
					<point>108</point>
					<arrival>5812</arrival>
					<Quantity>2211.9524658203104</Quantity>
				</IRP_Roadef_Challenge_Operation_>
				<IRP_Roadef_Challenge_Operation_>
					<point>79</point>
					<arrival>5879</arrival>
					<Quantity>751.25541992187675</Quantity>
				</IRP_Roadef_Challenge_Operation_>
				<IRP_Roadef_Challenge_Operation_>
					<point>127</point>
					<arrival>5928</arrival>
					<Quantity>1025.0216796875002</Quantity>
				</IRP_Roadef_Challenge_Operation_>
				<IRP_Roadef_Challenge_Operation_>
					<point>106</point>
					<arrival>5979</arrival>
					<Quantity>2665.1556762695413</Quantity>
				</IRP_Roadef_Challenge_Operation_>
				<IRP_Roadef_Challenge_Operation_>
					<point>81</point>
					<arrival>6053</arrival>
					<Quantity>759.15699462890586</Quantity>
				</IRP_Roadef_Challenge_Operation_>
				<IRP_Roadef_Challenge_Operation_>
					<point>27</point>
					<arrival>6115</arrival>
					<Quantity>1587.4577636718705</Quantity>
				</IRP_Roadef_Challenge_Operation_>
			</operations>
		</IRP_Roadef_Challenge_Shift_>
		<IRP_Roadef_Challenge_Shift_>
			<index>21</index>
			<driver>3</driver>
			<trailer>2</trailer>
			<start>5833</start>
			<operations>
				<IRP_Roadef_Challenge_Operation_>
					<point>1</point>
					<arrival>5866</arrival>
					<Quantity>-13323.461095753459</Quantity>
				</IRP_Roadef_Challenge_Operation_>
				<IRP_Roadef_Challenge_Operation_>
					<point>144</point>
					<arrival>5941</arrival>
					<Quantity>111.75808715823223</Quantity>
				</IRP_Roadef_Challenge_Operation_>
				<IRP_Roadef_Challenge_Operation_>
					<point>178</point>
					<arrival>5997</arrival>
					<Quantity>1</Quantity>
				</IRP_Roadef_Challenge_Operation_>
				<IRP_Roadef_Challenge_Operation_>
					<point>178</point>
					<arrival>6027</arrival>
					<Quantity>1018.3142272948862</Quantity>
				</IRP_Roadef_Challenge_Operation_>
				<IRP_Roadef_Challenge_Operation_>
					<point>140</point>
					<arrival>6066</arrival>
					<Quantity>2578.0004882812482</Quantity>
				</IRP_Roadef_Challenge_Operation_>
				<IRP_Roadef_Challenge_Operation_>
					<point>20</point>
					<arrival>6131</arrival>
					<Quantity>9640.9271972656206</Quantity>
				</IRP_Roadef_Challenge_Operation_>
			</operations>
		</IRP_Roadef_Challenge_Shift_>
		<IRP_Roadef_Challenge_Shift_>
			<index>22</index>
			<driver>1</driver>
			<trailer>1</trailer>
			<start>6170</start>
			<operations>
				<IRP_Roadef_Challenge_Operation_>
					<point>123</point>
					<arrival>6230</arrival>
					<Quantity>573.4573120117193</Quantity>
				</IRP_Roadef_Challenge_Operation_>
				<IRP_Roadef_Challenge_Operation_>
					<point>56</point>
					<arrival>6307</arrival>
					<Quantity>3048.1360839843751</Quantity>
				</IRP_Roadef_Challenge_Operation_>
				<IRP_Roadef_Challenge_Operation_>
					<point>100</point>
					<arrival>6364</arrival>
					<Quantity>10411.656249999991</Quantity>
				</IRP_Roadef_Challenge_Operation_>
				<IRP_Roadef_Challenge_Operation_>
					<point>155</point>
					<arrival>6431</arrival>
					<Quantity>5738.8276367186827</Quantity>
				</IRP_Roadef_Challenge_Operation_>
				<IRP_Roadef_Challenge_Operation_>
					<point>47</point>
					<arrival>6517</arrival>
					<Quantity>2093</Quantity>
				</IRP_Roadef_Challenge_Operation_>
				<IRP_Roadef_Challenge_Operation_>
					<point>1</point>
					<arrival>6625</arrival>
					<Quantity>-21865.077282714781</Quantity>
				</IRP_Roadef_Challenge_Operation_>
				<IRP_Roadef_Challenge_Operation_>
					<point>71</point>
					<arrival>6779</arrival>
					<Quantity>12692.581982421862</Quantity>
				</IRP_Roadef_Challenge_Operation_>
				<IRP_Roadef_Challenge_Operation_>
					<point>4</point>
					<arrival>6960</arrival>
					<Quantity>7261.0267382811617</Quantity>
				</IRP_Roadef_Challenge_Operation_>
			</operations>
		</IRP_Roadef_Challenge_Shift_>
		<IRP_Roadef_Challenge_Shift_>
			<index>23</index>
			<driver>5</driver>
			<trailer>2</trailer>
			<start>6352</start>
			<operations>
				<IRP_Roadef_Challenge_Operation_>
					<point>1</point>
					<arrival>6385</arrival>
					<Quantity>-13350</Quantity>
				</IRP_Roadef_Challenge_Operation_>
				<IRP_Roadef_Challenge_Operation_>
					<point>183</point>
					<arrival>6502</arrival>
					<Quantity>5390.0570312499876</Quantity>
				</IRP_Roadef_Challenge_Operation_>
				<IRP_Roadef_Challenge_Operation_>
					<point>76</point>
					<arrival>6561</arrival>
					<Quantity>5585.0686523437453</Quantity>
				</IRP_Roadef_Challenge_Operation_>
				<IRP_Roadef_Challenge_Operation_>
					<point>166</point>
					<arrival>6650</arrival>
					<Quantity>1848.3053222656201</Quantity>
				</IRP_Roadef_Challenge_Operation_>
				<IRP_Roadef_Challenge_Operation_>
					<point>137</point>
					<arrival>6690</arrival>
					<Quantity>436.01108398437418</Quantity>
				</IRP_Roadef_Challenge_Operation_>
				<IRP_Roadef_Challenge_Operation_>
					<point>1</point>
					<arrival>6746</arrival>
					<Quantity>-13259.442089843707</Quantity>
				</IRP_Roadef_Challenge_Operation_>
				<IRP_Roadef_Challenge_Operation_>
					<point>62</point>
					<arrival>6863</arrival>
					<Quantity>3257.363378906266</Quantity>
				</IRP_Roadef_Challenge_Operation_>
				<IRP_Roadef_Challenge_Operation_>
					<point>181</point>
					<arrival>6929</arrival>
					<Quantity>10092.636621093745</Quantity>
				</IRP_Roadef_Challenge_Operation_>
			</operations>
		</IRP_Roadef_Challenge_Shift_>
		<IRP_Roadef_Challenge_Shift_>
			<index>24</index>
			<driver>4</driver>
			<trailer>0</trailer>
			<start>6643</start>
			<operations>
				<IRP_Roadef_Challenge_Operation_>
					<point>1</point>
					<arrival>6676</arrival>
					<Quantity>-9000</Quantity>
				</IRP_Roadef_Challenge_Operation_>
				<IRP_Roadef_Challenge_Operation_>
					<point>136</point>
					<arrival>6771</arrival>
					<Quantity>1319.36149902344</Quantity>
				</IRP_Roadef_Challenge_Operation_>
				<IRP_Roadef_Challenge_Operation_>
					<point>80</point>
					<arrival>6832</arrival>
					<Quantity>1751.140966539391</Quantity>
				</IRP_Roadef_Challenge_Operation_>
				<IRP_Roadef_Challenge_Operation_>
					<point>148</point>
					<arrival>6871</arrival>
					<Quantity>712.35668945312432</Quantity>
				</IRP_Roadef_Challenge_Operation_>
				<IRP_Roadef_Challenge_Operation_>
					<point>68</point>
					<arrival>6904</arrival>
					<Quantity>953.7978027343753</Quantity>
				</IRP_Roadef_Challenge_Operation_>
				<IRP_Roadef_Challenge_Operation_>
					<point>57</point>
					<arrival>6945</arrival>
					<Quantity>4263.3430422496695</Quantity>
				</IRP_Roadef_Challenge_Operation_>
			</operations>
		</IRP_Roadef_Challenge_Shift_>
		<IRP_Roadef_Challenge_Shift_>
			<index>25</index>
			<driver>5</driver>
			<trailer>2</trailer>
			<start>8115</start>
			<operations>
				<IRP_Roadef_Challenge_Operation_>
					<point>1</point>
					<arrival>8148</arrival>
					<Quantity>-13350</Quantity>
				</IRP_Roadef_Challenge_Operation_>
				<IRP_Roadef_Challenge_Operation_>
					<point>153</point>
					<arrival>8283</arrival>
					<Quantity>9845.2790893554466</Quantity>
				</IRP_Roadef_Challenge_Operation_>
				<IRP_Roadef_Challenge_Operation_>
					<point>179</point>
					<arrival>8367</arrival>
					<Quantity>748.08135986327932</Quantity>
				</IRP_Roadef_Challenge_Operation_>
				<IRP_Roadef_Challenge_Operation_>
					<point>117</point>
					<arrival>8400</arrival>
					<Quantity>2756.6395507812467</Quantity>
				</IRP_Roadef_Challenge_Operation_>
			</operations>
		</IRP_Roadef_Challenge_Shift_>
		<IRP_Roadef_Challenge_Shift_>
			<index>26</index>
			<driver>5</driver>
			<trailer>2</trailer>
			<start>9393</start>
			<operations>
				<IRP_Roadef_Challenge_Operation_>
					<point>1</point>
					<arrival>9426</arrival>
					<Quantity>-13350</Quantity>
				</IRP_Roadef_Challenge_Operation_>
				<IRP_Roadef_Challenge_Operation_>
					<point>35</point>
					<arrival>9539</arrival>
					<Quantity>2827.4523681640644</Quantity>
				</IRP_Roadef_Challenge_Operation_>
				<IRP_Roadef_Challenge_Operation_>
					<point>58</point>
					<arrival>9628</arrival>
					<Quantity>1019.576611328126</Quantity>
				</IRP_Roadef_Challenge_Operation_>
				<IRP_Roadef_Challenge_Operation_>
					<point>114</point>
					<arrival>9674</arrival>
					<Quantity>3160.8999999999915</Quantity>
				</IRP_Roadef_Challenge_Operation_>
				<IRP_Roadef_Challenge_Operation_>
					<point>120</point>
					<arrival>9729</arrival>
					<Quantity>4359.684057617189</Quantity>
				</IRP_Roadef_Challenge_Operation_>
				<IRP_Roadef_Challenge_Operation_>
					<point>9</point>
					<arrival>9809</arrival>
					<Quantity>1778.7057861328155</Quantity>
				</IRP_Roadef_Challenge_Operation_>
			</operations>
		</IRP_Roadef_Challenge_Shift_>
		<IRP_Roadef_Challenge_Shift_>
			<index>27</index>
			<driver>0</driver>
			<trailer>1</trailer>
			<start>9960</start>
			<operations>
				<IRP_Roadef_Challenge_Operation_>
					<point>158</point>
					<arrival>9986</arrival>
					<Quantity>881.08999097836579</Quantity>
				</IRP_Roadef_Challenge_Operation_>
				<IRP_Roadef_Challenge_Operation_>
					<point>1</point>
					<arrival>10035</arrival>
					<Quantity>-20834.698711681405</Quantity>
				</IRP_Roadef_Challenge_Operation_>
				<IRP_Roadef_Challenge_Operation_>
					<point>18</point>
					<arrival>10228</arrival>
					<Quantity>4371.1638549804684</Quantity>
				</IRP_Roadef_Challenge_Operation_>
				<IRP_Roadef_Challenge_Operation_>
					<point>30</point>
					<arrival>10289</arrival>
					<Quantity>6649.3446184191271</Quantity>
				</IRP_Roadef_Challenge_Operation_>
				<IRP_Roadef_Challenge_Operation_>
					<point>146</point>
					<arrival>10346</arrival>
					<Quantity>11839.491526600414</Quantity>
				</IRP_Roadef_Challenge_Operation_>
			</operations>
		</IRP_Roadef_Challenge_Shift_>
		<IRP_Roadef_Challenge_Shift_>
			<index>28</index>
			<driver>6</driver>
			<trailer>0</trailer>
			<start>10133</start>
			<operations>
				<IRP_Roadef_Challenge_Operation_>
					<point>1</point>
					<arrival>10166</arrival>
					<Quantity>-9000</Quantity>
				</IRP_Roadef_Challenge_Operation_>
				<IRP_Roadef_Challenge_Operation_>
					<point>178</point>
					<arrival>10265</arrival>
					<Quantity>1265.3857727051141</Quantity>
				</IRP_Roadef_Challenge_Operation_>
				<IRP_Roadef_Challenge_Operation_>
					<point>160</point>
					<arrival>10320</arrival>
					<Quantity>787.52696533203243</Quantity>
				</IRP_Roadef_Challenge_Operation_>
				<IRP_Roadef_Challenge_Operation_>
					<point>88</point>
					<arrival>10356</arrival>
					<Quantity>920.63515625000082</Quantity>
				</IRP_Roadef_Challenge_Operation_>
				<IRP_Roadef_Challenge_Operation_>
					<point>23</point>
					<arrival>10404</arrival>
					<Quantity>1695.6521057128648</Quantity>
				</IRP_Roadef_Challenge_Operation_>
				<IRP_Roadef_Challenge_Operation_>
					<point>121</point>
					<arrival>10448</arrival>
					<Quantity>4330.7999999999993</Quantity>
				</IRP_Roadef_Challenge_Operation_>
			</operations>
		</IRP_Roadef_Challenge_Shift_>
		<IRP_Roadef_Challenge_Shift_>
			<index>29</index>
			<driver>3</driver>
			<trailer>2</trailer>
			<start>10153</start>
			<operations>
				<IRP_Roadef_Challenge_Operation_>
					<point>1</point>
					<arrival>10186</arrival>
					<Quantity>-13146.318823242173</Quantity>
				</IRP_Roadef_Challenge_Operation_>
				<IRP_Roadef_Challenge_Operation_>
					<point>99</point>
					<arrival>10304</arrival>
					<Quantity>645.89999999999998</Quantity>
				</IRP_Roadef_Challenge_Operation_>
				<IRP_Roadef_Challenge_Operation_>
					<point>107</point>
					<arrival>10352</arrival>
					<Quantity>6161.2821289062676</Quantity>
				</IRP_Roadef_Challenge_Operation_>
				<IRP_Roadef_Challenge_Operation_>
					<point>2</point>
					<arrival>10411</arrival>
					<Quantity>4392.4305786132791</Quantity>
				</IRP_Roadef_Challenge_Operation_>
				<IRP_Roadef_Challenge_Operation_>
					<point>106</point>
					<arrival>10467</arrival>
					<Quantity>2150.387292480455</Quantity>
				</IRP_Roadef_Challenge_Operation_>
			</operations>
		</IRP_Roadef_Challenge_Shift_>
		<IRP_Roadef_Challenge_Shift_>
			<index>30</index>
			<driver>1</driver>
			<trailer>1</trailer>
			<start>10724</start>
			<operations>
				<IRP_Roadef_Challenge_Operation_>
					<point>1</point>
					<arrival>10757</arrival>
					<Quantity>-22860</Quantity>
				</IRP_Roadef_Challenge_Operation_>
				<IRP_Roadef_Challenge_Operation_>
					<point>40</point>
					<arrival>10872</arrival>
					<Quantity>3085.1628988266166</Quantity>
				</IRP_Roadef_Challenge_Operation_>
				<IRP_Roadef_Challenge_Operation_>
					<point>52</point>
					<arrival>10967</arrival>
					<Quantity>5897.0999999999876</Quantity>
				</IRP_Roadef_Challenge_Operation_>
				<IRP_Roadef_Challenge_Operation_>
					<point>36</point>
					<arrival>11051</arrival>
					<Quantity>3483.9889282226632</Quantity>
				</IRP_Roadef_Challenge_Operation_>
				<IRP_Roadef_Challenge_Operation_>
					<point>37</point>
					<arrival>11152</arrival>
					<Quantity>4102.4979776382424</Quantity>
				</IRP_Roadef_Challenge_Operation_>
				<IRP_Roadef_Challenge_Operation_>
					<point>31</point>
					<arrival>11223</arrival>
					<Quantity>6291.2501953125129</Quantity>
				</IRP_Roadef_Challenge_Operation_>
			</operations>
		</IRP_Roadef_Challenge_Shift_>
		<IRP_Roadef_Challenge_Shift_>
			<index>31</index>
			<driver>5</driver>
			<trailer>2</trailer>
			<start>10970</start>
			<operations>
				<IRP_Roadef_Challenge_Operation_>
					<point>1</point>
					<arrival>11003</arrival>
					<Quantity>-13350</Quantity>
				</IRP_Roadef_Challenge_Operation_>
				<IRP_Roadef_Challenge_Operation_>
					<point>6</point>
					<arrival>11131</arrival>
					<Quantity>10581.384228515637</Quantity>
				</IRP_Roadef_Challenge_Operation_>
				<IRP_Roadef_Challenge_Operation_>
					<point>62</point>
					<arrival>11206</arrival>
					<Quantity>2768.6157714843612</Quantity>
				</IRP_Roadef_Challenge_Operation_>
				<IRP_Roadef_Challenge_Operation_>
					<point>1</point>
					<arrival>11302</arrival>
					<Quantity>-13350</Quantity>
				</IRP_Roadef_Challenge_Operation_>
			</operations>
		</IRP_Roadef_Challenge_Shift_>
		<IRP_Roadef_Challenge_Shift_>
			<index>32</index>
			<driver>4</driver>
			<trailer>0</trailer>
			<start>11041</start>
			<operations>
				<IRP_Roadef_Challenge_Operation_>
					<point>1</point>
					<arrival>11074</arrival>
					<Quantity>-9000</Quantity>
				</IRP_Roadef_Challenge_Operation_>
				<IRP_Roadef_Challenge_Operation_>
					<point>105</point>
					<arrival>11180</arrival>
					<Quantity>723.80000000001337</Quantity>
				</IRP_Roadef_Challenge_Operation_>
				<IRP_Roadef_Challenge_Operation_>
					<point>57</point>
					<arrival>11219</arrival>
					<Quantity>4662.056957750332</Quantity>
				</IRP_Roadef_Challenge_Operation_>
				<IRP_Roadef_Challenge_Operation_>
					<point>69</point>
					<arrival>11280</arrival>
					<Quantity>3614.1430422496487</Quantity>
				</IRP_Roadef_Challenge_Operation_>
			</operations>
		</IRP_Roadef_Challenge_Shift_>
		<IRP_Roadef_Challenge_Shift_>
			<index>33</index>
			<driver>3</driver>
			<trailer>2</trailer>
			<start>11588</start>
			<operations>
				<IRP_Roadef_Challenge_Operation_>
					<point>122</point>
					<arrival>11646</arrival>
					<Quantity>779.14349365237103</Quantity>
				</IRP_Roadef_Challenge_Operation_>
				<IRP_Roadef_Challenge_Operation_>
					<point>67</point>
					<arrival>11716</arrival>
					<Quantity>3375.2999999999902</Quantity>
				</IRP_Roadef_Challenge_Operation_>
				<IRP_Roadef_Challenge_Operation_>
					<point>24</point>
					<arrival>11777</arrival>
					<Quantity>8228.2999999999884</Quantity>
				</IRP_Roadef_Challenge_Operation_>
				<IRP_Roadef_Challenge_Operation_>
					<point>92</point>
					<arrival>11914</arrival>
					<Quantity>967.256506347656</Quantity>
				</IRP_Roadef_Challenge_Operation_>
			</operations>
		</IRP_Roadef_Challenge_Shift_>
		<IRP_Roadef_Challenge_Shift_>
			<index>34</index>
			<driver>5</driver>
			<trailer>2</trailer>
			<start>12316</start>
			<operations>
				<IRP_Roadef_Challenge_Operation_>
					<point>1</point>
					<arrival>12349</arrival>
					<Quantity>-13350</Quantity>
				</IRP_Roadef_Challenge_Operation_>
				<IRP_Roadef_Challenge_Operation_>
					<point>170</point>
					<arrival>12536</arrival>
					<Quantity>8187.6074218749982</Quantity>
				</IRP_Roadef_Challenge_Operation_>
				<IRP_Roadef_Challenge_Operation_>
					<point>146</point>
					<arrival>12609</arrival>
					<Quantity>5162.3925781250018</Quantity>
				</IRP_Roadef_Challenge_Operation_>
			</operations>
		</IRP_Roadef_Challenge_Shift_>
		<IRP_Roadef_Challenge_Shift_>
			<index>35</index>
			<driver>1</driver>
			<trailer>1</trailer>
			<start>12344</start>
			<operations>
				<IRP_Roadef_Challenge_Operation_>
					<point>1</point>
					<arrival>12377</arrival>
					<Quantity>-22860</Quantity>
				</IRP_Roadef_Challenge_Operation_>
				<IRP_Roadef_Challenge_Operation_>
					<point>96</point>
					<arrival>12506</arrival>
					<Quantity>8406.5988579745044</Quantity>
				</IRP_Roadef_Challenge_Operation_>
				<IRP_Roadef_Challenge_Operation_>
					<point>128</point>
					<arrival>12629</arrival>
					<Quantity>14428.420117187481</Quantity>
				</IRP_Roadef_Challenge_Operation_>
			</operations>
		</IRP_Roadef_Challenge_Shift_>
		<IRP_Roadef_Challenge_Shift_>
			<index>36</index>
			<driver>2</driver>
			<trailer>3</trailer>
			<start>12819</start>
			<operations>
				<IRP_Roadef_Challenge_Operation_>
					<point>22</point>
					<arrival>13092</arrival>
					<Quantity>2776.4397216796892</Quantity>
				</IRP_Roadef_Challenge_Operation_>
				<IRP_Roadef_Challenge_Operation_>
					<point>130</point>
					<arrival>13253</arrival>
					<Quantity>324.324320144598</Quantity>
				</IRP_Roadef_Challenge_Operation_>
				<IRP_Roadef_Challenge_Operation_>
					<point>44</point>
					<arrival>13888</arrival>
					<Quantity>17574.911638031146</Quantity>
				</IRP_Roadef_Challenge_Operation_>
				<IRP_Roadef_Challenge_Operation_>
					<point>130</point>
					<arrival>13953</arrival>
					<Quantity>324.324320144598</Quantity>
				</IRP_Roadef_Challenge_Operation_>
				<IRP_Roadef_Challenge_Operation_>
					<point>1</point>
					<arrival>14120</arrival>
					<Quantity>-21000</Quantity>
				</IRP_Roadef_Challenge_Operation_>
				<IRP_Roadef_Challenge_Operation_>
					<point>174</point>
					<arrival>14219</arrival>
					<Quantity>5842.0929985996827</Quantity>
				</IRP_Roadef_Challenge_Operation_>
				<IRP_Roadef_Challenge_Operation_>
					<point>151</point>
					<arrival>14280</arrival>
					<Quantity>15157.907001400305</Quantity>
				</IRP_Roadef_Challenge_Operation_>
			</operations>
		</IRP_Roadef_Challenge_Shift_>
		<IRP_Roadef_Challenge_Shift_>
			<index>37</index>
			<driver>3</driver>
			<trailer>2</trailer>
			<start>13038</start>
			<operations>
				<IRP_Roadef_Challenge_Operation_>
					<point>1</point>
					<arrival>13071</arrival>
					<Quantity>-13350</Quantity>
				</IRP_Roadef_Challenge_Operation_>
				<IRP_Roadef_Challenge_Operation_>
					<point>26</point>
					<arrival>13149</arrival>
					<Quantity>1203.531262644957</Quantity>
				</IRP_Roadef_Challenge_Operation_>
				<IRP_Roadef_Challenge_Operation_>
					<point>131</point>
					<arrival>13194</arrival>
					<Quantity>1371.2470214843781</Quantity>
				</IRP_Roadef_Challenge_Operation_>
				<IRP_Roadef_Challenge_Operation_>
					<point>70</point>
					<arrival>13249</arrival>
					<Quantity>6603.8999999999942</Quantity>
				</IRP_Roadef_Challenge_Operation_>
				<IRP_Roadef_Challenge_Operation_>
					<point>25</point>
					<arrival>13316</arrival>
					<Quantity>3131.73</Quantity>
				</IRP_Roadef_Challenge_Operation_>
				<IRP_Roadef_Challenge_Operation_>
					<point>138</point>
					<arrival>13389</arrival>
					<Quantity>1039.5917158706766</Quantity>
				</IRP_Roadef_Challenge_Operation_>
			</operations>
		</IRP_Roadef_Challenge_Shift_>
		<IRP_Roadef_Challenge_Shift_>
			<index>38</index>
			<driver>6</driver>
			<trailer>0</trailer>
			<start>13098</start>
			<operations>
				<IRP_Roadef_Challenge_Operation_>
					<point>1</point>
					<arrival>13131</arrival>
					<Quantity>-9000</Quantity>
				</IRP_Roadef_Challenge_Operation_>
				<IRP_Roadef_Challenge_Operation_>
					<point>175</point>
					<arrival>13239</arrival>
					<Quantity>4305.4492797851453</Quantity>
				</IRP_Roadef_Challenge_Operation_>
				<IRP_Roadef_Challenge_Operation_>
					<point>90</point>
					<arrival>13299</arrival>
					<Quantity>917.45072021488158</Quantity>
				</IRP_Roadef_Challenge_Operation_>
				<IRP_Roadef_Challenge_Operation_>
					<point>11</point>
					<arrival>13333</arrival>
					<Quantity>3777.1000000000022</Quantity>
				</IRP_Roadef_Challenge_Operation_>
			</operations>
		</IRP_Roadef_Challenge_Shift_>
		<IRP_Roadef_Challenge_Shift_>
			<index>39</index>
			<driver>4</driver>
			<trailer>0</trailer>
			<start>13548</start>
			<operations>
				<IRP_Roadef_Challenge_Operation_>
					<point>1</point>
					<arrival>13581</arrival>
					<Quantity>-9000</Quantity>
				</IRP_Roadef_Challenge_Operation_>
				<IRP_Roadef_Challenge_Operation_>
					<point>53</point>
					<arrival>13700</arrival>
					<Quantity>1952.2999999999975</Quantity>
				</IRP_Roadef_Challenge_Operation_>
				<IRP_Roadef_Challenge_Operation_>
					<point>183</point>
					<arrival>13748</arrival>
					<Quantity>2927.3000000000011</Quantity>
				</IRP_Roadef_Challenge_Operation_>
				<IRP_Roadef_Challenge_Operation_>
					<point>40</point>
					<arrival>13801</arrival>
					<Quantity>1345.8371011733771</Quantity>
				</IRP_Roadef_Challenge_Operation_>
				<IRP_Roadef_Challenge_Operation_>
					<point>150</point>
					<arrival>13855</arrival>
					<Quantity>468.38886911407462</Quantity>
				</IRP_Roadef_Challenge_Operation_>
				<IRP_Roadef_Challenge_Operation_>
					<point>80</point>
					<arrival>13889</arrival>
					<Quantity>1696.3427064703285</Quantity>
				</IRP_Roadef_Challenge_Operation_>
				<IRP_Roadef_Challenge_Operation_>
					<point>83</point>
					<arrival>13983</arrival>
					<Quantity>609.8313232421865</Quantity>
				</IRP_Roadef_Challenge_Operation_>
				<IRP_Roadef_Challenge_Operation_>
					<point>1</point>
					<arrival>14061</arrival>
					<Quantity>-9000</Quantity>
				</IRP_Roadef_Challenge_Operation_>
				<IRP_Roadef_Challenge_Operation_>
					<point>151</point>
					<arrival>14160</arrival>
					<Quantity>9000</Quantity>
				</IRP_Roadef_Challenge_Operation_>
			</operations>
		</IRP_Roadef_Challenge_Shift_>
		<IRP_Roadef_Challenge_Shift_>
			<index>40</index>
			<driver>1</driver>
			<trailer>1</trailer>
			<start>13777</start>
			<operations>
				<IRP_Roadef_Challenge_Operation_>
					<point>1</point>
					<arrival>13810</arrival>
					<Quantity>-22835.018975161991</Quantity>
				</IRP_Roadef_Challenge_Operation_>
				<IRP_Roadef_Challenge_Operation_>
					<point>57</point>
					<arrival>13924</arrival>
					<Quantity>2367.2999999999865</Quantity>
				</IRP_Roadef_Challenge_Operation_>
				<IRP_Roadef_Challenge_Operation_>
					<point>47</point>
					<arrival>13996</arrival>
					<Quantity>2944.7000000000025</Quantity>
				</IRP_Roadef_Challenge_Operation_>
				<IRP_Roadef_Challenge_Operation_>
					<point>153</point>
					<arrival>14055</arrival>
					<Quantity>10290.40000000004</Quantity>
				</IRP_Roadef_Challenge_Operation_>
				<IRP_Roadef_Challenge_Operation_>
					<point>4</point>
					<arrival>14161</arrival>
					<Quantity>7257.6000000000058</Quantity>
				</IRP_Roadef_Challenge_Operation_>
			</operations>
		</IRP_Roadef_Challenge_Shift_>
		<IRP_Roadef_Challenge_Shift_>
			<index>41</index>
			<driver>5</driver>
			<trailer>2</trailer>
			<start>13845</start>
			<operations>
				<IRP_Roadef_Challenge_Operation_>
					<point>1</point>
					<arrival>13878</arrival>
					<Quantity>-13350</Quantity>
				</IRP_Roadef_Challenge_Operation_>
				<IRP_Roadef_Challenge_Operation_>
					<point>144</point>
					<arrival>13953</arrival>
					<Quantity>36.000000000001364</Quantity>
				</IRP_Roadef_Challenge_Operation_>
				<IRP_Roadef_Challenge_Operation_>
					<point>118</point>
					<arrival>13984</arrival>
					<Quantity>10079.599999999989</Quantity>
				</IRP_Roadef_Challenge_Operation_>
				<IRP_Roadef_Challenge_Operation_>
					<point>84</point>
					<arrival>14055</arrival>
					<Quantity>3234.3999999999933</Quantity>
				</IRP_Roadef_Challenge_Operation_>
				<IRP_Roadef_Challenge_Operation_>
					<point>1</point>
					<arrival>14113</arrival>
					<Quantity>-13350</Quantity>
				</IRP_Roadef_Challenge_Operation_>
				<IRP_Roadef_Challenge_Operation_>
					<point>46</point>
					<arrival>14182</arrival>
					<Quantity>12782.499999999996</Quantity>
				</IRP_Roadef_Challenge_Operation_>
			</operations>
		</IRP_Roadef_Challenge_Shift_>
	</Shifts>
</IRP_Roadef_Challenge_Output>
