<?xml version="1.0"?>
<IRP_Roadef_Challenge_Output>
	<Shifts>
		<IRP_Roadef_Challenge_Shift_>
			<index>0</index>
			<driver>1</driver>
			<trailer>0</trailer>
			<start>1320</start>
			<operations>
				<IRP_Roadef_Challenge_Operation_>
					<point>119</point>
					<arrival>1459</arrival>
					<Quantity>3339.6000000000126</Quantity>
				</IRP_Roadef_Challenge_Operation_>
				<IRP_Roadef_Challenge_Operation_>
					<point>37</point>
					<arrival>1579</arrival>
					<Quantity>8000</Quantity>
				</IRP_Roadef_Challenge_Operation_>
				<IRP_Roadef_Challenge_Operation_>
					<point>43</point>
					<arrival>1648</arrival>
					<Quantity>8.3966821670502441</Quantity>
				</IRP_Roadef_Challenge_Operation_>
			</operations>
		</IRP_Roadef_Challenge_Shift_>
		<IRP_Roadef_Challenge_Shift_>
			<index>1</index>
			<driver>0</driver>
			<trailer>1</trailer>
			<start>1440</start>
			<operations>
				<IRP_Roadef_Challenge_Operation_>
					<point>101</point>
					<arrival>1720</arrival>
					<Quantity>5142.9028737068147</Quantity>
				</IRP_Roadef_Challenge_Operation_>
				<IRP_Roadef_Challenge_Operation_>
					<point>88</point>
					<arrival>1893</arrival>
					<Quantity>1019.0780967330934</Quantity>
				</IRP_Roadef_Challenge_Operation_>
				<IRP_Roadef_Challenge_Operation_>
					<point>124</point>
					<arrival>2968</arrival>
					<Quantity>2102.703325576781</Quantity>
				</IRP_Roadef_Challenge_Operation_>
				<IRP_Roadef_Challenge_Operation_>
					<point>50</point>
					<arrival>3181</arrival>
					<Quantity>2931</Quantity>
				</IRP_Roadef_Challenge_Operation_>
				<IRP_Roadef_Challenge_Operation_>
					<point>1</point>
					<arrival>3378</arrival>
					<Quantity>-11351.684296016689</Quantity>
				</IRP_Roadef_Challenge_Operation_>
				<IRP_Roadef_Challenge_Operation_>
					<point>115</point>
					<arrival>3520</arrival>
					<Quantity>881.45557855224683</Quantity>
				</IRP_Roadef_Challenge_Operation_>
				<IRP_Roadef_Challenge_Operation_>
					<point>106</point>
					<arrival>3575</arrival>
					<Quantity>3893.510468711831</Quantity>
				</IRP_Roadef_Challenge_Operation_>
				<IRP_Roadef_Challenge_Operation_>
					<point>130</point>
					<arrival>3635</arrival>
					<Quantity>1570.2572303009015</Quantity>
				</IRP_Roadef_Challenge_Operation_>
			</operations>
		</IRP_Roadef_Challenge_Shift_>
		<IRP_Roadef_Challenge_Shift_>
			<index>2</index>
			<driver>3</driver>
			<trailer>2</trailer>
			<start>1440</start>
			<operations>
				<IRP_Roadef_Challenge_Operation_>
					<point>54</point>
					<arrival>1545</arrival>
					<Quantity>542.73490147020493</Quantity>
				</IRP_Roadef_Challenge_Operation_>
				<IRP_Roadef_Challenge_Operation_>
					<point>126</point>
					<arrival>1713</arrival>
					<Quantity>4717.2650985297951</Quantity>
				</IRP_Roadef_Challenge_Operation_>
				<IRP_Roadef_Challenge_Operation_>
					<point>1</point>
					<arrival>1860</arrival>
					<Quantity>-5380</Quantity>
				</IRP_Roadef_Challenge_Operation_>
				<IRP_Roadef_Challenge_Operation_>
					<point>71</point>
					<arrival>2012</arrival>
					<Quantity>1667.8344272689606</Quantity>
				</IRP_Roadef_Challenge_Operation_>
				<IRP_Roadef_Challenge_Operation_>
					<point>39</point>
					<arrival>2580</arrival>
					<Quantity>3612.9203437805213</Quantity>
				</IRP_Roadef_Challenge_Operation_>
				<IRP_Roadef_Challenge_Operation_>
					<point>1</point>
					<arrival>2720</arrival>
					<Quantity>-5280.7547710494819</Quantity>
				</IRP_Roadef_Challenge_Operation_>
				<IRP_Roadef_Challenge_Operation_>
					<point>129</point>
					<arrival>3789</arrival>
					<Quantity>837.55683764648484</Quantity>
				</IRP_Roadef_Challenge_Operation_>
				<IRP_Roadef_Challenge_Operation_>
					<point>42</point>
					<arrival>3901</arrival>
					<Quantity>4399.1503389358477</Quantity>
				</IRP_Roadef_Challenge_Operation_>
				<IRP_Roadef_Challenge_Operation_>
					<point>1</point>
					<arrival>4203</arrival>
					<Quantity>-5236.707176582333</Quantity>
				</IRP_Roadef_Challenge_Operation_>
				<IRP_Roadef_Challenge_Operation_>
					<point>23</point>
					<arrival>4289</arrival>
					<Quantity>2173.9748982620167</Quantity>
				</IRP_Roadef_Challenge_Operation_>
			</operations>
		</IRP_Roadef_Challenge_Shift_>
		<IRP_Roadef_Challenge_Shift_>
			<index>3</index>
			<driver>2</driver>
			<trailer>0</trailer>
			<start>1738</start>
			<operations>
				<IRP_Roadef_Challenge_Operation_>
					<point>1</point>
					<arrival>1785</arrival>
					<Quantity>-15447.996682167064</Quantity>
				</IRP_Roadef_Challenge_Operation_>
				<IRP_Roadef_Challenge_Operation_>
					<point>68</point>
					<arrival>2096</arrival>
					<Quantity>6669.3999999999542</Quantity>
				</IRP_Roadef_Challenge_Operation_>
				<IRP_Roadef_Challenge_Operation_>
					<point>60</point>
					<arrival>2580</arrival>
					<Quantity>3055.1322048187299</Quantity>
				</IRP_Roadef_Challenge_Operation_>
				<IRP_Roadef_Challenge_Operation_>
					<point>45</point>
					<arrival>3591</arrival>
					<Quantity>1861.549999999972</Quantity>
				</IRP_Roadef_Challenge_Operation_>
				<IRP_Roadef_Challenge_Operation_>
					<point>64</point>
					<arrival>4020</arrival>
					<Quantity>1562.0620025444052</Quantity>
				</IRP_Roadef_Challenge_Operation_>
				<IRP_Roadef_Challenge_Operation_>
					<point>3</point>
					<arrival>4680</arrival>
					<Quantity>4400</Quantity>
				</IRP_Roadef_Challenge_Operation_>
				<IRP_Roadef_Challenge_Operation_>
					<point>2</point>
					<arrival>4753</arrival>
					<Quantity>2451.8557926369394</Quantity>
				</IRP_Roadef_Challenge_Operation_>
				<IRP_Roadef_Challenge_Operation_>
					<point>1</point>
					<arrival>4897</arrival>
					<Quantity>-20000</Quantity>
				</IRP_Roadef_Challenge_Operation_>
			</operations>
		</IRP_Roadef_Challenge_Shift_>
		<IRP_Roadef_Challenge_Shift_>
			<index>4</index>
			<driver>0</driver>
			<trailer>1</trailer>
			<start>4592</start>
			<operations>
				<IRP_Roadef_Challenge_Operation_>
					<point>76</point>
					<arrival>4723</arrival>
					<Quantity>2944.4997688903859</Quantity>
				</IRP_Roadef_Challenge_Operation_>
				<IRP_Roadef_Challenge_Operation_>
					<point>105</point>
					<arrival>4931</arrival>
					<Quantity>611.73141448974616</Quantity>
				</IRP_Roadef_Challenge_Operation_>
				<IRP_Roadef_Challenge_Operation_>
					<point>127</point>
					<arrival>5231</arrival>
					<Quantity>240.90000000000339</Quantity>
				</IRP_Roadef_Challenge_Operation_>
				<IRP_Roadef_Challenge_Operation_>
					<point>117</point>
					<arrival>6469</arrival>
					<Quantity>2477.6455390548836</Quantity>
				</IRP_Roadef_Challenge_Operation_>
			</operations>
		</IRP_Roadef_Challenge_Shift_>
		<IRP_Roadef_Challenge_Shift_>
			<index>5</index>
			<driver>3</driver>
			<trailer>2</trailer>
			<start>5474</start>
			<operations>
				<IRP_Roadef_Challenge_Operation_>
					<point>71</point>
					<arrival>5542</arrival>
					<Quantity>745.88792639924714</Quantity>
				</IRP_Roadef_Challenge_Operation_>
				<IRP_Roadef_Challenge_Operation_>
					<point>52</point>
					<arrival>5686</arrival>
					<Quantity>904.10293122863811</Quantity>
				</IRP_Roadef_Challenge_Operation_>
				<IRP_Roadef_Challenge_Operation_>
					<point>92</point>
					<arrival>5760</arrival>
					<Quantity>837.15000000000134</Quantity>
				</IRP_Roadef_Challenge_Operation_>
				<IRP_Roadef_Challenge_Operation_>
					<point>18</point>
					<arrival>5819</arrival>
					<Quantity>718.88424411009692</Quantity>
				</IRP_Roadef_Challenge_Operation_>
				<IRP_Roadef_Challenge_Operation_>
					<point>1</point>
					<arrival>6018</arrival>
					<Quantity>-5380</Quantity>
				</IRP_Roadef_Challenge_Operation_>
				<IRP_Roadef_Challenge_Operation_>
					<point>94</point>
					<arrival>6194</arrival>
					<Quantity>340.47999999999888</Quantity>
				</IRP_Roadef_Challenge_Operation_>
				<IRP_Roadef_Challenge_Operation_>
					<point>8</point>
					<arrival>7017</arrival>
					<Quantity>744.68248976136965</Quantity>
				</IRP_Roadef_Challenge_Operation_>
				<IRP_Roadef_Challenge_Operation_>
					<point>38</point>
					<arrival>7181</arrival>
					<Quantity>804.59999999999832</Quantity>
				</IRP_Roadef_Challenge_Operation_>
				<IRP_Roadef_Challenge_Operation_>
					<point>17</point>
					<arrival>7444</arrival>
					<Quantity>3326.1015102386327</Quantity>
				</IRP_Roadef_Challenge_Operation_>
				<IRP_Roadef_Challenge_Operation_>
					<point>113</point>
					<arrival>7503</arrival>
					<Quantity>164.136</Quantity>
				</IRP_Roadef_Challenge_Operation_>
				<IRP_Roadef_Challenge_Operation_>
					<point>1</point>
					<arrival>7615</arrival>
					<Quantity>-5380</Quantity>
				</IRP_Roadef_Challenge_Operation_>
			</operations>
		</IRP_Roadef_Challenge_Shift_>
		<IRP_Roadef_Challenge_Shift_>
			<index>6</index>
			<driver>1</driver>
			<trailer>0</trailer>
			<start>5485</start>
			<operations>
				<IRP_Roadef_Challenge_Operation_>
					<point>80</point>
					<arrival>5680</arrival>
					<Quantity>7170.6175888061734</Quantity>
				</IRP_Roadef_Challenge_Operation_>
				<IRP_Roadef_Challenge_Operation_>
					<point>37</point>
					<arrival>5900</arrival>
					<Quantity>8000</Quantity>
				</IRP_Roadef_Challenge_Operation_>
				<IRP_Roadef_Challenge_Operation_>
					<point>43</point>
					<arrival>5969</arrival>
					<Quantity>4409.5</Quantity>
				</IRP_Roadef_Challenge_Operation_>
			</operations>
		</IRP_Roadef_Challenge_Shift_>
		<IRP_Roadef_Challenge_Shift_>
			<index>7</index>
			<driver>2</driver>
			<trailer>0</trailer>
			<start>6584</start>
			<operations>
				<IRP_Roadef_Challenge_Operation_>
					<point>1</point>
					<arrival>6631</arrival>
					<Quantity>-19580.117588806173</Quantity>
				</IRP_Roadef_Challenge_Operation_>
				<IRP_Roadef_Challenge_Operation_>
					<point>123</point>
					<arrival>7007</arrival>
					<Quantity>4681.3265344657375</Quantity>
				</IRP_Roadef_Challenge_Operation_>
				<IRP_Roadef_Challenge_Operation_>
					<point>98</point>
					<arrival>7967</arrival>
					<Quantity>803.97906767273116</Quantity>
				</IRP_Roadef_Challenge_Operation_>
				<IRP_Roadef_Challenge_Operation_>
					<point>73</point>
					<arrival>8085</arrival>
					<Quantity>4656.6095272064249</Quantity>
				</IRP_Roadef_Challenge_Operation_>
			</operations>
		</IRP_Roadef_Challenge_Shift_>
		<IRP_Roadef_Challenge_Shift_>
			<index>8</index>
			<driver>1</driver>
			<trailer>1</trailer>
			<start>6928</start>
			<operations>
				<IRP_Roadef_Challenge_Operation_>
					<point>1</point>
					<arrival>6975</arrival>
					<Quantity>-12620</Quantity>
				</IRP_Roadef_Challenge_Operation_>
				<IRP_Roadef_Challenge_Operation_>
					<point>65</point>
					<arrival>7152</arrival>
					<Quantity>2825.7992123923941</Quantity>
				</IRP_Roadef_Challenge_Operation_>
				<IRP_Roadef_Challenge_Operation_>
					<point>45</point>
					<arrival>7212</arrival>
					<Quantity>1162.3499999999999</Quantity>
				</IRP_Roadef_Challenge_Operation_>
				<IRP_Roadef_Challenge_Operation_>
					<point>48</point>
					<arrival>7260</arrival>
					<Quantity>6377.8707361854922</Quantity>
				</IRP_Roadef_Challenge_Operation_>
				<IRP_Roadef_Challenge_Operation_>
					<point>33</point>
					<arrival>7320</arrival>
					<Quantity>2253.980051422116</Quantity>
				</IRP_Roadef_Challenge_Operation_>
			</operations>
		</IRP_Roadef_Challenge_Shift_>
		<IRP_Roadef_Challenge_Shift_>
			<index>9</index>
			<driver>0</driver>
			<trailer>1</trailer>
			<start>8154</start>
			<operations>
				<IRP_Roadef_Challenge_Operation_>
					<point>1</point>
					<arrival>8201</arrival>
					<Quantity>-12620</Quantity>
				</IRP_Roadef_Challenge_Operation_>
				<IRP_Roadef_Challenge_Operation_>
					<point>51</point>
					<arrival>8354</arrival>
					<Quantity>805.66592109680073</Quantity>
				</IRP_Roadef_Challenge_Operation_>
				<IRP_Roadef_Challenge_Operation_>
					<point>25</point>
					<arrival>8411</arrival>
					<Quantity>2958.0847537994359</Quantity>
				</IRP_Roadef_Challenge_Operation_>
				<IRP_Roadef_Challenge_Operation_>
					<point>75</point>
					<arrival>8663</arrival>
					<Quantity>6570.0345389556896</Quantity>
				</IRP_Roadef_Challenge_Operation_>
			</operations>
		</IRP_Roadef_Challenge_Shift_>
		<IRP_Roadef_Challenge_Shift_>
			<index>10</index>
			<driver>1</driver>
			<trailer>0</trailer>
			<start>8340</start>
			<operations>
				<IRP_Roadef_Challenge_Operation_>
					<point>119</point>
					<arrival>8479</arrival>
					<Quantity>2248.05561706546</Quantity>
				</IRP_Roadef_Challenge_Operation_>
				<IRP_Roadef_Challenge_Operation_>
					<point>7</point>
					<arrival>8538</arrival>
					<Quantity>7610.0292535896442</Quantity>
				</IRP_Roadef_Challenge_Operation_>
			</operations>
		</IRP_Roadef_Challenge_Shift_>
		<IRP_Roadef_Challenge_Shift_>
			<index>11</index>
			<driver>3</driver>
			<trailer>2</trailer>
			<start>8474</start>
			<operations>
				<IRP_Roadef_Challenge_Operation_>
					<point>97</point>
					<arrival>8598</arrival>
					<Quantity>2252.3326774597276</Quantity>
				</IRP_Roadef_Challenge_Operation_>
				<IRP_Roadef_Challenge_Operation_>
					<point>134</point>
					<arrival>8795</arrival>
					<Quantity>663.10495628356352</Quantity>
				</IRP_Roadef_Challenge_Operation_>
				<IRP_Roadef_Challenge_Operation_>
					<point>58</point>
					<arrival>8884</arrival>
					<Quantity>574.16587490844393</Quantity>
				</IRP_Roadef_Challenge_Operation_>
				<IRP_Roadef_Challenge_Operation_>
					<point>135</point>
					<arrival>8947</arrival>
					<Quantity>934.38691070556763</Quantity>
				</IRP_Roadef_Challenge_Operation_>
				<IRP_Roadef_Challenge_Operation_>
					<point>1</point>
					<arrival>9208</arrival>
					<Quantity>-4423.9904193573011</Quantity>
				</IRP_Roadef_Challenge_Operation_>
			</operations>
		</IRP_Roadef_Challenge_Shift_>
		<IRP_Roadef_Challenge_Shift_>
			<index>12</index>
			<driver>2</driver>
			<trailer>0</trailer>
			<start>9477</start>
			<operations>
				<IRP_Roadef_Challenge_Operation_>
					<point>1</point>
					<arrival>9524</arrival>
					<Quantity>-20000</Quantity>
				</IRP_Roadef_Challenge_Operation_>
				<IRP_Roadef_Challenge_Operation_>
					<point>22</point>
					<arrival>9696</arrival>
					<Quantity>4742.1181671145259</Quantity>
				</IRP_Roadef_Challenge_Operation_>
				<IRP_Roadef_Challenge_Operation_>
					<point>4</point>
					<arrival>9797</arrival>
					<Quantity>4747.0290937423742</Quantity>
				</IRP_Roadef_Challenge_Operation_>
				<IRP_Roadef_Challenge_Operation_>
					<point>79</point>
					<arrival>9898</arrival>
					<Quantity>10510.852739143109</Quantity>
				</IRP_Roadef_Challenge_Operation_>
			</operations>
		</IRP_Roadef_Challenge_Shift_>
		<IRP_Roadef_Challenge_Shift_>
			<index>13</index>
			<driver>1</driver>
			<trailer>0</trailer>
			<start>11400</start>
			<operations>
				<IRP_Roadef_Challenge_Operation_>
					<point>1</point>
					<arrival>11447</arrival>
					<Quantity>-20000</Quantity>
				</IRP_Roadef_Challenge_Operation_>
			</operations>
		</IRP_Roadef_Challenge_Shift_>
		<IRP_Roadef_Challenge_Shift_>
			<index>14</index>
			<driver>0</driver>
			<trailer>1</trailer>
			<start>11520</start>
			<operations>
				<IRP_Roadef_Challenge_Operation_>
					<point>99</point>
					<arrival>11624</arrival>
					<Quantity>2286.2147861480735</Quantity>
				</IRP_Roadef_Challenge_Operation_>
				<IRP_Roadef_Challenge_Operation_>
					<point>1</point>
					<arrival>11814</arrival>
					<Quantity>-12620</Quantity>
				</IRP_Roadef_Challenge_Operation_>
				<IRP_Roadef_Challenge_Operation_>
					<point>74</point>
					<arrival>11980</arrival>
					<Quantity>12620</Quantity>
				</IRP_Roadef_Challenge_Operation_>
				<IRP_Roadef_Challenge_Operation_>
					<point>1</point>
					<arrival>12129</arrival>
					<Quantity>-12620</Quantity>
				</IRP_Roadef_Challenge_Operation_>
				<IRP_Roadef_Challenge_Operation_>
					<point>26</point>
					<arrival>12660</arrival>
					<Quantity>5773.280581665038</Quantity>
				</IRP_Roadef_Challenge_Operation_>
				<IRP_Roadef_Challenge_Operation_>
					<point>86</point>
					<arrival>13702</arrival>
					<Quantity>936.72000000000799</Quantity>
				</IRP_Roadef_Challenge_Operation_>
				<IRP_Roadef_Challenge_Operation_>
					<point>2</point>
					<arrival>13938</arrival>
					<Quantity>3563.9442073630635</Quantity>
				</IRP_Roadef_Challenge_Operation_>
				<IRP_Roadef_Challenge_Operation_>
					<point>54</point>
					<arrival>14080</arrival>
					<Quantity>925.83877562330144</Quantity>
				</IRP_Roadef_Challenge_Operation_>
			</operations>
		</IRP_Roadef_Challenge_Shift_>
		<IRP_Roadef_Challenge_Shift_>
			<index>15</index>
			<driver>3</driver>
			<trailer>2</trailer>
			<start>11520</start>
			<operations>
				<IRP_Roadef_Challenge_Operation_>
					<point>11</point>
					<arrival>11724</arrival>
					<Quantity>5110.5354136962897</Quantity>
				</IRP_Roadef_Challenge_Operation_>
				<IRP_Roadef_Challenge_Operation_>
					<point>95</point>
					<arrival>12003</arrival>
					<Quantity>269.46458630371171</Quantity>
				</IRP_Roadef_Challenge_Operation_>
				<IRP_Roadef_Challenge_Operation_>
					<point>1</point>
					<arrival>12147</arrival>
					<Quantity>-5380</Quantity>
				</IRP_Roadef_Challenge_Operation_>
			</operations>
		</IRP_Roadef_Challenge_Shift_>
		<IRP_Roadef_Challenge_Shift_>
			<index>16</index>
			<driver>2</driver>
			<trailer>0</trailer>
			<start>11816</start>
			<operations>
				<IRP_Roadef_Challenge_Operation_>
					<point>106</point>
					<arrival>11864</arrival>
					<Quantity>2324.6999999999998</Quantity>
				</IRP_Roadef_Challenge_Operation_>
				<IRP_Roadef_Challenge_Operation_>
					<point>117</point>
					<arrival>12000</arrival>
					<Quantity>6288.8828560257025</Quantity>
				</IRP_Roadef_Challenge_Operation_>
				<IRP_Roadef_Challenge_Operation_>
					<point>44</point>
					<arrival>12214</arrival>
					<Quantity>1248.3599999999997</Quantity>
				</IRP_Roadef_Challenge_Operation_>
				<IRP_Roadef_Challenge_Operation_>
					<point>127</point>
					<arrival>13353</arrival>
					<Quantity>4161.6999999999998</Quantity>
				</IRP_Roadef_Challenge_Operation_>
				<IRP_Roadef_Challenge_Operation_>
					<point>108</point>
					<arrival>13656</arrival>
					<Quantity>3932.5959920883197</Quantity>
				</IRP_Roadef_Challenge_Operation_>
				<IRP_Roadef_Challenge_Operation_>
					<point>24</point>
					<arrival>14100</arrival>
					<Quantity>2043.7611518859958</Quantity>
				</IRP_Roadef_Challenge_Operation_>
			</operations>
		</IRP_Roadef_Challenge_Shift_>
		<IRP_Roadef_Challenge_Shift_>
			<index>17</index>
			<driver>1</driver>
			<trailer>2</trailer>
			<start>12823</start>
			<operations>
				<IRP_Roadef_Challenge_Operation_>
					<point>5</point>
					<arrival>12886</arrival>
					<Quantity>3621.6869512557951</Quantity>
				</IRP_Roadef_Challenge_Operation_>
				<IRP_Roadef_Challenge_Operation_>
					<point>110</point>
					<arrival>13004</arrival>
					<Quantity>535.17925621032771</Quantity>
				</IRP_Roadef_Challenge_Operation_>
				<IRP_Roadef_Challenge_Operation_>
					<point>92</point>
					<arrival>13052</arrival>
					<Quantity>310.88000000000136</Quantity>
				</IRP_Roadef_Challenge_Operation_>
				<IRP_Roadef_Challenge_Operation_>
					<point>28</point>
					<arrival>13101</arrival>
					<Quantity>912.25379253387291</Quantity>
				</IRP_Roadef_Challenge_Operation_>
			</operations>
		</IRP_Roadef_Challenge_Shift_>
		<IRP_Roadef_Challenge_Shift_>
			<index>18</index>
			<driver>3</driver>
			<trailer>2</trailer>
			<start>13484</start>
			<operations>
				<IRP_Roadef_Challenge_Operation_>
					<point>1</point>
					<arrival>13531</arrival>
					<Quantity>-5380</Quantity>
				</IRP_Roadef_Challenge_Operation_>
				<IRP_Roadef_Challenge_Operation_>
					<point>16</point>
					<arrival>13803</arrival>
					<Quantity>1334.9346721649338</Quantity>
				</IRP_Roadef_Challenge_Operation_>
				<IRP_Roadef_Challenge_Operation_>
					<point>30</point>
					<arrival>14027</arrival>
					<Quantity>831.93948536682115</Quantity>
				</IRP_Roadef_Challenge_Operation_>
				<IRP_Roadef_Challenge_Operation_>
					<point>85</point>
					<arrival>14100</arrival>
					<Quantity>2592.9647839355302</Quantity>
				</IRP_Roadef_Challenge_Operation_>
				<IRP_Roadef_Challenge_Operation_>
					<point>49</point>
					<arrival>14152</arrival>
					<Quantity>620.16105853271483</Quantity>
				</IRP_Roadef_Challenge_Operation_>
			</operations>
		</IRP_Roadef_Challenge_Shift_>
		<IRP_Roadef_Challenge_Shift_>
			<index>19</index>
			<driver>0</driver>
			<trailer>1</trailer>
			<start>14949</start>
			<operations>
				<IRP_Roadef_Challenge_Operation_>
					<point>1</point>
					<arrival>14996</arrival>
					<Quantity>-11199.78356465141</Quantity>
				</IRP_Roadef_Challenge_Operation_>
				<IRP_Roadef_Challenge_Operation_>
					<point>114</point>
					<arrival>15540</arrival>
					<Quantity>12620</Quantity>
				</IRP_Roadef_Challenge_Operation_>
				<IRP_Roadef_Challenge_Operation_>
					<point>1</point>
					<arrival>15843</arrival>
					<Quantity>-12620</Quantity>
				</IRP_Roadef_Challenge_Operation_>
				<IRP_Roadef_Challenge_Operation_>
					<point>132</point>
					<arrival>16937</arrival>
					<Quantity>2028.4887525230388</Quantity>
				</IRP_Roadef_Challenge_Operation_>
				<IRP_Roadef_Challenge_Operation_>
					<point>113</point>
					<arrival>17236</arrival>
					<Quantity>892.3639999999989</Quantity>
				</IRP_Roadef_Challenge_Operation_>
			</operations>
		</IRP_Roadef_Challenge_Shift_>
		<IRP_Roadef_Challenge_Shift_>
			<index>20</index>
			<driver>3</driver>
			<trailer>2</trailer>
			<start>15392</start>
			<operations>
				<IRP_Roadef_Challenge_Operation_>
					<point>1</point>
					<arrival>15439</arrival>
					<Quantity>-5380</Quantity>
				</IRP_Roadef_Challenge_Operation_>
				<IRP_Roadef_Challenge_Operation_>
					<point>94</point>
					<arrival>15615</arrival>
					<Quantity>940.32000000000016</Quantity>
				</IRP_Roadef_Challenge_Operation_>
				<IRP_Roadef_Challenge_Operation_>
					<point>96</point>
					<arrival>15845</arrival>
					<Quantity>4439.6800000000039</Quantity>
				</IRP_Roadef_Challenge_Operation_>
				<IRP_Roadef_Challenge_Operation_>
					<point>1</point>
					<arrival>16003</arrival>
					<Quantity>-5380</Quantity>
				</IRP_Roadef_Challenge_Operation_>
				<IRP_Roadef_Challenge_Operation_>
					<point>66</point>
					<arrival>16108</arrival>
					<Quantity>2157.9300000000003</Quantity>
				</IRP_Roadef_Challenge_Operation_>
				<IRP_Roadef_Challenge_Operation_>
					<point>12</point>
					<arrival>17107</arrival>
					<Quantity>730.66484690856657</Quantity>
				</IRP_Roadef_Challenge_Operation_>
				<IRP_Roadef_Challenge_Operation_>
					<point>45</point>
					<arrival>17332</arrival>
					<Quantity>1415.4864751696732</Quantity>
				</IRP_Roadef_Challenge_Operation_>
				<IRP_Roadef_Challenge_Operation_>
					<point>1</point>
					<arrival>17499</arrival>
					<Quantity>-4304.0813220782438</Quantity>
				</IRP_Roadef_Challenge_Operation_>
				<IRP_Roadef_Challenge_Operation_>
					<point>39</point>
					<arrival>17643</arrival>
					<Quantity>2609.4000000000001</Quantity>
				</IRP_Roadef_Challenge_Operation_>
				<IRP_Roadef_Challenge_Operation_>
					<point>111</point>
					<arrival>17701</arrival>
					<Quantity>2770.5999999999949</Quantity>
				</IRP_Roadef_Challenge_Operation_>
			</operations>
		</IRP_Roadef_Challenge_Shift_>
		<IRP_Roadef_Challenge_Shift_>
			<index>21</index>
			<driver>2</driver>
			<trailer>0</trailer>
			<start>15464</start>
			<operations>
				<IRP_Roadef_Challenge_Operation_>
					<point>1</point>
					<arrival>15511</arrival>
					<Quantity>-20000</Quantity>
				</IRP_Roadef_Challenge_Operation_>
				<IRP_Roadef_Challenge_Operation_>
					<point>70</point>
					<arrival>15638</arrival>
					<Quantity>905.82533380127074</Quantity>
				</IRP_Roadef_Challenge_Operation_>
				<IRP_Roadef_Challenge_Operation_>
					<point>64</point>
					<arrival>15755</arrival>
					<Quantity>1141.3600000000013</Quantity>
				</IRP_Roadef_Challenge_Operation_>
				<IRP_Roadef_Challenge_Operation_>
					<point>103</point>
					<arrival>15923</arrival>
					<Quantity>1992.0778702203024</Quantity>
				</IRP_Roadef_Challenge_Operation_>
				<IRP_Roadef_Challenge_Operation_>
					<point>60</point>
					<arrival>16214</arrival>
					<Quantity>1367.609694766863</Quantity>
				</IRP_Roadef_Challenge_Operation_>
				<IRP_Roadef_Challenge_Operation_>
					<point>19</point>
					<arrival>17001</arrival>
					<Quantity>14593.127101211558</Quantity>
				</IRP_Roadef_Challenge_Operation_>
				<IRP_Roadef_Challenge_Operation_>
					<point>1</point>
					<arrival>17368</arrival>
					<Quantity>-20000</Quantity>
				</IRP_Roadef_Challenge_Operation_>
			</operations>
		</IRP_Roadef_Challenge_Shift_>
		<IRP_Roadef_Challenge_Shift_>
			<index>22</index>
			<driver>0</driver>
			<trailer>1</trailer>
			<start>18130</start>
			<operations>
				<IRP_Roadef_Challenge_Operation_>
					<point>93</point>
					<arrival>18222</arrival>
					<Quantity>846.62167642212148</Quantity>
				</IRP_Roadef_Challenge_Operation_>
				<IRP_Roadef_Challenge_Operation_>
					<point>102</point>
					<arrival>18418</arrival>
					<Quantity>2587.6523498535007</Quantity>
				</IRP_Roadef_Challenge_Operation_>
				<IRP_Roadef_Challenge_Operation_>
					<point>124</point>
					<arrival>18523</arrival>
					<Quantity>1382.7880000000005</Quantity>
				</IRP_Roadef_Challenge_Operation_>
				<IRP_Roadef_Challenge_Operation_>
					<point>65</point>
					<arrival>18625</arrival>
					<Quantity>1297.4261572517498</Quantity>
				</IRP_Roadef_Challenge_Operation_>
				<IRP_Roadef_Challenge_Operation_>
					<point>120</point>
					<arrival>18674</arrival>
					<Quantity>903.35906394958579</Quantity>
				</IRP_Roadef_Challenge_Operation_>
				<IRP_Roadef_Challenge_Operation_>
					<point>2</point>
					<arrival>18737</arrival>
					<Quantity>2681.3000000000011</Quantity>
				</IRP_Roadef_Challenge_Operation_>
			</operations>
		</IRP_Roadef_Challenge_Shift_>
		<IRP_Roadef_Challenge_Shift_>
			<index>23</index>
			<driver>2</driver>
			<trailer>0</trailer>
			<start>18241</start>
			<operations>
				<IRP_Roadef_Challenge_Operation_>
					<point>107</point>
					<arrival>18402</arrival>
					<Quantity>4007.7591567993204</Quantity>
				</IRP_Roadef_Challenge_Operation_>
				<IRP_Roadef_Challenge_Operation_>
					<point>112</point>
					<arrival>18607</arrival>
					<Quantity>6889.6849357604187</Quantity>
				</IRP_Roadef_Challenge_Operation_>
				<IRP_Roadef_Challenge_Operation_>
					<point>80</point>
					<arrival>18701</arrival>
					<Quantity>2847.8000000000393</Quantity>
				</IRP_Roadef_Challenge_Operation_>
				<IRP_Roadef_Challenge_Operation_>
					<point>106</point>
					<arrival>18909</arrival>
					<Quantity>6254.7559074402234</Quantity>
				</IRP_Roadef_Challenge_Operation_>
			</operations>
		</IRP_Roadef_Challenge_Shift_>
		<IRP_Roadef_Challenge_Shift_>
			<index>24</index>
			<driver>1</driver>
			<trailer>2</trailer>
			<start>18420</start>
			<operations>
				<IRP_Roadef_Challenge_Operation_>
					<point>1</point>
					<arrival>18467</arrival>
					<Quantity>-5380</Quantity>
				</IRP_Roadef_Challenge_Operation_>
				<IRP_Roadef_Challenge_Operation_>
					<point>119</point>
					<arrival>18694</arrival>
					<Quantity>1686.7443829345552</Quantity>
				</IRP_Roadef_Challenge_Operation_>
				<IRP_Roadef_Challenge_Operation_>
					<point>13</point>
					<arrival>18752</arrival>
					<Quantity>2127.5842642211924</Quantity>
				</IRP_Roadef_Challenge_Operation_>
			</operations>
		</IRP_Roadef_Challenge_Shift_>
		<IRP_Roadef_Challenge_Shift_>
			<index>25</index>
			<driver>3</driver>
			<trailer>2</trailer>
			<start>18941</start>
			<operations>
				<IRP_Roadef_Challenge_Operation_>
					<point>121</point>
					<arrival>19068</arrival>
					<Quantity>734.60376422119293</Quantity>
				</IRP_Roadef_Challenge_Operation_>
				<IRP_Roadef_Challenge_Operation_>
					<point>6</point>
					<arrival>19169</arrival>
					<Quantity>831.06758862304832</Quantity>
				</IRP_Roadef_Challenge_Operation_>
			</operations>
		</IRP_Roadef_Challenge_Shift_>
		<IRP_Roadef_Challenge_Shift_>
			<index>26</index>
			<driver>2</driver>
			<trailer>0</trailer>
			<start>19727</start>
			<operations>
				<IRP_Roadef_Challenge_Operation_>
					<point>1</point>
					<arrival>19774</arrival>
					<Quantity>-20000</Quantity>
				</IRP_Roadef_Challenge_Operation_>
			</operations>
		</IRP_Roadef_Challenge_Shift_>
		<IRP_Roadef_Challenge_Shift_>
			<index>27</index>
			<driver>1</driver>
			<trailer>0</trailer>
			<start>21480</start>
			<operations>
				<IRP_Roadef_Challenge_Operation_>
					<point>45</point>
					<arrival>21638</arrival>
					<Quantity>4452.6635248303137</Quantity>
				</IRP_Roadef_Challenge_Operation_>
				<IRP_Roadef_Challenge_Operation_>
					<point>48</point>
					<arrival>21686</arrival>
					<Quantity>15547.336475169661</Quantity>
				</IRP_Roadef_Challenge_Operation_>
			</operations>
		</IRP_Roadef_Challenge_Shift_>
		<IRP_Roadef_Challenge_Shift_>
			<index>28</index>
			<driver>0</driver>
			<trailer>1</trailer>
			<start>21600</start>
			<operations>
				<IRP_Roadef_Challenge_Operation_>
					<point>1</point>
					<arrival>21647</arrival>
					<Quantity>-12620</Quantity>
				</IRP_Roadef_Challenge_Operation_>
				<IRP_Roadef_Challenge_Operation_>
					<point>128</point>
					<arrival>22072</arrival>
					<Quantity>5355.4333095550537</Quantity>
				</IRP_Roadef_Challenge_Operation_>
				<IRP_Roadef_Challenge_Operation_>
					<point>101</point>
					<arrival>23078</arrival>
					<Quantity>5691.2666904449397</Quantity>
				</IRP_Roadef_Challenge_Operation_>
				<IRP_Roadef_Challenge_Operation_>
					<point>64</point>
					<arrival>23370</arrival>
					<Quantity>1573.3000000000004</Quantity>
				</IRP_Roadef_Challenge_Operation_>
				<IRP_Roadef_Challenge_Operation_>
					<point>1</point>
					<arrival>23542</arrival>
					<Quantity>-12620</Quantity>
				</IRP_Roadef_Challenge_Operation_>
				<IRP_Roadef_Challenge_Operation_>
					<point>10</point>
					<arrival>24180</arrival>
					<Quantity>11074.833051330545</Quantity>
				</IRP_Roadef_Challenge_Operation_>
				<IRP_Roadef_Challenge_Operation_>
					<point>34</point>
					<arrival>24238</arrival>
					<Quantity>116.5669486694317</Quantity>
				</IRP_Roadef_Challenge_Operation_>
				<IRP_Roadef_Challenge_Operation_>
					<point>71</point>
					<arrival>24286</arrival>
					<Quantity>1428.6000000000022</Quantity>
				</IRP_Roadef_Challenge_Operation_>
			</operations>
		</IRP_Roadef_Challenge_Shift_>
		<IRP_Roadef_Challenge_Shift_>
			<index>29</index>
			<driver>2</driver>
			<trailer>0</trailer>
			<start>21874</start>
			<operations>
				<IRP_Roadef_Challenge_Operation_>
					<point>1</point>
					<arrival>21921</arrival>
					<Quantity>-20000</Quantity>
				</IRP_Roadef_Challenge_Operation_>
				<IRP_Roadef_Challenge_Operation_>
					<point>31</point>
					<arrival>22337</arrival>
					<Quantity>2178.9634559631349</Quantity>
				</IRP_Roadef_Challenge_Operation_>
				<IRP_Roadef_Challenge_Operation_>
					<point>127</point>
					<arrival>22386</arrival>
					<Quantity>2468.0000000000009</Quantity>
				</IRP_Roadef_Challenge_Operation_>
				<IRP_Roadef_Challenge_Operation_>
					<point>82</point>
					<arrival>23348</arrival>
					<Quantity>2280.3000000000006</Quantity>
				</IRP_Roadef_Challenge_Operation_>
				<IRP_Roadef_Challenge_Operation_>
					<point>40</point>
					<arrival>23659</arrival>
					<Quantity>1941.6999999999962</Quantity>
				</IRP_Roadef_Challenge_Operation_>
				<IRP_Roadef_Challenge_Operation_>
					<point>59</point>
					<arrival>23889</arrival>
					<Quantity>5697.1020256042575</Quantity>
				</IRP_Roadef_Challenge_Operation_>
				<IRP_Roadef_Challenge_Operation_>
					<point>117</point>
					<arrival>23962</arrival>
					<Quantity>5433.9345184325939</Quantity>
				</IRP_Roadef_Challenge_Operation_>
			</operations>
		</IRP_Roadef_Challenge_Shift_>
		<IRP_Roadef_Challenge_Shift_>
			<index>30</index>
			<driver>3</driver>
			<trailer>2</trailer>
			<start>22736</start>
			<operations>
				<IRP_Roadef_Challenge_Operation_>
					<point>1</point>
					<arrival>22783</arrival>
					<Quantity>-5380</Quantity>
				</IRP_Roadef_Challenge_Operation_>
				<IRP_Roadef_Challenge_Operation_>
					<point>15</point>
					<arrival>23016</arrival>
					<Quantity>1056.6575701904303</Quantity>
				</IRP_Roadef_Challenge_Operation_>
				<IRP_Roadef_Challenge_Operation_>
					<point>116</point>
					<arrival>23103</arrival>
					<Quantity>907.35097073364113</Quantity>
				</IRP_Roadef_Challenge_Operation_>
				<IRP_Roadef_Challenge_Operation_>
					<point>92</point>
					<arrival>23354</arrival>
					<Quantity>940.31999999999982</Quantity>
				</IRP_Roadef_Challenge_Operation_>
				<IRP_Roadef_Challenge_Operation_>
					<point>27</point>
					<arrival>23402</arrival>
					<Quantity>1807.1185263061411</Quantity>
				</IRP_Roadef_Challenge_Operation_>
				<IRP_Roadef_Challenge_Operation_>
					<point>18</point>
					<arrival>23462</arrival>
					<Quantity>668.55293276978659</Quantity>
				</IRP_Roadef_Challenge_Operation_>
			</operations>
		</IRP_Roadef_Challenge_Shift_>
		<IRP_Roadef_Challenge_Shift_>
			<index>31</index>
			<driver>3</driver>
			<trailer>2</trailer>
			<start>24559</start>
			<operations>
				<IRP_Roadef_Challenge_Operation_>
					<point>1</point>
					<arrival>24606</arrival>
					<Quantity>-5380</Quantity>
				</IRP_Roadef_Challenge_Operation_>
				<IRP_Roadef_Challenge_Operation_>
					<point>29</point>
					<arrival>24794</arrival>
					<Quantity>3668.8720808944836</Quantity>
				</IRP_Roadef_Challenge_Operation_>
				<IRP_Roadef_Challenge_Operation_>
					<point>81</point>
					<arrival>24987</arrival>
					<Quantity>755.82791910552896</Quantity>
				</IRP_Roadef_Challenge_Operation_>
				<IRP_Roadef_Challenge_Operation_>
					<point>91</point>
					<arrival>25095</arrival>
					<Quantity>955.29999999999723</Quantity>
				</IRP_Roadef_Challenge_Operation_>
			</operations>
		</IRP_Roadef_Challenge_Shift_>
		<IRP_Roadef_Challenge_Shift_>
			<index>32</index>
			<driver>2</driver>
			<trailer>0</trailer>
			<start>24910</start>
			<operations>
				<IRP_Roadef_Challenge_Operation_>
					<point>1</point>
					<arrival>24957</arrival>
					<Quantity>-20000</Quantity>
				</IRP_Roadef_Challenge_Operation_>
				<IRP_Roadef_Challenge_Operation_>
					<point>123</point>
					<arrival>25333</arrival>
					<Quantity>16062.641075927739</Quantity>
				</IRP_Roadef_Challenge_Operation_>
				<IRP_Roadef_Challenge_Operation_>
					<point>32</point>
					<arrival>25580</arrival>
					<Quantity>320.65892407227045</Quantity>
				</IRP_Roadef_Challenge_Operation_>
				<IRP_Roadef_Challenge_Operation_>
					<point>42</point>
					<arrival>26348</arrival>
					<Quantity>3616.699999999988</Quantity>
				</IRP_Roadef_Challenge_Operation_>
				<IRP_Roadef_Challenge_Operation_>
					<point>1</point>
					<arrival>26650</arrival>
					<Quantity>-20000</Quantity>
				</IRP_Roadef_Challenge_Operation_>
				<IRP_Roadef_Challenge_Operation_>
					<point>43</point>
					<arrival>26787</arrival>
					<Quantity>3911.3999999999996</Quantity>
				</IRP_Roadef_Challenge_Operation_>
				<IRP_Roadef_Challenge_Operation_>
					<point>119</point>
					<arrival>26921</arrival>
					<Quantity>3211.6779941177629</Quantity>
				</IRP_Roadef_Challenge_Operation_>
				<IRP_Roadef_Challenge_Operation_>
					<point>63</point>
					<arrival>26980</arrival>
					<Quantity>4239.6320058822685</Quantity>
				</IRP_Roadef_Challenge_Operation_>
				<IRP_Roadef_Challenge_Operation_>
					<point>21</point>
					<arrival>27120</arrival>
					<Quantity>8637.2899999999208</Quantity>
				</IRP_Roadef_Challenge_Operation_>
			</operations>
		</IRP_Roadef_Challenge_Shift_>
		<IRP_Roadef_Challenge_Shift_>
			<index>33</index>
			<driver>0</driver>
			<trailer>1</trailer>
			<start>25619</start>
			<operations>
				<IRP_Roadef_Challenge_Operation_>
					<point>1</point>
					<arrival>25666</arrival>
					<Quantity>-12620</Quantity>
				</IRP_Roadef_Challenge_Operation_>
				<IRP_Roadef_Challenge_Operation_>
					<point>41</point>
					<arrival>25928</arrival>
					<Quantity>893.78984170532635</Quantity>
				</IRP_Roadef_Challenge_Operation_>
				<IRP_Roadef_Challenge_Operation_>
					<point>11</point>
					<arrival>26091</arrival>
					<Quantity>6574.3728055419742</Quantity>
				</IRP_Roadef_Challenge_Operation_>
				<IRP_Roadef_Challenge_Operation_>
					<point>20</point>
					<arrival>26153</arrival>
					<Quantity>5151.837352752721</Quantity>
				</IRP_Roadef_Challenge_Operation_>
			</operations>
		</IRP_Roadef_Challenge_Shift_>
		<IRP_Roadef_Challenge_Shift_>
			<index>34</index>
			<driver>1</driver>
			<trailer>2</trailer>
			<start>25624</start>
			<operations>
				<IRP_Roadef_Challenge_Operation_>
					<point>1</point>
					<arrival>25671</arrival>
					<Quantity>-5380</Quantity>
				</IRP_Roadef_Challenge_Operation_>
				<IRP_Roadef_Challenge_Operation_>
					<point>17</point>
					<arrival>25809</arrival>
					<Quantity>3757.4250000000084</Quantity>
				</IRP_Roadef_Challenge_Operation_>
				<IRP_Roadef_Challenge_Operation_>
					<point>33</point>
					<arrival>25920</arrival>
					<Quantity>927.37499999999545</Quantity>
				</IRP_Roadef_Challenge_Operation_>
				<IRP_Roadef_Challenge_Operation_>
					<point>94</point>
					<arrival>25969</arrival>
					<Quantity>695.19999999999914</Quantity>
				</IRP_Roadef_Challenge_Operation_>
			</operations>
		</IRP_Roadef_Challenge_Shift_>
		<IRP_Roadef_Challenge_Shift_>
			<index>35</index>
			<driver>3</driver>
			<trailer>2</trailer>
			<start>26584</start>
			<operations>
				<IRP_Roadef_Challenge_Operation_>
					<point>1</point>
					<arrival>26631</arrival>
					<Quantity>-5380</Quantity>
				</IRP_Roadef_Challenge_Operation_>
				<IRP_Roadef_Challenge_Operation_>
					<point>54</point>
					<arrival>26796</arrival>
					<Quantity>610.29999999999973</Quantity>
				</IRP_Roadef_Challenge_Operation_>
				<IRP_Roadef_Challenge_Operation_>
					<point>95</point>
					<arrival>26851</arrival>
					<Quantity>938.82000000000016</Quantity>
				</IRP_Roadef_Challenge_Operation_>
				<IRP_Roadef_Challenge_Operation_>
					<point>97</point>
					<arrival>26942</arrival>
					<Quantity>2343.512000000017</Quantity>
				</IRP_Roadef_Challenge_Operation_>
				<IRP_Roadef_Challenge_Operation_>
					<point>26</point>
					<arrival>27060</arrival>
					<Quantity>1487.3680000000077</Quantity>
				</IRP_Roadef_Challenge_Operation_>
				<IRP_Roadef_Challenge_Operation_>
					<point>1</point>
					<arrival>27174</arrival>
					<Quantity>-5380</Quantity>
				</IRP_Roadef_Challenge_Operation_>
			</operations>
		</IRP_Roadef_Challenge_Shift_>
		<IRP_Roadef_Challenge_Shift_>
			<index>36</index>
			<driver>0</driver>
			<trailer>1</trailer>
			<start>27120</start>
			<operations>
				<IRP_Roadef_Challenge_Operation_>
					<point>1</point>
					<arrival>27167</arrival>
					<Quantity>-12620</Quantity>
				</IRP_Roadef_Challenge_Operation_>
				<IRP_Roadef_Challenge_Operation_>
					<point>53</point>
					<arrival>27321</arrival>
					<Quantity>2162.8560653686509</Quantity>
				</IRP_Roadef_Challenge_Operation_>
				<IRP_Roadef_Challenge_Operation_>
					<point>76</point>
					<arrival>27370</arrival>
					<Quantity>4839.4654242858851</Quantity>
				</IRP_Roadef_Challenge_Operation_>
				<IRP_Roadef_Challenge_Operation_>
					<point>73</point>
					<arrival>27532</arrival>
					<Quantity>4456.0785103454873</Quantity>
				</IRP_Roadef_Challenge_Operation_>
				<IRP_Roadef_Challenge_Operation_>
					<point>24</point>
					<arrival>27585</arrival>
					<Quantity>1161.6000000000022</Quantity>
				</IRP_Roadef_Challenge_Operation_>
			</operations>
		</IRP_Roadef_Challenge_Shift_>
		<IRP_Roadef_Challenge_Shift_>
			<index>37</index>
			<driver>2</driver>
			<trailer>0</trailer>
			<start>28074</start>
			<operations>
				<IRP_Roadef_Challenge_Operation_>
					<point>1</point>
					<arrival>28121</arrival>
					<Quantity>-20000</Quantity>
				</IRP_Roadef_Challenge_Operation_>
				<IRP_Roadef_Challenge_Operation_>
					<point>68</point>
					<arrival>28432</arrival>
					<Quantity>2728.9936969756764</Quantity>
				</IRP_Roadef_Challenge_Operation_>
				<IRP_Roadef_Challenge_Operation_>
					<point>36</point>
					<arrival>28498</arrival>
					<Quantity>2336.7807751464943</Quantity>
				</IRP_Roadef_Challenge_Operation_>
				<IRP_Roadef_Challenge_Operation_>
					<point>105</point>
					<arrival>28543</arrival>
					<Quantity>568.40000000000055</Quantity>
				</IRP_Roadef_Challenge_Operation_>
				<IRP_Roadef_Challenge_Operation_>
					<point>19</point>
					<arrival>28775</arrival>
					<Quantity>4601.3512920514804</Quantity>
				</IRP_Roadef_Challenge_Operation_>
				<IRP_Roadef_Challenge_Operation_>
					<point>19</point>
					<arrival>29545</arrival>
					<Quantity>5775.5742358263487</Quantity>
				</IRP_Roadef_Challenge_Operation_>
				<IRP_Roadef_Challenge_Operation_>
					<point>128</point>
					<arrival>29657</arrival>
					<Quantity>1582.5999999999985</Quantity>
				</IRP_Roadef_Challenge_Operation_>
				<IRP_Roadef_Challenge_Operation_>
					<point>45</point>
					<arrival>29981</arrival>
					<Quantity>2406.3000000000193</Quantity>
				</IRP_Roadef_Challenge_Operation_>
				<IRP_Roadef_Challenge_Operation_>
					<point>1</point>
					<arrival>30148</arrival>
					<Quantity>-20000</Quantity>
				</IRP_Roadef_Challenge_Operation_>
			</operations>
		</IRP_Roadef_Challenge_Shift_>
		<IRP_Roadef_Challenge_Shift_>
			<index>38</index>
			<driver>0</driver>
			<trailer>1</trailer>
			<start>28569</start>
			<operations>
				<IRP_Roadef_Challenge_Operation_>
					<point>1</point>
					<arrival>28616</arrival>
					<Quantity>-12620</Quantity>
				</IRP_Roadef_Challenge_Operation_>
				<IRP_Roadef_Challenge_Operation_>
					<point>16</point>
					<arrival>28888</arrival>
					<Quantity>4157.9499999999998</Quantity>
				</IRP_Roadef_Challenge_Operation_>
				<IRP_Roadef_Challenge_Operation_>
					<point>7</point>
					<arrival>29054</arrival>
					<Quantity>8324.8699999999953</Quantity>
				</IRP_Roadef_Challenge_Operation_>
				<IRP_Roadef_Challenge_Operation_>
					<point>92</point>
					<arrival>29114</arrival>
					<Quantity>137.17999999999836</Quantity>
				</IRP_Roadef_Challenge_Operation_>
				<IRP_Roadef_Challenge_Operation_>
					<point>1</point>
					<arrival>29319</arrival>
					<Quantity>-12620</Quantity>
				</IRP_Roadef_Challenge_Operation_>
			</operations>
		</IRP_Roadef_Challenge_Shift_>
		<IRP_Roadef_Challenge_Shift_>
			<index>39</index>
			<driver>0</driver>
			<trailer>1</trailer>
			<start>31680</start>
			<operations>
				<IRP_Roadef_Challenge_Operation_>
					<point>64</point>
					<arrival>31840</arrival>
					<Quantity>1001.1000000000001</Quantity>
				</IRP_Roadef_Challenge_Operation_>
				<IRP_Roadef_Challenge_Operation_>
					<point>44</point>
					<arrival>31969</arrival>
					<Quantity>2761.4400000000001</Quantity>
				</IRP_Roadef_Challenge_Operation_>
				<IRP_Roadef_Challenge_Operation_>
					<point>96</point>
					<arrival>32144</arrival>
					<Quantity>7884.214490051274</Quantity>
				</IRP_Roadef_Challenge_Operation_>
				<IRP_Roadef_Challenge_Operation_>
					<point>1</point>
					<arrival>32302</arrival>
					<Quantity>-11646.754490051289</Quantity>
				</IRP_Roadef_Challenge_Operation_>
				<IRP_Roadef_Challenge_Operation_>
					<point>60</point>
					<arrival>33418</arrival>
					<Quantity>4048.5903052331432</Quantity>
				</IRP_Roadef_Challenge_Operation_>
				<IRP_Roadef_Challenge_Operation_>
					<point>123</point>
					<arrival>33503</arrival>
					<Quantity>8571.4096947668659</Quantity>
				</IRP_Roadef_Challenge_Operation_>
			</operations>
		</IRP_Roadef_Challenge_Shift_>
		<IRP_Roadef_Challenge_Shift_>
			<index>40</index>
			<driver>3</driver>
			<trailer>2</trailer>
			<start>31680</start>
			<operations>
				<IRP_Roadef_Challenge_Operation_>
					<point>10</point>
					<arrival>31741</arrival>
					<Quantity>1939.1556348495833</Quantity>
				</IRP_Roadef_Challenge_Operation_>
				<IRP_Roadef_Challenge_Operation_>
					<point>84</point>
					<arrival>31852</arrival>
					<Quantity>615.50999999999999</Quantity>
				</IRP_Roadef_Challenge_Operation_>
				<IRP_Roadef_Challenge_Operation_>
					<point>52</point>
					<arrival>31933</arrival>
					<Quantity>915.0999999999998</Quantity>
				</IRP_Roadef_Challenge_Operation_>
				<IRP_Roadef_Challenge_Operation_>
					<point>13</point>
					<arrival>31982</arrival>
					<Quantity>877.10000000000082</Quantity>
				</IRP_Roadef_Challenge_Operation_>
				<IRP_Roadef_Challenge_Operation_>
					<point>110</point>
					<arrival>32050</arrival>
					<Quantity>1033.1343651504285</Quantity>
				</IRP_Roadef_Challenge_Operation_>
				<IRP_Roadef_Challenge_Operation_>
					<point>1</point>
					<arrival>32258</arrival>
					<Quantity>-5380</Quantity>
				</IRP_Roadef_Challenge_Operation_>
			</operations>
		</IRP_Roadef_Challenge_Shift_>
		<IRP_Roadef_Challenge_Shift_>
			<index>41</index>
			<driver>1</driver>
			<trailer>0</trailer>
			<start>31751</start>
			<operations>
				<IRP_Roadef_Challenge_Operation_>
					<point>106</point>
					<arrival>31799</arrival>
					<Quantity>7543.2779941177305</Quantity>
				</IRP_Roadef_Challenge_Operation_>
			</operations>
		</IRP_Roadef_Challenge_Shift_>
		<IRP_Roadef_Challenge_Shift_>
			<index>42</index>
			<driver>2</driver>
			<trailer>0</trailer>
			<start>31897</start>
			<operations>
				<IRP_Roadef_Challenge_Operation_>
					<point>119</point>
					<arrival>32036</arrival>
					<Quantity>3589.9220058822666</Quantity>
				</IRP_Roadef_Challenge_Operation_>
				<IRP_Roadef_Challenge_Operation_>
					<point>80</point>
					<arrival>32202</arrival>
					<Quantity>8866.7999999999993</Quantity>
				</IRP_Roadef_Challenge_Operation_>
				<IRP_Roadef_Challenge_Operation_>
					<point>1</point>
					<arrival>32490</arrival>
					<Quantity>-20000</Quantity>
				</IRP_Roadef_Challenge_Operation_>
				<IRP_Roadef_Challenge_Operation_>
					<point>46</point>
					<arrival>33660</arrival>
					<Quantity>3318.693696975698</Quantity>
				</IRP_Roadef_Challenge_Operation_>
			</operations>
		</IRP_Roadef_Challenge_Shift_>
		<IRP_Roadef_Challenge_Shift_>
			<index>43</index>
			<driver>1</driver>
			<trailer>1</trailer>
			<start>34561</start>
			<operations>
				<IRP_Roadef_Challenge_Operation_>
					<point>1</point>
					<arrival>34608</arrival>
					<Quantity>-12620</Quantity>
				</IRP_Roadef_Challenge_Operation_>
				<IRP_Roadef_Challenge_Operation_>
					<point>5</point>
					<arrival>34756</arrival>
					<Quantity>5818.4822281875186</Quantity>
				</IRP_Roadef_Challenge_Operation_>
			</operations>
		</IRP_Roadef_Challenge_Shift_>
		<IRP_Roadef_Challenge_Shift_>
			<index>44</index>
			<driver>0</driver>
			<trailer>1</trailer>
			<start>34857</start>
			<operations>
				<IRP_Roadef_Challenge_Operation_>
					<point>25</point>
					<arrival>34924</arrival>
					<Quantity>2281.3999999999924</Quantity>
				</IRP_Roadef_Challenge_Operation_>
				<IRP_Roadef_Challenge_Operation_>
					<point>126</point>
					<arrival>34972</arrival>
					<Quantity>4520.1177718124836</Quantity>
				</IRP_Roadef_Challenge_Operation_>
				<IRP_Roadef_Challenge_Operation_>
					<point>1</point>
					<arrival>35119</arrival>
					<Quantity>-12620</Quantity>
				</IRP_Roadef_Challenge_Operation_>
				<IRP_Roadef_Challenge_Operation_>
					<point>65</point>
					<arrival>35296</arrival>
					<Quantity>2068.100000000004</Quantity>
				</IRP_Roadef_Challenge_Operation_>
				<IRP_Roadef_Challenge_Operation_>
					<point>8</point>
					<arrival>35404</arrival>
					<Quantity>955.23487266538859</Quantity>
				</IRP_Roadef_Challenge_Operation_>
				<IRP_Roadef_Challenge_Operation_>
					<point>113</point>
					<arrival>35700</arrival>
					<Quantity>947.79999999999927</Quantity>
				</IRP_Roadef_Challenge_Operation_>
				<IRP_Roadef_Challenge_Operation_>
					<point>127</point>
					<arrival>36761</arrival>
					<Quantity>3710.8999999999887</Quantity>
				</IRP_Roadef_Challenge_Operation_>
				<IRP_Roadef_Challenge_Operation_>
					<point>4</point>
					<arrival>37140</arrival>
					<Quantity>4937.9651273346226</Quantity>
				</IRP_Roadef_Challenge_Operation_>
			</operations>
		</IRP_Roadef_Challenge_Shift_>
		<IRP_Roadef_Challenge_Shift_>
			<index>45</index>
			<driver>2</driver>
			<trailer>0</trailer>
			<start>34879</start>
			<operations>
				<IRP_Roadef_Challenge_Operation_>
					<point>98</point>
					<arrival>35158</arrival>
					<Quantity>757.09999999999923</Quantity>
				</IRP_Roadef_Challenge_Operation_>
				<IRP_Roadef_Challenge_Operation_>
					<point>101</point>
					<arrival>35214</arrival>
					<Quantity>2944.5999999999985</Quantity>
				</IRP_Roadef_Challenge_Operation_>
				<IRP_Roadef_Challenge_Operation_>
					<point>68</point>
					<arrival>35278</arrival>
					<Quantity>6851.8063030243229</Quantity>
				</IRP_Roadef_Challenge_Operation_>
				<IRP_Roadef_Challenge_Operation_>
					<point>42</point>
					<arrival>35336</arrival>
					<Quantity>1478.4000000000033</Quantity>
				</IRP_Roadef_Challenge_Operation_>
				<IRP_Roadef_Challenge_Operation_>
					<point>22</point>
					<arrival>35535</arrival>
					<Quantity>4649.3999999999996</Quantity>
				</IRP_Roadef_Challenge_Operation_>
			</operations>
		</IRP_Roadef_Challenge_Shift_>
		<IRP_Roadef_Challenge_Shift_>
			<index>46</index>
			<driver>1</driver>
			<trailer>0</trailer>
			<start>35784</start>
			<operations>
				<IRP_Roadef_Challenge_Operation_>
					<point>1</point>
					<arrival>35831</arrival>
					<Quantity>-20000</Quantity>
				</IRP_Roadef_Challenge_Operation_>
				<IRP_Roadef_Challenge_Operation_>
					<point>2</point>
					<arrival>35990</arrival>
					<Quantity>1424.774017334059</Quantity>
				</IRP_Roadef_Challenge_Operation_>
				<IRP_Roadef_Challenge_Operation_>
					<point>103</point>
					<arrival>36063</arrival>
					<Quantity>2030.7340333136381</Quantity>
				</IRP_Roadef_Challenge_Operation_>
				<IRP_Roadef_Challenge_Operation_>
					<point>48</point>
					<arrival>36111</arrival>
					<Quantity>16544.491949352418</Quantity>
				</IRP_Roadef_Challenge_Operation_>
			</operations>
		</IRP_Roadef_Challenge_Shift_>
		<IRP_Roadef_Challenge_Shift_>
			<index>47</index>
			<driver>2</driver>
			<trailer>0</trailer>
			<start>36710</start>
			<operations>
				<IRP_Roadef_Challenge_Operation_>
					<point>1</point>
					<arrival>36757</arrival>
					<Quantity>-20000</Quantity>
				</IRP_Roadef_Challenge_Operation_>
				<IRP_Roadef_Challenge_Operation_>
					<point>2</point>
					<arrival>36916</arrival>
					<Quantity>4303.7259826659611</Quantity>
				</IRP_Roadef_Challenge_Operation_>
				<IRP_Roadef_Challenge_Operation_>
					<point>74</point>
					<arrival>36972</arrival>
					<Quantity>15696.27401733397</Quantity>
				</IRP_Roadef_Challenge_Operation_>
			</operations>
		</IRP_Roadef_Challenge_Shift_>
		<IRP_Roadef_Challenge_Shift_>
			<index>48</index>
			<driver>1</driver>
			<trailer>0</trailer>
			<start>37140</start>
			<operations>
				<IRP_Roadef_Challenge_Operation_>
					<point>1</point>
					<arrival>37187</arrival>
					<Quantity>-20000</Quantity>
				</IRP_Roadef_Challenge_Operation_>
				<IRP_Roadef_Challenge_Operation_>
					<point>83</point>
					<arrival>37373</arrival>
					<Quantity>658.86840426634592</Quantity>
				</IRP_Roadef_Challenge_Operation_>
				<IRP_Roadef_Challenge_Operation_>
					<point>64</point>
					<arrival>37419</arrival>
					<Quantity>2470.8400000000001</Quantity>
				</IRP_Roadef_Challenge_Operation_>
				<IRP_Roadef_Challenge_Operation_>
					<point>102</point>
					<arrival>37533</arrival>
					<Quantity>9771.7999999999993</Quantity>
				</IRP_Roadef_Challenge_Operation_>
			</operations>
		</IRP_Roadef_Challenge_Shift_>
		<IRP_Roadef_Challenge_Shift_>
			<index>49</index>
			<driver>3</driver>
			<trailer>2</trailer>
			<start>37172</start>
			<operations>
				<IRP_Roadef_Challenge_Operation_>
					<point>39</point>
					<arrival>37232</arrival>
					<Quantity>1810.1132401428422</Quantity>
				</IRP_Roadef_Challenge_Operation_>
				<IRP_Roadef_Challenge_Operation_>
					<point>85</point>
					<arrival>37293</arrival>
					<Quantity>1337.6257924270653</Quantity>
				</IRP_Roadef_Challenge_Operation_>
				<IRP_Roadef_Challenge_Operation_>
					<point>2</point>
					<arrival>37493</arrival>
					<Quantity>316.21621214098298</Quantity>
				</IRP_Roadef_Challenge_Operation_>
				<IRP_Roadef_Challenge_Operation_>
					<point>122</point>
					<arrival>37576</arrival>
					<Quantity>908.72666857909917</Quantity>
				</IRP_Roadef_Challenge_Operation_>
				<IRP_Roadef_Challenge_Operation_>
					<point>78</point>
					<arrival>37641</arrival>
					<Quantity>192.91808671001854</Quantity>
				</IRP_Roadef_Challenge_Operation_>
				<IRP_Roadef_Challenge_Operation_>
					<point>94</point>
					<arrival>37691</arrival>
					<Quantity>814.39999999999986</Quantity>
				</IRP_Roadef_Challenge_Operation_>
				<IRP_Roadef_Challenge_Operation_>
					<point>1</point>
					<arrival>37848</arrival>
					<Quantity>-5380</Quantity>
				</IRP_Roadef_Challenge_Operation_>
				<IRP_Roadef_Challenge_Operation_>
					<point>49</point>
					<arrival>37988</arrival>
					<Quantity>939.62000000000012</Quantity>
				</IRP_Roadef_Challenge_Operation_>
				<IRP_Roadef_Challenge_Operation_>
					<point>111</point>
					<arrival>38042</arrival>
					<Quantity>3137.5408089446992</Quantity>
				</IRP_Roadef_Challenge_Operation_>
				<IRP_Roadef_Challenge_Operation_>
					<point>57</point>
					<arrival>38102</arrival>
					<Quantity>1302.839191055295</Quantity>
				</IRP_Roadef_Challenge_Operation_>
			</operations>
		</IRP_Roadef_Challenge_Shift_>
		<IRP_Roadef_Challenge_Shift_>
			<index>50</index>
			<driver>0</driver>
			<trailer>1</trailer>
			<start>38604</start>
			<operations>
				<IRP_Roadef_Challenge_Operation_>
					<point>1</point>
					<arrival>38651</arrival>
					<Quantity>-12620</Quantity>
				</IRP_Roadef_Challenge_Operation_>
				<IRP_Roadef_Challenge_Operation_>
					<point>118</point>
					<arrival>38892</arrival>
					<Quantity>4410.1284229278526</Quantity>
				</IRP_Roadef_Challenge_Operation_>
				<IRP_Roadef_Challenge_Operation_>
					<point>59</point>
					<arrival>39026</arrival>
					<Quantity>2666.3999999999996</Quantity>
				</IRP_Roadef_Challenge_Operation_>
				<IRP_Roadef_Challenge_Operation_>
					<point>69</point>
					<arrival>39073</arrival>
					<Quantity>2723.0584791297879</Quantity>
				</IRP_Roadef_Challenge_Operation_>
				<IRP_Roadef_Challenge_Operation_>
					<point>119</point>
					<arrival>39130</arrival>
					<Quantity>1877.893097942404</Quantity>
				</IRP_Roadef_Challenge_Operation_>
				<IRP_Roadef_Challenge_Operation_>
					<point>92</point>
					<arrival>39194</arrival>
					<Quantity>942.5200000000001</Quantity>
				</IRP_Roadef_Challenge_Operation_>
			</operations>
		</IRP_Roadef_Challenge_Shift_>
		<IRP_Roadef_Challenge_Shift_>
			<index>51</index>
			<driver>3</driver>
			<trailer>2</trailer>
			<start>38933</start>
			<operations>
				<IRP_Roadef_Challenge_Operation_>
					<point>1</point>
					<arrival>38980</arrival>
					<Quantity>-5380</Quantity>
				</IRP_Roadef_Challenge_Operation_>
				<IRP_Roadef_Challenge_Operation_>
					<point>72</point>
					<arrival>39125</arrival>
					<Quantity>1478.7853643035869</Quantity>
				</IRP_Roadef_Challenge_Operation_>
				<IRP_Roadef_Challenge_Operation_>
					<point>51</point>
					<arrival>39180</arrival>
					<Quantity>1092.3320000000001</Quantity>
				</IRP_Roadef_Challenge_Operation_>
				<IRP_Roadef_Challenge_Operation_>
					<point>34</point>
					<arrival>39237</arrival>
					<Quantity>998.1400000000001</Quantity>
				</IRP_Roadef_Challenge_Operation_>
				<IRP_Roadef_Challenge_Operation_>
					<point>71</point>
					<arrival>39285</arrival>
					<Quantity>1810.7426356964133</Quantity>
				</IRP_Roadef_Challenge_Operation_>
			</operations>
		</IRP_Roadef_Challenge_Shift_>
		<IRP_Roadef_Challenge_Shift_>
			<index>52</index>
			<driver>2</driver>
			<trailer>0</trailer>
			<start>39775</start>
			<operations>
				<IRP_Roadef_Challenge_Operation_>
					<point>1</point>
					<arrival>39822</arrival>
					<Quantity>-12901.508404266347</Quantity>
				</IRP_Roadef_Challenge_Operation_>
				<IRP_Roadef_Challenge_Operation_>
					<point>45</point>
					<arrival>40007</arrival>
					<Quantity>4460.7000000000007</Quantity>
				</IRP_Roadef_Challenge_Operation_>
				<IRP_Roadef_Challenge_Operation_>
					<point>79</point>
					<arrival>40065</arrival>
					<Quantity>14626.230969810797</Quantity>
				</IRP_Roadef_Challenge_Operation_>
				<IRP_Roadef_Challenge_Operation_>
					<point>1</point>
					<arrival>40228</arrival>
					<Quantity>-19086.930969810786</Quantity>
				</IRP_Roadef_Challenge_Operation_>
			</operations>
		</IRP_Roadef_Challenge_Shift_>
		<IRP_Roadef_Challenge_Shift_>
			<index>53</index>
			<driver>3</driver>
			<trailer>2</trailer>
			<start>42496</start>
			<operations>
				<IRP_Roadef_Challenge_Operation_>
					<point>1</point>
					<arrival>42543</arrival>
					<Quantity>-5380</Quantity>
				</IRP_Roadef_Challenge_Operation_>
				<IRP_Roadef_Challenge_Operation_>
					<point>54</point>
					<arrival>42708</arrival>
					<Quantity>866.70000000000118</Quantity>
				</IRP_Roadef_Challenge_Operation_>
				<IRP_Roadef_Challenge_Operation_>
					<point>97</point>
					<arrival>42794</arrival>
					<Quantity>2173.4879999999976</Quantity>
				</IRP_Roadef_Challenge_Operation_>
				<IRP_Roadef_Challenge_Operation_>
					<point>124</point>
					<arrival>42900</arrival>
					<Quantity>2339.811999999999</Quantity>
				</IRP_Roadef_Challenge_Operation_>
				<IRP_Roadef_Challenge_Operation_>
					<point>1</point>
					<arrival>43013</arrival>
					<Quantity>-5380</Quantity>
				</IRP_Roadef_Challenge_Operation_>
			</operations>
		</IRP_Roadef_Challenge_Shift_>
		<IRP_Roadef_Challenge_Shift_>
			<index>54</index>
			<driver>0</driver>
			<trailer>1</trailer>
			<start>43113</start>
			<operations>
				<IRP_Roadef_Challenge_Operation_>
					<point>1</point>
					<arrival>43160</arrival>
					<Quantity>-12620</Quantity>
				</IRP_Roadef_Challenge_Operation_>
				<IRP_Roadef_Challenge_Operation_>
					<point>11</point>
					<arrival>43448</arrival>
					<Quantity>7666.5810347595507</Quantity>
				</IRP_Roadef_Challenge_Operation_>
				<IRP_Roadef_Challenge_Operation_>
					<point>114</point>
					<arrival>43514</arrival>
					<Quantity>4953.4189652404893</Quantity>
				</IRP_Roadef_Challenge_Operation_>
			</operations>
		</IRP_Roadef_Challenge_Shift_>
		<IRP_Roadef_Challenge_Shift_>
			<index>55</index>
			<driver>1</driver>
			<trailer>2</trailer>
			<start>43123</start>
			<operations>
				<IRP_Roadef_Challenge_Operation_>
					<point>18</point>
					<arrival>43244</arrival>
					<Quantity>963.16799999999989</Quantity>
				</IRP_Roadef_Challenge_Operation_>
				<IRP_Roadef_Challenge_Operation_>
					<point>26</point>
					<arrival>43393</arrival>
					<Quantity>4416.8319999999876</Quantity>
				</IRP_Roadef_Challenge_Operation_>
			</operations>
		</IRP_Roadef_Challenge_Shift_>
		<IRP_Roadef_Challenge_Shift_>
			<index>56</index>
			<driver>3</driver>
			<trailer>2</trailer>
			<start>44432</start>
			<operations>
				<IRP_Roadef_Challenge_Operation_>
					<point>1</point>
					<arrival>44479</arrival>
					<Quantity>-5380</Quantity>
				</IRP_Roadef_Challenge_Operation_>
				<IRP_Roadef_Challenge_Operation_>
					<point>17</point>
					<arrival>44617</arrival>
					<Quantity>1952.1861254730284</Quantity>
				</IRP_Roadef_Challenge_Operation_>
				<IRP_Roadef_Challenge_Operation_>
					<point>67</point>
					<arrival>44803</arrival>
					<Quantity>1004.470035034175</Quantity>
				</IRP_Roadef_Challenge_Operation_>
				<IRP_Roadef_Challenge_Operation_>
					<point>14</point>
					<arrival>44940</arrival>
					<Quantity>2423.3438394928098</Quantity>
				</IRP_Roadef_Challenge_Operation_>
				<IRP_Roadef_Challenge_Operation_>
					<point>1</point>
					<arrival>45097</arrival>
					<Quantity>-5380</Quantity>
				</IRP_Roadef_Challenge_Operation_>
			</operations>
		</IRP_Roadef_Challenge_Shift_>
		<IRP_Roadef_Challenge_Shift_>
			<index>57</index>
			<driver>0</driver>
			<trailer>1</trailer>
			<start>44626</start>
			<operations>
				<IRP_Roadef_Challenge_Operation_>
					<point>1</point>
					<arrival>44673</arrival>
					<Quantity>-12620</Quantity>
				</IRP_Roadef_Challenge_Operation_>
				<IRP_Roadef_Challenge_Operation_>
					<point>29</point>
					<arrival>44861</arrival>
					<Quantity>7015.5822281875153</Quantity>
				</IRP_Roadef_Challenge_Operation_>
				<IRP_Roadef_Challenge_Operation_>
					<point>96</point>
					<arrival>45005</arrival>
					<Quantity>3384.2000000000025</Quantity>
				</IRP_Roadef_Challenge_Operation_>
				<IRP_Roadef_Challenge_Operation_>
					<point>5</point>
					<arrival>45074</arrival>
					<Quantity>2220.2177718124804</Quantity>
				</IRP_Roadef_Challenge_Operation_>
			</operations>
		</IRP_Roadef_Challenge_Shift_>
		<IRP_Roadef_Challenge_Shift_>
			<index>58</index>
			<driver>2</driver>
			<trailer>0</trailer>
			<start>44829</start>
			<operations>
				<IRP_Roadef_Challenge_Operation_>
					<point>21</point>
					<arrival>44901</arrival>
					<Quantity>9441.6100000000588</Quantity>
				</IRP_Roadef_Challenge_Operation_>
				<IRP_Roadef_Challenge_Operation_>
					<point>84</point>
					<arrival>45014</arrival>
					<Quantity>2116.8899999999649</Quantity>
				</IRP_Roadef_Challenge_Operation_>
				<IRP_Roadef_Challenge_Operation_>
					<point>117</point>
					<arrival>45071</arrival>
					<Quantity>8441.4999999999964</Quantity>
				</IRP_Roadef_Challenge_Operation_>
			</operations>
		</IRP_Roadef_Challenge_Shift_>
		<IRP_Roadef_Challenge_Shift_>
			<index>59</index>
			<driver>2</driver>
			<trailer>0</trailer>
			<start>46370</start>
			<operations>
				<IRP_Roadef_Challenge_Operation_>
					<point>1</point>
					<arrival>46417</arrival>
					<Quantity>-20000</Quantity>
				</IRP_Roadef_Challenge_Operation_>
				<IRP_Roadef_Challenge_Operation_>
					<point>56</point>
					<arrival>46719</arrival>
					<Quantity>4277.8558155059809</Quantity>
				</IRP_Roadef_Challenge_Operation_>
				<IRP_Roadef_Challenge_Operation_>
					<point>123</point>
					<arrival>47570</arrival>
					<Quantity>10149.222694839424</Quantity>
				</IRP_Roadef_Challenge_Operation_>
				<IRP_Roadef_Challenge_Operation_>
					<point>73</point>
					<arrival>47763</arrival>
					<Quantity>5572.9214896545291</Quantity>
				</IRP_Roadef_Challenge_Operation_>
				<IRP_Roadef_Challenge_Operation_>
					<point>1</point>
					<arrival>47999</arrival>
					<Quantity>-20000</Quantity>
				</IRP_Roadef_Challenge_Operation_>
			</operations>
		</IRP_Roadef_Challenge_Shift_>
		<IRP_Roadef_Challenge_Shift_>
			<index>60</index>
			<driver>0</driver>
			<trailer>1</trailer>
			<start>46470</start>
			<operations>
				<IRP_Roadef_Challenge_Operation_>
					<point>1</point>
					<arrival>46517</arrival>
					<Quantity>-12620</Quantity>
				</IRP_Roadef_Challenge_Operation_>
				<IRP_Roadef_Challenge_Operation_>
					<point>130</point>
					<arrival>46659</arrival>
					<Quantity>2451.3000000000006</Quantity>
				</IRP_Roadef_Challenge_Operation_>
				<IRP_Roadef_Challenge_Operation_>
					<point>115</point>
					<arrival>46704</arrival>
					<Quantity>952.29999999999768</Quantity>
				</IRP_Roadef_Challenge_Operation_>
				<IRP_Roadef_Challenge_Operation_>
					<point>106</point>
					<arrival>46759</arrival>
					<Quantity>6964.9999999999654</Quantity>
				</IRP_Roadef_Challenge_Operation_>
			</operations>
		</IRP_Roadef_Challenge_Shift_>
		<IRP_Roadef_Challenge_Shift_>
			<index>61</index>
			<driver>1</driver>
			<trailer>2</trailer>
			<start>47274</start>
			<operations>
				<IRP_Roadef_Challenge_Operation_>
					<point>39</point>
					<arrival>47334</arrival>
					<Quantity>3468.386759857156</Quantity>
				</IRP_Roadef_Challenge_Operation_>
				<IRP_Roadef_Challenge_Operation_>
					<point>90</point>
					<arrival>47542</arrival>
					<Quantity>1037.013240142823</Quantity>
				</IRP_Roadef_Challenge_Operation_>
				<IRP_Roadef_Challenge_Operation_>
					<point>6</point>
					<arrival>47609</arrival>
					<Quantity>874.59999999999877</Quantity>
				</IRP_Roadef_Challenge_Operation_>
			</operations>
		</IRP_Roadef_Challenge_Shift_>
		<IRP_Roadef_Challenge_Shift_>
			<index>62</index>
			<driver>0</driver>
			<trailer>1</trailer>
			<start>47577</start>
			<operations>
				<IRP_Roadef_Challenge_Operation_>
					<point>23</point>
					<arrival>47600</arrival>
					<Quantity>2251.4000000000469</Quantity>
				</IRP_Roadef_Challenge_Operation_>
				<IRP_Roadef_Challenge_Operation_>
					<point>1</point>
					<arrival>47671</arrival>
					<Quantity>-12620</Quantity>
				</IRP_Roadef_Challenge_Operation_>
				<IRP_Roadef_Challenge_Operation_>
					<point>10</point>
					<arrival>47817</arrival>
					<Quantity>12620</Quantity>
				</IRP_Roadef_Challenge_Operation_>
			</operations>
		</IRP_Roadef_Challenge_Shift_>
		<IRP_Roadef_Challenge_Shift_>
			<index>63</index>
			<driver>0</driver>
			<trailer>1</trailer>
			<start>48643</start>
			<operations>
				<IRP_Roadef_Challenge_Operation_>
					<point>1</point>
					<arrival>48690</arrival>
					<Quantity>-12620</Quantity>
				</IRP_Roadef_Challenge_Operation_>
				<IRP_Roadef_Challenge_Operation_>
					<point>53</point>
					<arrival>48844</arrival>
					<Quantity>714.20000000000164</Quantity>
				</IRP_Roadef_Challenge_Operation_>
				<IRP_Roadef_Challenge_Operation_>
					<point>76</point>
					<arrival>48893</arrival>
					<Quantity>3951.0000000000146</Quantity>
				</IRP_Roadef_Challenge_Operation_>
				<IRP_Roadef_Challenge_Operation_>
					<point>9</point>
					<arrival>48977</arrival>
					<Quantity>979.27499999999418</Quantity>
				</IRP_Roadef_Challenge_Operation_>
				<IRP_Roadef_Challenge_Operation_>
					<point>33</point>
					<arrival>49026</arrival>
					<Quantity>6975.5249999999996</Quantity>
				</IRP_Roadef_Challenge_Operation_>
				<IRP_Roadef_Challenge_Operation_>
					<point>1</point>
					<arrival>49187</arrival>
					<Quantity>-12620</Quantity>
				</IRP_Roadef_Challenge_Operation_>
				<IRP_Roadef_Challenge_Operation_>
					<point>85</point>
					<arrival>49334</arrival>
					<Quantity>2705.1199999999994</Quantity>
				</IRP_Roadef_Challenge_Operation_>
				<IRP_Roadef_Challenge_Operation_>
					<point>71</point>
					<arrival>49389</arrival>
					<Quantity>1668.0573643035841</Quantity>
				</IRP_Roadef_Challenge_Operation_>
				<IRP_Roadef_Challenge_Operation_>
					<point>25</point>
					<arrival>49440</arrival>
					<Quantity>4652.25</Quantity>
				</IRP_Roadef_Challenge_Operation_>
				<IRP_Roadef_Challenge_Operation_>
					<point>126</point>
					<arrival>49488</arrival>
					<Quantity>3594.5726356964024</Quantity>
				</IRP_Roadef_Challenge_Operation_>
			</operations>
		</IRP_Roadef_Challenge_Shift_>
		<IRP_Roadef_Challenge_Shift_>
			<index>64</index>
			<driver>2</driver>
			<trailer>0</trailer>
			<start>48860</start>
			<operations>
				<IRP_Roadef_Challenge_Operation_>
					<point>43</point>
					<arrival>48913</arrival>
					<Quantity>4174.1999999999989</Quantity>
				</IRP_Roadef_Challenge_Operation_>
				<IRP_Roadef_Challenge_Operation_>
					<point>7</point>
					<arrival>49041</arrival>
					<Quantity>12487.293097942336</Quantity>
				</IRP_Roadef_Challenge_Operation_>
				<IRP_Roadef_Challenge_Operation_>
					<point>119</point>
					<arrival>49103</arrival>
					<Quantity>3338.506902057663</Quantity>
				</IRP_Roadef_Challenge_Operation_>
				<IRP_Roadef_Challenge_Operation_>
					<point>1</point>
					<arrival>49328</arrival>
					<Quantity>-20000</Quantity>
				</IRP_Roadef_Challenge_Operation_>
				<IRP_Roadef_Challenge_Operation_>
					<point>48</point>
					<arrival>49509</arrival>
					<Quantity>11235.816212140899</Quantity>
				</IRP_Roadef_Challenge_Operation_>
				<IRP_Roadef_Challenge_Operation_>
					<point>45</point>
					<arrival>49562</arrival>
					<Quantity>3662.4000000000833</Quantity>
				</IRP_Roadef_Challenge_Operation_>
				<IRP_Roadef_Challenge_Operation_>
					<point>2</point>
					<arrival>49632</arrival>
					<Quantity>5101.7837878589889</Quantity>
				</IRP_Roadef_Challenge_Operation_>
			</operations>
		</IRP_Roadef_Challenge_Shift_>
	</Shifts>
</IRP_Roadef_Challenge_Output>
