<?xml version="1.0"?>
<IRP_Roadef_Challenge_Output>
	<Shifts>
		<IRP_Roadef_Challenge_Shift_>
			<index>0</index>
			<driver>1</driver>
			<trailer>0</trailer>
			<start>1320</start>
			<operations>
				<IRP_Roadef_Challenge_Operation_>
					<point>119</point>
					<arrival>1459</arrival>
					<Quantity>3339.6000000000126</Quantity>
				</IRP_Roadef_Challenge_Operation_>
				<IRP_Roadef_Challenge_Operation_>
					<point>37</point>
					<arrival>1579</arrival>
					<Quantity>8000</Quantity>
				</IRP_Roadef_Challenge_Operation_>
				<IRP_Roadef_Challenge_Operation_>
					<point>43</point>
					<arrival>1648</arrival>
					<Quantity>3604.5966821670509</Quantity>
				</IRP_Roadef_Challenge_Operation_>
			</operations>
		</IRP_Roadef_Challenge_Shift_>
		<IRP_Roadef_Challenge_Shift_>
			<index>1</index>
			<driver>0</driver>
			<trailer>1</trailer>
			<start>1440</start>
			<operations>
				<IRP_Roadef_Challenge_Operation_>
					<point>101</point>
					<arrival>1720</arrival>
					<Quantity>3348.0695641517577</Quantity>
				</IRP_Roadef_Challenge_Operation_>
				<IRP_Roadef_Challenge_Operation_>
					<point>88</point>
					<arrival>1893</arrival>
					<Quantity>1019.0780967330934</Quantity>
				</IRP_Roadef_Challenge_Operation_>
				<IRP_Roadef_Challenge_Operation_>
					<point>124</point>
					<arrival>2968</arrival>
					<Quantity>2102.703325576781</Quantity>
				</IRP_Roadef_Challenge_Operation_>
				<IRP_Roadef_Challenge_Operation_>
					<point>50</point>
					<arrival>3181</arrival>
					<Quantity>2931</Quantity>
				</IRP_Roadef_Challenge_Operation_>
				<IRP_Roadef_Challenge_Operation_>
					<point>115</point>
					<arrival>3294</arrival>
					<Quantity>868.25557855224679</Quantity>
				</IRP_Roadef_Challenge_Operation_>
				<IRP_Roadef_Challenge_Operation_>
					<point>1</point>
					<arrival>3440</arrival>
					<Quantity>-10425.106565013879</Quantity>
				</IRP_Roadef_Challenge_Operation_>
				<IRP_Roadef_Challenge_Operation_>
					<point>106</point>
					<arrival>3572</arrival>
					<Quantity>1160.4443702697813</Quantity>
				</IRP_Roadef_Challenge_Operation_>
				<IRP_Roadef_Challenge_Operation_>
					<point>130</point>
					<arrival>3632</arrival>
					<Quantity>1200.3775230407682</Quantity>
				</IRP_Roadef_Challenge_Operation_>
			</operations>
		</IRP_Roadef_Challenge_Shift_>
		<IRP_Roadef_Challenge_Shift_>
			<index>2</index>
			<driver>3</driver>
			<trailer>2</trailer>
			<start>1440</start>
			<operations>
				<IRP_Roadef_Challenge_Operation_>
					<point>54</point>
					<arrival>1545</arrival>
					<Quantity>731.57082082752822</Quantity>
				</IRP_Roadef_Challenge_Operation_>
				<IRP_Roadef_Challenge_Operation_>
					<point>126</point>
					<arrival>1713</arrival>
					<Quantity>4528.4291791724718</Quantity>
				</IRP_Roadef_Challenge_Operation_>
				<IRP_Roadef_Challenge_Operation_>
					<point>1</point>
					<arrival>1860</arrival>
					<Quantity>-5380</Quantity>
				</IRP_Roadef_Challenge_Operation_>
				<IRP_Roadef_Challenge_Operation_>
					<point>71</point>
					<arrival>2012</arrival>
					<Quantity>721.72235366820826</Quantity>
				</IRP_Roadef_Challenge_Operation_>
				<IRP_Roadef_Challenge_Operation_>
					<point>39</point>
					<arrival>2580</arrival>
					<Quantity>3612.9203437805213</Quantity>
				</IRP_Roadef_Challenge_Operation_>
				<IRP_Roadef_Challenge_Operation_>
					<point>1</point>
					<arrival>2720</arrival>
					<Quantity>-4334.6426974487295</Quantity>
				</IRP_Roadef_Challenge_Operation_>
				<IRP_Roadef_Challenge_Operation_>
					<point>129</point>
					<arrival>3789</arrival>
					<Quantity>837.55683764648484</Quantity>
				</IRP_Roadef_Challenge_Operation_>
				<IRP_Roadef_Challenge_Operation_>
					<point>42</point>
					<arrival>3901</arrival>
					<Quantity>4399.1503389358477</Quantity>
				</IRP_Roadef_Challenge_Operation_>
				<IRP_Roadef_Challenge_Operation_>
					<point>1</point>
					<arrival>4203</arrival>
					<Quantity>-5236.707176582333</Quantity>
				</IRP_Roadef_Challenge_Operation_>
				<IRP_Roadef_Challenge_Operation_>
					<point>23</point>
					<arrival>4289</arrival>
					<Quantity>543.47489826201615</Quantity>
				</IRP_Roadef_Challenge_Operation_>
			</operations>
		</IRP_Roadef_Challenge_Shift_>
		<IRP_Roadef_Challenge_Shift_>
			<index>3</index>
			<driver>2</driver>
			<trailer>0</trailer>
			<start>1738</start>
			<operations>
				<IRP_Roadef_Challenge_Operation_>
					<point>1</point>
					<arrival>1785</arrival>
					<Quantity>-19044.196682167065</Quantity>
				</IRP_Roadef_Challenge_Operation_>
				<IRP_Roadef_Challenge_Operation_>
					<point>68</point>
					<arrival>2096</arrival>
					<Quantity>6669.3999999999542</Quantity>
				</IRP_Roadef_Challenge_Operation_>
				<IRP_Roadef_Challenge_Operation_>
					<point>60</point>
					<arrival>2580</arrival>
					<Quantity>3055.1322048187299</Quantity>
				</IRP_Roadef_Challenge_Operation_>
				<IRP_Roadef_Challenge_Operation_>
					<point>64</point>
					<arrival>4020</arrival>
					<Quantity>1562.0620025444052</Quantity>
				</IRP_Roadef_Challenge_Operation_>
				<IRP_Roadef_Challenge_Operation_>
					<point>3</point>
					<arrival>4680</arrival>
					<Quantity>4400</Quantity>
				</IRP_Roadef_Challenge_Operation_>
				<IRP_Roadef_Challenge_Operation_>
					<point>45</point>
					<arrival>4734</arrival>
					<Quantity>2482.8499999999685</Quantity>
				</IRP_Roadef_Challenge_Operation_>
				<IRP_Roadef_Challenge_Operation_>
					<point>70</point>
					<arrival>4885</arrival>
					<Quantity>735.72533380126936</Quantity>
				</IRP_Roadef_Challenge_Operation_>
				<IRP_Roadef_Challenge_Operation_>
					<point>1</point>
					<arrival>4995</arrival>
					<Quantity>-18905.16954116433</Quantity>
				</IRP_Roadef_Challenge_Operation_>
			</operations>
		</IRP_Roadef_Challenge_Shift_>
		<IRP_Roadef_Challenge_Shift_>
			<index>4</index>
			<driver>1</driver>
			<trailer>1</trailer>
			<start>4024</start>
			<operations>
				<IRP_Roadef_Challenge_Operation_>
					<point>76</point>
					<arrival>4155</arrival>
					<Quantity>3121.465193176271</Quantity>
				</IRP_Roadef_Challenge_Operation_>
				<IRP_Roadef_Challenge_Operation_>
					<point>92</point>
					<arrival>4404</arrival>
					<Quantity>731.650000000001</Quantity>
				</IRP_Roadef_Challenge_Operation_>
				<IRP_Roadef_Challenge_Operation_>
					<point>117</point>
					<arrival>4452</arrival>
					<Quantity>6406.0629135131776</Quantity>
				</IRP_Roadef_Challenge_Operation_>
			</operations>
		</IRP_Roadef_Challenge_Shift_>
		<IRP_Roadef_Challenge_Shift_>
			<index>5</index>
			<driver>0</driver>
			<trailer>1</trailer>
			<start>5184</start>
			<operations>
				<IRP_Roadef_Challenge_Operation_>
					<point>1</point>
					<arrival>5231</arrival>
					<Quantity>-12620</Quantity>
				</IRP_Roadef_Challenge_Operation_>
				<IRP_Roadef_Challenge_Operation_>
					<point>121</point>
					<arrival>5442</arrival>
					<Quantity>454.70376422119182</Quantity>
				</IRP_Roadef_Challenge_Operation_>
				<IRP_Roadef_Challenge_Operation_>
					<point>80</point>
					<arrival>5571</arrival>
					<Quantity>3323.1935698297666</Quantity>
				</IRP_Roadef_Challenge_Operation_>
				<IRP_Roadef_Challenge_Operation_>
					<point>20</point>
					<arrival>5649</arrival>
					<Quantity>2561.9915050508316</Quantity>
				</IRP_Roadef_Challenge_Operation_>
				<IRP_Roadef_Challenge_Operation_>
					<point>75</point>
					<arrival>5728</arrival>
					<Quantity>6280.1111608982092</Quantity>
				</IRP_Roadef_Challenge_Operation_>
			</operations>
		</IRP_Roadef_Challenge_Shift_>
		<IRP_Roadef_Challenge_Shift_>
			<index>6</index>
			<driver>3</driver>
			<trailer>2</trailer>
			<start>5508</start>
			<operations>
				<IRP_Roadef_Challenge_Operation_>
					<point>52</point>
					<arrival>5657</arrival>
					<Quantity>885.88293122863774</Quantity>
				</IRP_Roadef_Challenge_Operation_>
				<IRP_Roadef_Challenge_Operation_>
					<point>69</point>
					<arrival>5705</arrival>
					<Quantity>2003.4584791297871</Quantity>
				</IRP_Roadef_Challenge_Operation_>
				<IRP_Roadef_Challenge_Operation_>
					<point>119</point>
					<arrival>5762</arrival>
					<Quantity>929.92271052934302</Quantity>
				</IRP_Roadef_Challenge_Operation_>
				<IRP_Roadef_Challenge_Operation_>
					<point>18</point>
					<arrival>5841</arrival>
					<Quantity>597.83717687988303</Quantity>
				</IRP_Roadef_Challenge_Operation_>
				<IRP_Roadef_Challenge_Operation_>
					<point>94</point>
					<arrival>6102</arrival>
					<Quantity>419.4238039703323</Quantity>
				</IRP_Roadef_Challenge_Operation_>
				<IRP_Roadef_Challenge_Operation_>
					<point>1</point>
					<arrival>6259</arrival>
					<Quantity>-5380</Quantity>
				</IRP_Roadef_Challenge_Operation_>
				<IRP_Roadef_Challenge_Operation_>
					<point>1</point>
					<arrival>7039</arrival>
					<Quantity>0</Quantity>
				</IRP_Roadef_Challenge_Operation_>
				<IRP_Roadef_Challenge_Operation_>
					<point>38</point>
					<arrival>7371</arrival>
					<Quantity>807.29999999999825</Quantity>
				</IRP_Roadef_Challenge_Operation_>
				<IRP_Roadef_Challenge_Operation_>
					<point>17</point>
					<arrival>7634</arrival>
					<Quantity>4220.5423851470823</Quantity>
				</IRP_Roadef_Challenge_Operation_>
				<IRP_Roadef_Challenge_Operation_>
					<point>1</point>
					<arrival>7756</arrival>
					<Quantity>-5027.8423851470816</Quantity>
				</IRP_Roadef_Challenge_Operation_>
			</operations>
		</IRP_Roadef_Challenge_Shift_>
		<IRP_Roadef_Challenge_Shift_>
			<index>7</index>
			<driver>2</driver>
			<trailer>0</trailer>
			<start>5806</start>
			<operations>
				<IRP_Roadef_Challenge_Operation_>
					<point>37</point>
					<arrival>5879</arrival>
					<Quantity>8000</Quantity>
				</IRP_Roadef_Challenge_Operation_>
			</operations>
		</IRP_Roadef_Challenge_Shift_>
		<IRP_Roadef_Challenge_Shift_>
			<index>8</index>
			<driver>0</driver>
			<trailer>1</trailer>
			<start>6713</start>
			<operations>
				<IRP_Roadef_Challenge_Operation_>
					<point>1</point>
					<arrival>6760</arrival>
					<Quantity>-12620</Quantity>
				</IRP_Roadef_Challenge_Operation_>
				<IRP_Roadef_Challenge_Operation_>
					<point>51</point>
					<arrival>6913</arrival>
					<Quantity>974.59792109680188</Quantity>
				</IRP_Roadef_Challenge_Operation_>
				<IRP_Roadef_Challenge_Operation_>
					<point>127</point>
					<arrival>7383</arrival>
					<Quantity>2897.0000000000009</Quantity>
				</IRP_Roadef_Challenge_Operation_>
				<IRP_Roadef_Challenge_Operation_>
					<point>31</point>
					<arrival>8151</arrival>
					<Quantity>1477.5634559631326</Quantity>
				</IRP_Roadef_Challenge_Operation_>
				<IRP_Roadef_Challenge_Operation_>
					<point>8</point>
					<arrival>8399</arrival>
					<Quantity>888.01736242675793</Quantity>
				</IRP_Roadef_Challenge_Operation_>
				<IRP_Roadef_Challenge_Operation_>
					<point>2</point>
					<arrival>8522</arrival>
					<Quantity>4010.0000000000009</Quantity>
				</IRP_Roadef_Challenge_Operation_>
				<IRP_Roadef_Challenge_Operation_>
					<point>97</point>
					<arrival>8661</arrival>
					<Quantity>2260.7326774597277</Quantity>
				</IRP_Roadef_Challenge_Operation_>
				<IRP_Roadef_Challenge_Operation_>
					<point>1</point>
					<arrival>8827</arrival>
					<Quantity>-12507.911416946421</Quantity>
				</IRP_Roadef_Challenge_Operation_>
			</operations>
		</IRP_Roadef_Challenge_Shift_>
		<IRP_Roadef_Challenge_Shift_>
			<index>9</index>
			<driver>1</driver>
			<trailer>0</trailer>
			<start>6904</start>
			<operations>
				<IRP_Roadef_Challenge_Operation_>
					<point>1</point>
					<arrival>6951</arrival>
					<Quantity>-8000</Quantity>
				</IRP_Roadef_Challenge_Operation_>
				<IRP_Roadef_Challenge_Operation_>
					<point>48</point>
					<arrival>7132</arrival>
					<Quantity>14386.059002723689</Quantity>
				</IRP_Roadef_Challenge_Operation_>
				<IRP_Roadef_Challenge_Operation_>
					<point>103</point>
					<arrival>7185</arrival>
					<Quantity>1375.6119035339448</Quantity>
				</IRP_Roadef_Challenge_Operation_>
				<IRP_Roadef_Challenge_Operation_>
					<point>4</point>
					<arrival>7291</arrival>
					<Quantity>4238.3290937423717</Quantity>
				</IRP_Roadef_Challenge_Operation_>
			</operations>
		</IRP_Roadef_Challenge_Shift_>
		<IRP_Roadef_Challenge_Shift_>
			<index>10</index>
			<driver>2</driver>
			<trailer>0</trailer>
			<start>7499</start>
			<operations>
				<IRP_Roadef_Challenge_Operation_>
					<point>1</point>
					<arrival>7546</arrival>
					<Quantity>-20000</Quantity>
				</IRP_Roadef_Challenge_Operation_>
				<IRP_Roadef_Challenge_Operation_>
					<point>74</point>
					<arrival>7712</arrival>
					<Quantity>11616.078838745087</Quantity>
				</IRP_Roadef_Challenge_Operation_>
				<IRP_Roadef_Challenge_Operation_>
					<point>98</point>
					<arrival>7920</arrival>
					<Quantity>803.97906767273116</Quantity>
				</IRP_Roadef_Challenge_Operation_>
				<IRP_Roadef_Challenge_Operation_>
					<point>105</point>
					<arrival>8694</arrival>
					<Quantity>253.65141448974663</Quantity>
				</IRP_Roadef_Challenge_Operation_>
				<IRP_Roadef_Challenge_Operation_>
					<point>24</point>
					<arrival>8808</arrival>
					<Quantity>1585.761151885994</Quantity>
				</IRP_Roadef_Challenge_Operation_>
				<IRP_Roadef_Challenge_Operation_>
					<point>73</point>
					<arrival>8858</arrival>
					<Quantity>4840.7095272064244</Quantity>
				</IRP_Roadef_Challenge_Operation_>
				<IRP_Roadef_Challenge_Operation_>
					<point>86</point>
					<arrival>9106</arrival>
					<Quantity>899.82000000000903</Quantity>
				</IRP_Roadef_Challenge_Operation_>
				<IRP_Roadef_Challenge_Operation_>
					<point>1</point>
					<arrival>9426</arrival>
					<Quantity>-20000</Quantity>
				</IRP_Roadef_Challenge_Operation_>
			</operations>
		</IRP_Roadef_Challenge_Shift_>
		<IRP_Roadef_Challenge_Shift_>
			<index>11</index>
			<driver>3</driver>
			<trailer>2</trailer>
			<start>8575</start>
			<operations>
				<IRP_Roadef_Challenge_Operation_>
					<point>49</point>
					<arrival>8631</arrival>
					<Quantity>774.38105853271509</Quantity>
				</IRP_Roadef_Challenge_Operation_>
				<IRP_Roadef_Challenge_Operation_>
					<point>85</point>
					<arrival>8688</arrival>
					<Quantity>466.99057636261159</Quantity>
				</IRP_Roadef_Challenge_Operation_>
				<IRP_Roadef_Challenge_Operation_>
					<point>11</point>
					<arrival>8918</arrival>
					<Quantity>4138.6283651046724</Quantity>
				</IRP_Roadef_Challenge_Operation_>
				<IRP_Roadef_Challenge_Operation_>
					<point>1</point>
					<arrival>9208</arrival>
					<Quantity>-5380</Quantity>
				</IRP_Roadef_Challenge_Operation_>
			</operations>
		</IRP_Roadef_Challenge_Shift_>
		<IRP_Roadef_Challenge_Shift_>
			<index>12</index>
			<driver>1</driver>
			<trailer>1</trailer>
			<start>11439</start>
			<operations>
				<IRP_Roadef_Challenge_Operation_>
					<point>71</point>
					<arrival>11507</arrival>
					<Quantity>2352.5999999999999</Quantity>
				</IRP_Roadef_Challenge_Operation_>
				<IRP_Roadef_Challenge_Operation_>
					<point>99</point>
					<arrival>11611</arrival>
					<Quantity>2286.2147861480735</Quantity>
				</IRP_Roadef_Challenge_Operation_>
				<IRP_Roadef_Challenge_Operation_>
					<point>5</point>
					<arrival>11719</arrival>
					<Quantity>4629.3869512557985</Quantity>
				</IRP_Roadef_Challenge_Operation_>
			</operations>
		</IRP_Roadef_Challenge_Shift_>
		<IRP_Roadef_Challenge_Shift_>
			<index>13</index>
			<driver>2</driver>
			<trailer>0</trailer>
			<start>11520</start>
			<operations>
				<IRP_Roadef_Challenge_Operation_>
					<point>64</point>
					<arrival>11680</arrival>
					<Quantity>256.46000000000095</Quantity>
				</IRP_Roadef_Challenge_Operation_>
				<IRP_Roadef_Challenge_Operation_>
					<point>45</point>
					<arrival>11848</arrival>
					<Quantity>487.64000000013402</Quantity>
				</IRP_Roadef_Challenge_Operation_>
				<IRP_Roadef_Challenge_Operation_>
					<point>123</point>
					<arrival>12119</arrival>
					<Quantity>10362.19999999987</Quantity>
				</IRP_Roadef_Challenge_Operation_>
				<IRP_Roadef_Challenge_Operation_>
					<point>106</point>
					<arrival>13258</arrival>
					<Quantity>8893.7000000000007</Quantity>
				</IRP_Roadef_Challenge_Operation_>
				<IRP_Roadef_Challenge_Operation_>
					<point>1</point>
					<arrival>13398</arrival>
					<Quantity>-20000</Quantity>
				</IRP_Roadef_Challenge_Operation_>
				<IRP_Roadef_Challenge_Operation_>
					<point>43</point>
					<arrival>13535</arrival>
					<Quantity>432</Quantity>
				</IRP_Roadef_Challenge_Operation_>
				<IRP_Roadef_Challenge_Operation_>
					<point>1</point>
					<arrival>13668</arrival>
					<Quantity>-432</Quantity>
				</IRP_Roadef_Challenge_Operation_>
			</operations>
		</IRP_Roadef_Challenge_Shift_>
		<IRP_Roadef_Challenge_Shift_>
			<index>14</index>
			<driver>3</driver>
			<trailer>2</trailer>
			<start>11725</start>
			<operations>
				<IRP_Roadef_Challenge_Operation_>
					<point>54</point>
					<arrival>11830</arrival>
					<Quantity>394.69218583290967</Quantity>
				</IRP_Roadef_Challenge_Operation_>
				<IRP_Roadef_Challenge_Operation_>
					<point>95</point>
					<arrival>11885</arrival>
					<Quantity>773.31300923156596</Quantity>
				</IRP_Roadef_Challenge_Operation_>
				<IRP_Roadef_Challenge_Operation_>
					<point>65</point>
					<arrival>12037</arrival>
					<Quantity>3221.2078942299631</Quantity>
				</IRP_Roadef_Challenge_Operation_>
				<IRP_Roadef_Challenge_Operation_>
					<point>135</point>
					<arrival>12190</arrival>
					<Quantity>990.78691070556818</Quantity>
				</IRP_Roadef_Challenge_Operation_>
			</operations>
		</IRP_Roadef_Challenge_Shift_>
		<IRP_Roadef_Challenge_Shift_>
			<index>15</index>
			<driver>0</driver>
			<trailer>1</trailer>
			<start>12311</start>
			<operations>
				<IRP_Roadef_Challenge_Operation_>
					<point>1</point>
					<arrival>12358</arrival>
					<Quantity>-9268.2017374038714</Quantity>
				</IRP_Roadef_Challenge_Operation_>
				<IRP_Roadef_Challenge_Operation_>
					<point>114</point>
					<arrival>12660</arrival>
					<Quantity>10579.01463890079</Quantity>
				</IRP_Roadef_Challenge_Operation_>
				<IRP_Roadef_Challenge_Operation_>
					<point>16</point>
					<arrival>12749</arrival>
					<Quantity>1624.6053610992094</Quantity>
				</IRP_Roadef_Challenge_Operation_>
				<IRP_Roadef_Challenge_Operation_>
					<point>92</point>
					<arrival>12921</arrival>
					<Quantity>416.3800000000017</Quantity>
				</IRP_Roadef_Challenge_Operation_>
			</operations>
		</IRP_Roadef_Challenge_Shift_>
		<IRP_Roadef_Challenge_Shift_>
			<index>16</index>
			<driver>1</driver>
			<trailer>2</trailer>
			<start>12660</start>
			<operations>
				<IRP_Roadef_Challenge_Operation_>
					<point>1</point>
					<arrival>12707</arrival>
					<Quantity>-5380</Quantity>
				</IRP_Roadef_Challenge_Operation_>
				<IRP_Roadef_Challenge_Operation_>
					<point>110</point>
					<arrival>12919</arrival>
					<Quantity>936.93925621032702</Quantity>
				</IRP_Roadef_Challenge_Operation_>
				<IRP_Roadef_Challenge_Operation_>
					<point>28</point>
					<arrival>12972</arrival>
					<Quantity>963.94506239319026</Quantity>
				</IRP_Roadef_Challenge_Operation_>
				<IRP_Roadef_Challenge_Operation_>
					<point>30</point>
					<arrival>13086</arrival>
					<Quantity>813.93948536682137</Quantity>
				</IRP_Roadef_Challenge_Operation_>
			</operations>
		</IRP_Roadef_Challenge_Shift_>
		<IRP_Roadef_Challenge_Shift_>
			<index>17</index>
			<driver>3</driver>
			<trailer>2</trailer>
			<start>13190</start>
			<operations>
				<IRP_Roadef_Challenge_Operation_>
					<point>94</point>
					<arrival>13340</arrival>
					<Quantity>720.27619602966661</Quantity>
				</IRP_Roadef_Challenge_Operation_>
				<IRP_Roadef_Challenge_Operation_>
					<point>44</point>
					<arrival>13517</arrival>
					<Quantity>1944.899999999999</Quantity>
				</IRP_Roadef_Challenge_Operation_>
				<IRP_Roadef_Challenge_Operation_>
					<point>1</point>
					<arrival>13681</arrival>
					<Quantity>-5380</Quantity>
				</IRP_Roadef_Challenge_Operation_>
				<IRP_Roadef_Challenge_Operation_>
					<point>26</point>
					<arrival>14100</arrival>
					<Quantity>5380</Quantity>
				</IRP_Roadef_Challenge_Operation_>
				<IRP_Roadef_Challenge_Operation_>
					<point>1</point>
					<arrival>14214</arrival>
					<Quantity>-5380</Quantity>
				</IRP_Roadef_Challenge_Operation_>
				<IRP_Roadef_Challenge_Operation_>
					<point>132</point>
					<arrival>15308</arrival>
					<Quantity>1919.8887525230393</Quantity>
				</IRP_Roadef_Challenge_Operation_>
				<IRP_Roadef_Challenge_Operation_>
					<point>66</point>
					<arrival>15840</arrival>
					<Quantity>2151.9300000000003</Quantity>
				</IRP_Roadef_Challenge_Operation_>
			</operations>
		</IRP_Roadef_Challenge_Shift_>
		<IRP_Roadef_Challenge_Shift_>
			<index>18</index>
			<driver>0</driver>
			<trailer>1</trailer>
			<start>13864</start>
			<operations>
				<IRP_Roadef_Challenge_Operation_>
					<point>1</point>
					<arrival>13911</arrival>
					<Quantity>-12620</Quantity>
				</IRP_Roadef_Challenge_Operation_>
				<IRP_Roadef_Challenge_Operation_>
					<point>25</point>
					<arrival>14062</arrival>
					<Quantity>4341.0347537994367</Quantity>
				</IRP_Roadef_Challenge_Operation_>
				<IRP_Roadef_Challenge_Operation_>
					<point>34</point>
					<arrival>14111</arrival>
					<Quantity>628.30694866943259</Quantity>
				</IRP_Roadef_Challenge_Operation_>
				<IRP_Roadef_Challenge_Operation_>
					<point>96</point>
					<arrival>14183</arrival>
					<Quantity>7482.9944900512755</Quantity>
				</IRP_Roadef_Challenge_Operation_>
				<IRP_Roadef_Challenge_Operation_>
					<point>1</point>
					<arrival>14341</arrival>
					<Quantity>-12452.336192520143</Quantity>
				</IRP_Roadef_Challenge_Operation_>
				<IRP_Roadef_Challenge_Operation_>
					<point>113</point>
					<arrival>14469</arrival>
					<Quantity>669.05999999999813</Quantity>
				</IRP_Roadef_Challenge_Operation_>
				<IRP_Roadef_Challenge_Operation_>
					<point>45</point>
					<arrival>14576</arrival>
					<Quantity>2749.6599999998625</Quantity>
				</IRP_Roadef_Challenge_Operation_>
				<IRP_Roadef_Challenge_Operation_>
					<point>79</point>
					<arrival>14634</arrival>
					<Quantity>4508.0191610032416</Quantity>
				</IRP_Roadef_Challenge_Operation_>
				<IRP_Roadef_Challenge_Operation_>
					<point>108</point>
					<arrival>15550</arrival>
					<Quantity>3983.3959920883208</Quantity>
				</IRP_Roadef_Challenge_Operation_>
				<IRP_Roadef_Challenge_Operation_>
					<point>12</point>
					<arrival>15641</arrival>
					<Quantity>709.86484690856628</Quantity>
				</IRP_Roadef_Challenge_Operation_>
				<IRP_Roadef_Challenge_Operation_>
					<point>1</point>
					<arrival>15954</arrival>
					<Quantity>-12620</Quantity>
				</IRP_Roadef_Challenge_Operation_>
			</operations>
		</IRP_Roadef_Challenge_Shift_>
		<IRP_Roadef_Challenge_Shift_>
			<index>19</index>
			<driver>1</driver>
			<trailer>0</trailer>
			<start>14100</start>
			<operations>
				<IRP_Roadef_Challenge_Operation_>
					<point>119</point>
					<arrival>14239</arrival>
					<Quantity>2376.0978413811245</Quantity>
				</IRP_Roadef_Challenge_Operation_>
				<IRP_Roadef_Challenge_Operation_>
					<point>7</point>
					<arrival>14298</arrival>
					<Quantity>10891.380351532054</Quantity>
				</IRP_Roadef_Challenge_Operation_>
			</operations>
		</IRP_Roadef_Challenge_Shift_>
		<IRP_Roadef_Challenge_Shift_>
			<index>20</index>
			<driver>2</driver>
			<trailer>0</trailer>
			<start>14479</start>
			<operations>
				<IRP_Roadef_Challenge_Operation_>
					<point>40</point>
					<arrival>14593</arrival>
					<Quantity>1293.3999999999951</Quantity>
				</IRP_Roadef_Challenge_Operation_>
				<IRP_Roadef_Challenge_Operation_>
					<point>2</point>
					<arrival>14753</arrival>
					<Quantity>680.00000000000273</Quantity>
				</IRP_Roadef_Challenge_Operation_>
				<IRP_Roadef_Challenge_Operation_>
					<point>31</point>
					<arrival>15065</arrival>
					<Quantity>318.80000000000291</Quantity>
				</IRP_Roadef_Challenge_Operation_>
				<IRP_Roadef_Challenge_Operation_>
					<point>127</point>
					<arrival>15834</arrival>
					<Quantity>1275.8659915808421</Quantity>
				</IRP_Roadef_Challenge_Operation_>
				<IRP_Roadef_Challenge_Operation_>
					<point>56</point>
					<arrival>16035</arrival>
					<Quantity>3164.4558155059808</Quantity>
				</IRP_Roadef_Challenge_Operation_>
				<IRP_Roadef_Challenge_Operation_>
					<point>1</point>
					<arrival>16323</arrival>
					<Quantity>-20000</Quantity>
				</IRP_Roadef_Challenge_Operation_>
			</operations>
		</IRP_Roadef_Challenge_Shift_>
		<IRP_Roadef_Challenge_Shift_>
			<index>21</index>
			<driver>0</driver>
			<trailer>1</trailer>
			<start>16766</start>
			<operations>
				<IRP_Roadef_Challenge_Operation_>
					<point>123</point>
					<arrival>17836</arrival>
					<Quantity>1</Quantity>
				</IRP_Roadef_Challenge_Operation_>
				<IRP_Roadef_Challenge_Operation_>
					<point>19</point>
					<arrival>17907</arrival>
					<Quantity>12618.999999999993</Quantity>
				</IRP_Roadef_Challenge_Operation_>
				<IRP_Roadef_Challenge_Operation_>
					<point>1</point>
					<arrival>18274</arrival>
					<Quantity>-12620</Quantity>
				</IRP_Roadef_Challenge_Operation_>
				<IRP_Roadef_Challenge_Operation_>
					<point>10</point>
					<arrival>18420</arrival>
					<Quantity>10235.888686180126</Quantity>
				</IRP_Roadef_Challenge_Operation_>
				<IRP_Roadef_Challenge_Operation_>
					<point>85</point>
					<arrival>18478</arrival>
					<Quantity>2216.2089595985562</Quantity>
				</IRP_Roadef_Challenge_Operation_>
			</operations>
		</IRP_Roadef_Challenge_Shift_>
		<IRP_Roadef_Challenge_Shift_>
			<index>22</index>
			<driver>3</driver>
			<trailer>2</trailer>
			<start>17219</start>
			<operations>
				<IRP_Roadef_Challenge_Operation_>
					<point>1</point>
					<arrival>17266</arrival>
					<Quantity>-4071.8187525230433</Quantity>
				</IRP_Roadef_Challenge_Operation_>
				<IRP_Roadef_Challenge_Operation_>
					<point>6</point>
					<arrival>17518</arrival>
					<Quantity>674.14758862304802</Quantity>
				</IRP_Roadef_Challenge_Operation_>
				<IRP_Roadef_Challenge_Operation_>
					<point>13</point>
					<arrival>17663</arrival>
					<Quantity>2040.2524113769559</Quantity>
				</IRP_Roadef_Challenge_Operation_>
				<IRP_Roadef_Challenge_Operation_>
					<point>117</point>
					<arrival>17737</arrival>
					<Quantity>2665.5999999999995</Quantity>
				</IRP_Roadef_Challenge_Operation_>
			</operations>
		</IRP_Roadef_Challenge_Shift_>
		<IRP_Roadef_Challenge_Shift_>
			<index>23</index>
			<driver>2</driver>
			<trailer>0</trailer>
			<start>17348</start>
			<operations>
				<IRP_Roadef_Challenge_Operation_>
					<point>106</point>
					<arrival>17396</arrival>
					<Quantity>2181.2999999999993</Quantity>
				</IRP_Roadef_Challenge_Operation_>
				<IRP_Roadef_Challenge_Operation_>
					<point>107</point>
					<arrival>17580</arrival>
					<Quantity>3915.65915679932</Quantity>
				</IRP_Roadef_Challenge_Operation_>
				<IRP_Roadef_Challenge_Operation_>
					<point>112</point>
					<arrival>17785</arrival>
					<Quantity>6681.0849357604238</Quantity>
				</IRP_Roadef_Challenge_Operation_>
				<IRP_Roadef_Challenge_Operation_>
					<point>80</point>
					<arrival>17879</arrival>
					<Quantity>7221.9559074402823</Quantity>
				</IRP_Roadef_Challenge_Operation_>
			</operations>
		</IRP_Roadef_Challenge_Shift_>
		<IRP_Roadef_Challenge_Shift_>
			<index>24</index>
			<driver>1</driver>
			<trailer>0</trailer>
			<start>18464</start>
			<operations>
				<IRP_Roadef_Challenge_Operation_>
					<point>1</point>
					<arrival>18511</arrival>
					<Quantity>-20000</Quantity>
				</IRP_Roadef_Challenge_Operation_>
				<IRP_Roadef_Challenge_Operation_>
					<point>64</point>
					<arrival>18698</arrival>
					<Quantity>2473.6400000000003</Quantity>
				</IRP_Roadef_Challenge_Operation_>
				<IRP_Roadef_Challenge_Operation_>
					<point>102</point>
					<arrival>18812</arrival>
					<Quantity>7095.2523498535002</Quantity>
				</IRP_Roadef_Challenge_Operation_>
			</operations>
		</IRP_Roadef_Challenge_Shift_>
		<IRP_Roadef_Challenge_Shift_>
			<index>25</index>
			<driver>3</driver>
			<trailer>2</trailer>
			<start>18625</start>
			<operations>
				<IRP_Roadef_Challenge_Operation_>
					<point>1</point>
					<arrival>18672</arrival>
					<Quantity>-5380</Quantity>
				</IRP_Roadef_Challenge_Operation_>
				<IRP_Roadef_Challenge_Operation_>
					<point>124</point>
					<arrival>18800</arrival>
					<Quantity>1501.0000000000014</Quantity>
				</IRP_Roadef_Challenge_Operation_>
				<IRP_Roadef_Challenge_Operation_>
					<point>15</point>
					<arrival>18959</arrival>
					<Quantity>908.65757019043031</Quantity>
				</IRP_Roadef_Challenge_Operation_>
				<IRP_Roadef_Challenge_Operation_>
					<point>116</point>
					<arrival>19046</arrival>
					<Quantity>771.95097073364104</Quantity>
				</IRP_Roadef_Challenge_Operation_>
				<IRP_Roadef_Challenge_Operation_>
					<point>97</point>
					<arrival>19135</arrival>
					<Quantity>1303.2999999999988</Quantity>
				</IRP_Roadef_Challenge_Operation_>
				<IRP_Roadef_Challenge_Operation_>
					<point>93</point>
					<arrival>19245</arrival>
					<Quantity>870.02167642212146</Quantity>
				</IRP_Roadef_Challenge_Operation_>
			</operations>
		</IRP_Roadef_Challenge_Shift_>
		<IRP_Roadef_Challenge_Shift_>
			<index>26</index>
			<driver>2</driver>
			<trailer>0</trailer>
			<start>18996</start>
			<operations>
				<IRP_Roadef_Challenge_Operation_>
					<point>42</point>
					<arrival>19286</arrival>
					<Quantity>2481.7999999999975</Quantity>
				</IRP_Roadef_Challenge_Operation_>
				<IRP_Roadef_Challenge_Operation_>
					<point>101</point>
					<arrival>19355</arrival>
					<Quantity>5313.3283824901373</Quantity>
				</IRP_Roadef_Challenge_Operation_>
				<IRP_Roadef_Challenge_Operation_>
					<point>105</point>
					<arrival>19409</arrival>
					<Quantity>696.79849250985717</Quantity>
				</IRP_Roadef_Challenge_Operation_>
				<IRP_Roadef_Challenge_Operation_>
					<point>36</point>
					<arrival>19454</arrival>
					<Quantity>1939.1807751464919</Quantity>
				</IRP_Roadef_Challenge_Operation_>
				<IRP_Roadef_Challenge_Operation_>
					<point>1</point>
					<arrival>19739</arrival>
					<Quantity>-20000</Quantity>
				</IRP_Roadef_Challenge_Operation_>
			</operations>
		</IRP_Roadef_Challenge_Shift_>
		<IRP_Roadef_Challenge_Shift_>
			<index>27</index>
			<driver>2</driver>
			<trailer>0</trailer>
			<start>21600</start>
			<operations>
				<IRP_Roadef_Challenge_Operation_>
					<point>60</point>
					<arrival>21970</arrival>
					<Quantity>3380.7000000000057</Quantity>
				</IRP_Roadef_Challenge_Operation_>
				<IRP_Roadef_Challenge_Operation_>
					<point>128</point>
					<arrival>22091</arrival>
					<Quantity>5367.4333095550537</Quantity>
				</IRP_Roadef_Challenge_Operation_>
				<IRP_Roadef_Challenge_Operation_>
					<point>82</point>
					<arrival>23143</arrival>
					<Quantity>2254.3000000000006</Quantity>
				</IRP_Roadef_Challenge_Operation_>
				<IRP_Roadef_Challenge_Operation_>
					<point>2</point>
					<arrival>23401</arrival>
					<Quantity>5073.5666904449608</Quantity>
				</IRP_Roadef_Challenge_Operation_>
				<IRP_Roadef_Challenge_Operation_>
					<point>45</point>
					<arrival>23474</arrival>
					<Quantity>3923.9999999999909</Quantity>
				</IRP_Roadef_Challenge_Operation_>
				<IRP_Roadef_Challenge_Operation_>
					<point>1</point>
					<arrival>23641</arrival>
					<Quantity>-20000</Quantity>
				</IRP_Roadef_Challenge_Operation_>
			</operations>
		</IRP_Roadef_Challenge_Shift_>
		<IRP_Roadef_Challenge_Shift_>
			<index>28</index>
			<driver>1</driver>
			<trailer>1</trailer>
			<start>21761</start>
			<operations>
				<IRP_Roadef_Challenge_Operation_>
					<point>1</point>
					<arrival>21808</arrival>
					<Quantity>-12452.097645778682</Quantity>
				</IRP_Roadef_Challenge_Operation_>
			</operations>
		</IRP_Roadef_Challenge_Shift_>
		<IRP_Roadef_Challenge_Shift_>
			<index>29</index>
			<driver>0</driver>
			<trailer>1</trailer>
			<start>22114</start>
			<operations>
				<IRP_Roadef_Challenge_Operation_>
					<point>91</point>
					<arrival>22313</arrival>
					<Quantity>901.799999999997</Quantity>
				</IRP_Roadef_Challenge_Operation_>
				<IRP_Roadef_Challenge_Operation_>
					<point>119</point>
					<arrival>22602</arrival>
					<Quantity>4421.9794480895398</Quantity>
				</IRP_Roadef_Challenge_Operation_>
				<IRP_Roadef_Challenge_Operation_>
					<point>59</point>
					<arrival>22659</arrival>
					<Quantity>4904.9020256043295</Quantity>
				</IRP_Roadef_Challenge_Operation_>
				<IRP_Roadef_Challenge_Operation_>
					<point>27</point>
					<arrival>22732</arrival>
					<Quantity>1788.6185263061411</Quantity>
				</IRP_Roadef_Challenge_Operation_>
			</operations>
		</IRP_Roadef_Challenge_Shift_>
		<IRP_Roadef_Challenge_Shift_>
			<index>30</index>
			<driver>1</driver>
			<trailer>1</trailer>
			<start>22894</start>
			<operations>
				<IRP_Roadef_Challenge_Operation_>
					<point>23</point>
					<arrival>22917</arrival>
					<Quantity>602.6999999999997</Quantity>
				</IRP_Roadef_Challenge_Operation_>
				<IRP_Roadef_Challenge_Operation_>
					<point>1</point>
					<arrival>22988</arrival>
					<Quantity>-12620</Quantity>
				</IRP_Roadef_Challenge_Operation_>
			</operations>
		</IRP_Roadef_Challenge_Shift_>
		<IRP_Roadef_Challenge_Shift_>
			<index>31</index>
			<driver>3</driver>
			<trailer>2</trailer>
			<start>22992</start>
			<operations>
				<IRP_Roadef_Challenge_Operation_>
					<point>1</point>
					<arrival>23039</arrival>
					<Quantity>-5354.9302173461956</Quantity>
				</IRP_Roadef_Challenge_Operation_>
				<IRP_Roadef_Challenge_Operation_>
					<point>39</point>
					<arrival>23183</arrival>
					<Quantity>2755.3119999999999</Quantity>
				</IRP_Roadef_Challenge_Operation_>
				<IRP_Roadef_Challenge_Operation_>
					<point>18</point>
					<arrival>23294</arrival>
					<Quantity>963.16800000000001</Quantity>
				</IRP_Roadef_Challenge_Operation_>
				<IRP_Roadef_Challenge_Operation_>
					<point>92</point>
					<arrival>23354</arrival>
					<Quantity>940.31999999999994</Quantity>
				</IRP_Roadef_Challenge_Operation_>
				<IRP_Roadef_Challenge_Operation_>
					<point>71</point>
					<arrival>23473</arrival>
					<Quantity>721.20000000000073</Quantity>
				</IRP_Roadef_Challenge_Operation_>
			</operations>
		</IRP_Roadef_Challenge_Shift_>
		<IRP_Roadef_Challenge_Shift_>
			<index>32</index>
			<driver>0</driver>
			<trailer>1</trailer>
			<start>23917</start>
			<operations>
				<IRP_Roadef_Challenge_Operation_>
					<point>16</point>
					<arrival>24105</arrival>
					<Quantity>3207.6793110657245</Quantity>
				</IRP_Roadef_Challenge_Operation_>
				<IRP_Roadef_Challenge_Operation_>
					<point>20</point>
					<arrival>24180</arrival>
					<Quantity>2521.4458477018843</Quantity>
				</IRP_Roadef_Challenge_Operation_>
				<IRP_Roadef_Challenge_Operation_>
					<point>11</point>
					<arrival>24241</arrival>
					<Quantity>6890.8748412324176</Quantity>
				</IRP_Roadef_Challenge_Operation_>
			</operations>
		</IRP_Roadef_Challenge_Shift_>
		<IRP_Roadef_Challenge_Shift_>
			<index>33</index>
			<driver>1</driver>
			<trailer>0</trailer>
			<start>24283</start>
			<operations>
				<IRP_Roadef_Challenge_Operation_>
					<point>63</point>
					<arrival>24427</arrival>
					<Quantity>4210.1320058822685</Quantity>
				</IRP_Roadef_Challenge_Operation_>
				<IRP_Roadef_Challenge_Operation_>
					<point>41</point>
					<arrival>24559</arrival>
					<Quantity>867.38984170532626</Quantity>
				</IRP_Roadef_Challenge_Operation_>
			</operations>
		</IRP_Roadef_Challenge_Shift_>
		<IRP_Roadef_Challenge_Shift_>
			<index>34</index>
			<driver>3</driver>
			<trailer>2</trailer>
			<start>24356</start>
			<operations>
				<IRP_Roadef_Challenge_Operation_>
					<point>1</point>
					<arrival>24403</arrival>
					<Quantity>-5380</Quantity>
				</IRP_Roadef_Challenge_Operation_>
				<IRP_Roadef_Challenge_Operation_>
					<point>111</point>
					<arrival>24552</arrival>
					<Quantity>4190.9889595985551</Quantity>
				</IRP_Roadef_Challenge_Operation_>
				<IRP_Roadef_Challenge_Operation_>
					<point>85</point>
					<arrival>24614</arrival>
					<Quantity>1189.0110404014449</Quantity>
				</IRP_Roadef_Challenge_Operation_>
			</operations>
		</IRP_Roadef_Challenge_Shift_>
		<IRP_Roadef_Challenge_Shift_>
			<index>35</index>
			<driver>3</driver>
			<trailer>2</trailer>
			<start>25430</start>
			<operations>
				<IRP_Roadef_Challenge_Operation_>
					<point>1</point>
					<arrival>25477</arrival>
					<Quantity>-5380</Quantity>
				</IRP_Roadef_Challenge_Operation_>
				<IRP_Roadef_Challenge_Operation_>
					<point>54</point>
					<arrival>25642</arrival>
					<Quantity>894.5106704330683</Quantity>
				</IRP_Roadef_Challenge_Operation_>
				<IRP_Roadef_Challenge_Operation_>
					<point>64</point>
					<arrival>25750</arrival>
					<Quantity>1293.8999999999996</Quantity>
				</IRP_Roadef_Challenge_Operation_>
				<IRP_Roadef_Challenge_Operation_>
					<point>120</point>
					<arrival>25908</arrival>
					<Quantity>1016.1590639495851</Quantity>
				</IRP_Roadef_Challenge_Operation_>
				<IRP_Roadef_Challenge_Operation_>
					<point>78</point>
					<arrival>25962</arrival>
					<Quantity>249.99999999999886</Quantity>
				</IRP_Roadef_Challenge_Operation_>
				<IRP_Roadef_Challenge_Operation_>
					<point>47</point>
					<arrival>26014</arrival>
					<Quantity>1084.7302656173579</Quantity>
				</IRP_Roadef_Challenge_Operation_>
				<IRP_Roadef_Challenge_Operation_>
					<point>94</point>
					<arrival>26063</arrival>
					<Quantity>840.69999999999936</Quantity>
				</IRP_Roadef_Challenge_Operation_>
				<IRP_Roadef_Challenge_Operation_>
					<point>1</point>
					<arrival>26220</arrival>
					<Quantity>-5380</Quantity>
				</IRP_Roadef_Challenge_Operation_>
			</operations>
		</IRP_Roadef_Challenge_Shift_>
		<IRP_Roadef_Challenge_Shift_>
			<index>36</index>
			<driver>2</driver>
			<trailer>0</trailer>
			<start>25485</start>
			<operations>
				<IRP_Roadef_Challenge_Operation_>
					<point>127</point>
					<arrival>26597</arrival>
					<Quantity>1805.6781524124235</Quantity>
				</IRP_Roadef_Challenge_Operation_>
				<IRP_Roadef_Challenge_Operation_>
					<point>123</point>
					<arrival>26728</arrival>
					<Quantity>7813.5999999999913</Quantity>
				</IRP_Roadef_Challenge_Operation_>
				<IRP_Roadef_Challenge_Operation_>
					<point>68</point>
					<arrival>26973</arrival>
					<Quantity>3718.7999999999774</Quantity>
				</IRP_Roadef_Challenge_Operation_>
				<IRP_Roadef_Challenge_Operation_>
					<point>24</point>
					<arrival>27102</arrival>
					<Quantity>1584.4000000000042</Quantity>
				</IRP_Roadef_Challenge_Operation_>
				<IRP_Roadef_Challenge_Operation_>
					<point>1</point>
					<arrival>27331</arrival>
					<Quantity>-20000</Quantity>
				</IRP_Roadef_Challenge_Operation_>
			</operations>
		</IRP_Roadef_Challenge_Shift_>
		<IRP_Roadef_Challenge_Shift_>
			<index>37</index>
			<driver>0</driver>
			<trailer>1</trailer>
			<start>27111</start>
			<operations>
				<IRP_Roadef_Challenge_Operation_>
					<point>1</point>
					<arrival>27158</arrival>
					<Quantity>-12620</Quantity>
				</IRP_Roadef_Challenge_Operation_>
				<IRP_Roadef_Challenge_Operation_>
					<point>81</point>
					<arrival>27483</arrival>
					<Quantity>818.82791910552896</Quantity>
				</IRP_Roadef_Challenge_Operation_>
				<IRP_Roadef_Challenge_Operation_>
					<point>29</point>
					<arrival>27674</arrival>
					<Quantity>8031.2543090819909</Quantity>
				</IRP_Roadef_Challenge_Operation_>
			</operations>
		</IRP_Roadef_Challenge_Shift_>
		<IRP_Roadef_Challenge_Shift_>
			<index>38</index>
			<driver>1</driver>
			<trailer>0</trailer>
			<start>27423</start>
			<operations>
				<IRP_Roadef_Challenge_Operation_>
					<point>43</point>
					<arrival>27476</arrival>
					<Quantity>4406.4000000000005</Quantity>
				</IRP_Roadef_Challenge_Operation_>
				<IRP_Roadef_Challenge_Operation_>
					<point>21</point>
					<arrival>27546</arrival>
					<Quantity>11324.799999999981</Quantity>
				</IRP_Roadef_Challenge_Operation_>
			</operations>
		</IRP_Roadef_Challenge_Shift_>
		<IRP_Roadef_Challenge_Shift_>
			<index>39</index>
			<driver>2</driver>
			<trailer>0</trailer>
			<start>28530</start>
			<operations>
				<IRP_Roadef_Challenge_Operation_>
					<point>1</point>
					<arrival>28577</arrival>
					<Quantity>-15731.199999999979</Quantity>
				</IRP_Roadef_Challenge_Operation_>
				<IRP_Roadef_Challenge_Operation_>
					<point>48</point>
					<arrival>28758</arrival>
					<Quantity>6452.2539445591974</Quantity>
				</IRP_Roadef_Challenge_Operation_>
				<IRP_Roadef_Challenge_Operation_>
					<point>79</point>
					<arrival>28819</arrival>
					<Quantity>13547.746055440799</Quantity>
				</IRP_Roadef_Challenge_Operation_>
				<IRP_Roadef_Challenge_Operation_>
					<point>1</point>
					<arrival>28982</arrival>
					<Quantity>-20000</Quantity>
				</IRP_Roadef_Challenge_Operation_>
			</operations>
		</IRP_Roadef_Challenge_Shift_>
		<IRP_Roadef_Challenge_Shift_>
			<index>40</index>
			<driver>3</driver>
			<trailer>2</trailer>
			<start>28797</start>
			<operations>
				<IRP_Roadef_Challenge_Operation_>
					<point>58</point>
					<arrival>29034</arrival>
					<Quantity>1046.2658749084446</Quantity>
				</IRP_Roadef_Challenge_Operation_>
				<IRP_Roadef_Challenge_Operation_>
					<point>17</point>
					<arrival>29234</arrival>
					<Quantity>4333.7341250915706</Quantity>
				</IRP_Roadef_Challenge_Operation_>
			</operations>
		</IRP_Roadef_Challenge_Shift_>
		<IRP_Roadef_Challenge_Shift_>
			<index>41</index>
			<driver>0</driver>
			<trailer>1</trailer>
			<start>28926</start>
			<operations>
				<IRP_Roadef_Challenge_Operation_>
					<point>1</point>
					<arrival>28973</arrival>
					<Quantity>-8850.0822281875189</Quantity>
				</IRP_Roadef_Challenge_Operation_>
				<IRP_Roadef_Challenge_Operation_>
					<point>113</point>
					<arrival>29101</arrival>
					<Quantity>998.24000000000001</Quantity>
				</IRP_Roadef_Challenge_Operation_>
				<IRP_Roadef_Challenge_Operation_>
					<point>33</point>
					<arrival>29200</arrival>
					<Quantity>6339.8800514221139</Quantity>
				</IRP_Roadef_Challenge_Operation_>
				<IRP_Roadef_Challenge_Operation_>
					<point>76</point>
					<arrival>29287</arrival>
					<Quantity>5097.2000000000007</Quantity>
				</IRP_Roadef_Challenge_Operation_>
				<IRP_Roadef_Challenge_Operation_>
					<point>1</point>
					<arrival>29428</arrival>
					<Quantity>-12435.320051422121</Quantity>
				</IRP_Roadef_Challenge_Operation_>
			</operations>
		</IRP_Roadef_Challenge_Shift_>
		<IRP_Roadef_Challenge_Shift_>
			<index>42</index>
			<driver>2</driver>
			<trailer>0</trailer>
			<start>29794</start>
			<operations>
				<IRP_Roadef_Challenge_Operation_>
					<point>80</point>
					<arrival>29989</arrival>
					<Quantity>7121.2681115361556</Quantity>
				</IRP_Roadef_Challenge_Operation_>
			</operations>
		</IRP_Roadef_Challenge_Shift_>
		<IRP_Roadef_Challenge_Shift_>
			<index>43</index>
			<driver>2</driver>
			<trailer>0</trailer>
			<start>31680</start>
			<operations>
				<IRP_Roadef_Challenge_Operation_>
					<point>73</point>
					<arrival>31908</arrival>
					<Quantity>5566.5177140426385</Quantity>
				</IRP_Roadef_Challenge_Operation_>
				<IRP_Roadef_Challenge_Operation_>
					<point>45</point>
					<arrival>32056</arrival>
					<Quantity>2779.7808648661558</Quantity>
				</IRP_Roadef_Challenge_Operation_>
				<IRP_Roadef_Challenge_Operation_>
					<point>103</point>
					<arrival>32101</arrival>
					<Quantity>2298.5999999999963</Quantity>
				</IRP_Roadef_Challenge_Operation_>
				<IRP_Roadef_Challenge_Operation_>
					<point>2</point>
					<arrival>32171</arrival>
					<Quantity>2233.8333095550552</Quantity>
				</IRP_Roadef_Challenge_Operation_>
				<IRP_Roadef_Challenge_Operation_>
					<point>1</point>
					<arrival>32315</arrival>
					<Quantity>-20000</Quantity>
				</IRP_Roadef_Challenge_Operation_>
			</operations>
		</IRP_Roadef_Challenge_Shift_>
		<IRP_Roadef_Challenge_Shift_>
			<index>44</index>
			<driver>1</driver>
			<trailer>1</trailer>
			<start>31689</start>
			<operations>
				<IRP_Roadef_Challenge_Operation_>
					<point>5</point>
					<arrival>31752</arrival>
					<Quantity>4222.9999999999973</Quantity>
				</IRP_Roadef_Challenge_Operation_>
				<IRP_Roadef_Challenge_Operation_>
					<point>25</point>
					<arrival>31815</arrival>
					<Quantity>2389.9736731337825</Quantity>
				</IRP_Roadef_Challenge_Operation_>
				<IRP_Roadef_Challenge_Operation_>
					<point>126</point>
					<arrival>31863</arrival>
					<Quantity>6007.0263268661984</Quantity>
				</IRP_Roadef_Challenge_Operation_>
			</operations>
		</IRP_Roadef_Challenge_Shift_>
		<IRP_Roadef_Challenge_Shift_>
			<index>45</index>
			<driver>3</driver>
			<trailer>2</trailer>
			<start>31738</start>
			<operations>
				<IRP_Roadef_Challenge_Operation_>
					<point>1</point>
					<arrival>31785</arrival>
					<Quantity>-5380</Quantity>
				</IRP_Roadef_Challenge_Operation_>
				<IRP_Roadef_Challenge_Operation_>
					<point>92</point>
					<arrival>31994</arrival>
					<Quantity>463.69208178710869</Quantity>
				</IRP_Roadef_Challenge_Operation_>
				<IRP_Roadef_Challenge_Operation_>
					<point>110</point>
					<arrival>32043</arrival>
					<Quantity>655.5000000000008</Quantity>
				</IRP_Roadef_Challenge_Operation_>
				<IRP_Roadef_Challenge_Operation_>
					<point>52</point>
					<arrival>32111</arrival>
					<Quantity>940.02000000000021</Quantity>
				</IRP_Roadef_Challenge_Operation_>
				<IRP_Roadef_Challenge_Operation_>
					<point>13</point>
					<arrival>32160</arrival>
					<Quantity>978.53185284423716</Quantity>
				</IRP_Roadef_Challenge_Operation_>
				<IRP_Roadef_Challenge_Operation_>
					<point>53</point>
					<arrival>32430</arrival>
					<Quantity>2342.2560653686519</Quantity>
				</IRP_Roadef_Challenge_Operation_>
				<IRP_Roadef_Challenge_Operation_>
					<point>1</point>
					<arrival>32568</arrival>
					<Quantity>-5380</Quantity>
				</IRP_Roadef_Challenge_Operation_>
			</operations>
		</IRP_Roadef_Challenge_Shift_>
		<IRP_Roadef_Challenge_Shift_>
			<index>46</index>
			<driver>0</driver>
			<trailer>1</trailer>
			<start>31968</start>
			<operations>
				<IRP_Roadef_Challenge_Operation_>
					<point>1</point>
					<arrival>32015</arrival>
					<Quantity>-12620</Quantity>
				</IRP_Roadef_Challenge_Operation_>
				<IRP_Roadef_Challenge_Operation_>
					<point>74</point>
					<arrival>32181</arrival>
					<Quantity>11231.495178588833</Quantity>
				</IRP_Roadef_Challenge_Operation_>
				<IRP_Roadef_Challenge_Operation_>
					<point>1</point>
					<arrival>32330</arrival>
					<Quantity>-11231.495178588833</Quantity>
				</IRP_Roadef_Challenge_Operation_>
				<IRP_Roadef_Challenge_Operation_>
					<point>122</point>
					<arrival>32820</arrival>
					<Quantity>819.82666857909931</Quantity>
				</IRP_Roadef_Challenge_Operation_>
				<IRP_Roadef_Challenge_Operation_>
					<point>65</point>
					<arrival>32904</arrival>
					<Quantity>2421.4174754141823</Quantity>
				</IRP_Roadef_Challenge_Operation_>
				<IRP_Roadef_Challenge_Operation_>
					<point>127</point>
					<arrival>33922</arrival>
					<Quantity>3927.2558560067346</Quantity>
				</IRP_Roadef_Challenge_Operation_>
				<IRP_Roadef_Challenge_Operation_>
					<point>4</point>
					<arrival>34260</arrival>
					<Quantity>5451.5000000000036</Quantity>
				</IRP_Roadef_Challenge_Operation_>
				<IRP_Roadef_Challenge_Operation_>
					<point>1</point>
					<arrival>34450</arrival>
					<Quantity>-12620</Quantity>
				</IRP_Roadef_Challenge_Operation_>
				<IRP_Roadef_Challenge_Operation_>
					<point>23</point>
					<arrival>34536</arrival>
					<Quantity>2640.5999999999999</Quantity>
				</IRP_Roadef_Challenge_Operation_>
				<IRP_Roadef_Challenge_Operation_>
					<point>1</point>
					<arrival>34607</arrival>
					<Quantity>-2640.6000000000022</Quantity>
				</IRP_Roadef_Challenge_Operation_>
			</operations>
		</IRP_Roadef_Challenge_Shift_>
		<IRP_Roadef_Challenge_Shift_>
			<index>47</index>
			<driver>1</driver>
			<trailer>0</trailer>
			<start>32820</start>
			<operations>
				<IRP_Roadef_Challenge_Operation_>
					<point>106</point>
					<arrival>32868</arrival>
					<Quantity>8345.8880000000718</Quantity>
				</IRP_Roadef_Challenge_Operation_>
				<IRP_Roadef_Challenge_Operation_>
					<point>119</point>
					<arrival>33018</arrival>
					<Quantity>2389.200000000088</Quantity>
				</IRP_Roadef_Challenge_Operation_>
				<IRP_Roadef_Challenge_Operation_>
					<point>7</point>
					<arrival>33077</arrival>
					<Quantity>4327.11199999987</Quantity>
				</IRP_Roadef_Challenge_Operation_>
				<IRP_Roadef_Challenge_Operation_>
					<point>117</point>
					<arrival>33141</arrival>
					<Quantity>4569.0999999999985</Quantity>
				</IRP_Roadef_Challenge_Operation_>
				<IRP_Roadef_Challenge_Operation_>
					<point>84</point>
					<arrival>33201</arrival>
					<Quantity>368.69999999996514</Quantity>
				</IRP_Roadef_Challenge_Operation_>
			</operations>
		</IRP_Roadef_Challenge_Shift_>
		<IRP_Roadef_Challenge_Shift_>
			<index>48</index>
			<driver>2</driver>
			<trailer>0</trailer>
			<start>33356</start>
			<operations>
				<IRP_Roadef_Challenge_Operation_>
					<point>1</point>
					<arrival>33403</arrival>
					<Quantity>-20000</Quantity>
				</IRP_Roadef_Challenge_Operation_>
				<IRP_Roadef_Challenge_Operation_>
					<point>98</point>
					<arrival>33709</arrival>
					<Quantity>717.79999999999927</Quantity>
				</IRP_Roadef_Challenge_Operation_>
				<IRP_Roadef_Challenge_Operation_>
					<point>46</point>
					<arrival>33972</arrival>
					<Quantity>3338.3936969756978</Quantity>
				</IRP_Roadef_Challenge_Operation_>
				<IRP_Roadef_Challenge_Operation_>
					<point>60</point>
					<arrival>34755</arrival>
					<Quantity>1350.0536739348609</Quantity>
				</IRP_Roadef_Challenge_Operation_>
				<IRP_Roadef_Challenge_Operation_>
					<point>19</point>
					<arrival>34822</arrival>
					<Quantity>14593.752629089395</Quantity>
				</IRP_Roadef_Challenge_Operation_>
				<IRP_Roadef_Challenge_Operation_>
					<point>1</point>
					<arrival>35189</arrival>
					<Quantity>-20000</Quantity>
				</IRP_Roadef_Challenge_Operation_>
			</operations>
		</IRP_Roadef_Challenge_Shift_>
		<IRP_Roadef_Challenge_Shift_>
			<index>49</index>
			<driver>1</driver>
			<trailer>2</trailer>
			<start>34263</start>
			<operations>
				<IRP_Roadef_Challenge_Operation_>
					<point>8</point>
					<arrival>34465</arrival>
					<Quantity>784.50000000000068</Quantity>
				</IRP_Roadef_Challenge_Operation_>
				<IRP_Roadef_Challenge_Operation_>
					<point>9</point>
					<arrival>34566</arrival>
					<Quantity>773.93208419799953</Quantity>
				</IRP_Roadef_Challenge_Operation_>
				<IRP_Roadef_Challenge_Operation_>
					<point>94</point>
					<arrival>34613</arrival>
					<Quantity>431.48000000000138</Quantity>
				</IRP_Roadef_Challenge_Operation_>
			</operations>
		</IRP_Roadef_Challenge_Shift_>
		<IRP_Roadef_Challenge_Shift_>
			<index>50</index>
			<driver>3</driver>
			<trailer>2</trailer>
			<start>34872</start>
			<operations>
				<IRP_Roadef_Challenge_Operation_>
					<point>26</point>
					<arrival>34934</arrival>
					<Quantity>3390.0879158019961</Quantity>
				</IRP_Roadef_Challenge_Operation_>
				<IRP_Roadef_Challenge_Operation_>
					<point>1</point>
					<arrival>35048</arrival>
					<Quantity>-5380</Quantity>
				</IRP_Roadef_Challenge_Operation_>
				<IRP_Roadef_Challenge_Operation_>
					<point>54</point>
					<arrival>35213</arrival>
					<Quantity>497.40000000000236</Quantity>
				</IRP_Roadef_Challenge_Operation_>
				<IRP_Roadef_Challenge_Operation_>
					<point>95</point>
					<arrival>35268</arrival>
					<Quantity>700.77157707214542</Quantity>
				</IRP_Roadef_Challenge_Operation_>
				<IRP_Roadef_Challenge_Operation_>
					<point>118</point>
					<arrival>35497</arrival>
					<Quantity>4181.8284229278534</Quantity>
				</IRP_Roadef_Challenge_Operation_>
			</operations>
		</IRP_Roadef_Challenge_Shift_>
		<IRP_Roadef_Challenge_Shift_>
			<index>51</index>
			<driver>0</driver>
			<trailer>1</trailer>
			<start>35418</start>
			<operations>
				<IRP_Roadef_Challenge_Operation_>
					<point>16</point>
					<arrival>35606</arrival>
					<Quantity>1582.7999999999993</Quantity>
				</IRP_Roadef_Challenge_Operation_>
				<IRP_Roadef_Challenge_Operation_>
					<point>114</point>
					<arrival>35700</arrival>
					<Quantity>11037.200000000001</Quantity>
				</IRP_Roadef_Challenge_Operation_>
				<IRP_Roadef_Challenge_Operation_>
					<point>1</point>
					<arrival>36003</arrival>
					<Quantity>-12620</Quantity>
				</IRP_Roadef_Challenge_Operation_>
				<IRP_Roadef_Challenge_Operation_>
					<point>123</point>
					<arrival>37099</arrival>
					<Quantity>12618.999999999996</Quantity>
				</IRP_Roadef_Challenge_Operation_>
				<IRP_Roadef_Challenge_Operation_>
					<point>124</point>
					<arrival>37407</arrival>
					<Quantity>1</Quantity>
				</IRP_Roadef_Challenge_Operation_>
				<IRP_Roadef_Challenge_Operation_>
					<point>1</point>
					<arrival>37520</arrival>
					<Quantity>-12620</Quantity>
				</IRP_Roadef_Challenge_Operation_>
			</operations>
		</IRP_Roadef_Challenge_Shift_>
		<IRP_Roadef_Challenge_Shift_>
			<index>52</index>
			<driver>1</driver>
			<trailer>2</trailer>
			<start>35954</start>
			<operations>
				<IRP_Roadef_Challenge_Operation_>
					<point>1</point>
					<arrival>36001</arrival>
					<Quantity>-5380</Quantity>
				</IRP_Roadef_Challenge_Operation_>
				<IRP_Roadef_Challenge_Operation_>
					<point>49</point>
					<arrival>36141</arrival>
					<Quantity>734.09999999999991</Quantity>
				</IRP_Roadef_Challenge_Operation_>
				<IRP_Roadef_Challenge_Operation_>
					<point>10</point>
					<arrival>36196</arrival>
					<Quantity>4645.8999999999978</Quantity>
				</IRP_Roadef_Challenge_Operation_>
			</operations>
		</IRP_Roadef_Challenge_Shift_>
		<IRP_Roadef_Challenge_Shift_>
			<index>53</index>
			<driver>3</driver>
			<trailer>2</trailer>
			<start>36677</start>
			<operations>
				<IRP_Roadef_Challenge_Operation_>
					<point>1</point>
					<arrival>36724</arrival>
					<Quantity>-5380</Quantity>
				</IRP_Roadef_Challenge_Operation_>
				<IRP_Roadef_Challenge_Operation_>
					<point>44</point>
					<arrival>36903</arrival>
					<Quantity>2589.0999999999995</Quantity>
				</IRP_Roadef_Challenge_Operation_>
				<IRP_Roadef_Challenge_Operation_>
					<point>40</point>
					<arrival>36948</arrival>
					<Quantity>809.67999999999392</Quantity>
				</IRP_Roadef_Challenge_Operation_>
				<IRP_Roadef_Challenge_Operation_>
					<point>97</point>
					<arrival>37036</arrival>
					<Quantity>1408.3600000000001</Quantity>
				</IRP_Roadef_Challenge_Operation_>
				<IRP_Roadef_Challenge_Operation_>
					<point>64</point>
					<arrival>37140</arrival>
					<Quantity>572.85999999999694</Quantity>
				</IRP_Roadef_Challenge_Operation_>
				<IRP_Roadef_Challenge_Operation_>
					<point>1</point>
					<arrival>37312</arrival>
					<Quantity>-5380</Quantity>
				</IRP_Roadef_Challenge_Operation_>
			</operations>
		</IRP_Roadef_Challenge_Shift_>
		<IRP_Roadef_Challenge_Shift_>
			<index>54</index>
			<driver>2</driver>
			<trailer>0</trailer>
			<start>38344</start>
			<operations>
				<IRP_Roadef_Challenge_Operation_>
					<point>101</point>
					<arrival>38624</arrival>
					<Quantity>5986.871617509858</Quantity>
				</IRP_Roadef_Challenge_Operation_>
				<IRP_Roadef_Challenge_Operation_>
					<point>42</point>
					<arrival>38693</arrival>
					<Quantity>3167.4999999999964</Quantity>
				</IRP_Roadef_Challenge_Operation_>
				<IRP_Roadef_Challenge_Operation_>
					<point>22</point>
					<arrival>38892</arrival>
					<Quantity>10100.418167114525</Quantity>
				</IRP_Roadef_Challenge_Operation_>
				<IRP_Roadef_Challenge_Operation_>
					<point>1</point>
					<arrival>39053</arrival>
					<Quantity>-19254.789784624376</Quantity>
				</IRP_Roadef_Challenge_Operation_>
			</operations>
		</IRP_Roadef_Challenge_Shift_>
		<IRP_Roadef_Challenge_Shift_>
			<index>55</index>
			<driver>0</driver>
			<trailer>1</trailer>
			<start>38822</start>
			<operations>
				<IRP_Roadef_Challenge_Operation_>
					<point>71</point>
					<arrival>38890</arrival>
					<Quantity>1577.5263268661884</Quantity>
				</IRP_Roadef_Challenge_Operation_>
				<IRP_Roadef_Challenge_Operation_>
					<point>92</point>
					<arrival>39009</arrival>
					<Quantity>602.20791821289049</Quantity>
				</IRP_Roadef_Challenge_Operation_>
				<IRP_Roadef_Challenge_Operation_>
					<point>11</point>
					<arrival>39192</arrival>
					<Quantity>6427.2860476607266</Quantity>
				</IRP_Roadef_Challenge_Operation_>
				<IRP_Roadef_Challenge_Operation_>
					<point>20</point>
					<arrival>39254</arrival>
					<Quantity>1615.0000000000236</Quantity>
				</IRP_Roadef_Challenge_Operation_>
				<IRP_Roadef_Challenge_Operation_>
					<point>130</point>
					<arrival>39467</arrival>
					<Quantity>2397.9797072601345</Quantity>
				</IRP_Roadef_Challenge_Operation_>
			</operations>
		</IRP_Roadef_Challenge_Shift_>
		<IRP_Roadef_Challenge_Shift_>
			<index>56</index>
			<driver>1</driver>
			<trailer>2</trailer>
			<start>38850</start>
			<operations>
				<IRP_Roadef_Challenge_Operation_>
					<point>96</point>
					<arrival>38929</arrival>
					<Quantity>4778.4999999999891</Quantity>
				</IRP_Roadef_Challenge_Operation_>
				<IRP_Roadef_Challenge_Operation_>
					<point>18</point>
					<arrival>39024</arrival>
					<Quantity>601.50000000000011</Quantity>
				</IRP_Roadef_Challenge_Operation_>
			</operations>
		</IRP_Roadef_Challenge_Shift_>
		<IRP_Roadef_Challenge_Shift_>
			<index>57</index>
			<driver>2</driver>
			<trailer>0</trailer>
			<start>39865</start>
			<operations>
				<IRP_Roadef_Challenge_Operation_>
					<point>48</point>
					<arrival>40020</arrival>
					<Quantity>8627.4024255655931</Quantity>
				</IRP_Roadef_Challenge_Operation_>
				<IRP_Roadef_Challenge_Operation_>
					<point>45</point>
					<arrival>40073</arrival>
					<Quantity>640.219135133907</Quantity>
				</IRP_Roadef_Challenge_Operation_>
			</operations>
		</IRP_Roadef_Challenge_Shift_>
		<IRP_Roadef_Challenge_Shift_>
			<index>58</index>
			<driver>1</driver>
			<trailer>2</trailer>
			<start>41724</start>
			<operations>
				<IRP_Roadef_Challenge_Operation_>
					<point>1</point>
					<arrival>41771</arrival>
					<Quantity>-5380</Quantity>
				</IRP_Roadef_Challenge_Operation_>
				<IRP_Roadef_Challenge_Operation_>
					<point>39</point>
					<arrival>41915</arrival>
					<Quantity>4229.1880000000001</Quantity>
				</IRP_Roadef_Challenge_Operation_>
				<IRP_Roadef_Challenge_Operation_>
					<point>43</point>
					<arrival>41969</arrival>
					<Quantity>1150.8119999999835</Quantity>
				</IRP_Roadef_Challenge_Operation_>
			</operations>
		</IRP_Roadef_Challenge_Shift_>
		<IRP_Roadef_Challenge_Shift_>
			<index>59</index>
			<driver>2</driver>
			<trailer>0</trailer>
			<start>41760</start>
			<operations>
				<IRP_Roadef_Challenge_Operation_>
					<point>83</point>
					<arrival>41920</arrival>
					<Quantity>686.46840426634549</Quantity>
				</IRP_Roadef_Challenge_Operation_>
				<IRP_Roadef_Challenge_Operation_>
					<point>64</point>
					<arrival>41966</arrival>
					<Quantity>2473.7399999999998</Quantity>
				</IRP_Roadef_Challenge_Operation_>
				<IRP_Roadef_Challenge_Operation_>
					<point>67</point>
					<arrival>42146</arrival>
					<Quantity>959.87003503417509</Quantity>
				</IRP_Roadef_Challenge_Operation_>
				<IRP_Roadef_Challenge_Operation_>
					<point>102</point>
					<arrival>42275</arrival>
					<Quantity>6612.3000000000002</Quantity>
				</IRP_Roadef_Challenge_Operation_>
			</operations>
		</IRP_Roadef_Challenge_Shift_>
		<IRP_Roadef_Challenge_Shift_>
			<index>60</index>
			<driver>0</driver>
			<trailer>1</trailer>
			<start>41760</start>
			<operations>
				<IRP_Roadef_Challenge_Operation_>
					<point>1</point>
					<arrival>41807</arrival>
					<Quantity>-12620</Quantity>
				</IRP_Roadef_Challenge_Operation_>
				<IRP_Roadef_Challenge_Operation_>
					<point>113</point>
					<arrival>41935</arrival>
					<Quantity>684.2999999999995</Quantity>
				</IRP_Roadef_Challenge_Operation_>
				<IRP_Roadef_Challenge_Operation_>
					<point>127</point>
					<arrival>42276</arrival>
					<Quantity>220.69999999997708</Quantity>
				</IRP_Roadef_Challenge_Operation_>
				<IRP_Roadef_Challenge_Operation_>
					<point>77</point>
					<arrival>43122</arrival>
					<Quantity>11715.000000000064</Quantity>
				</IRP_Roadef_Challenge_Operation_>
				<IRP_Roadef_Challenge_Operation_>
					<point>1</point>
					<arrival>43465</arrival>
					<Quantity>-12620</Quantity>
				</IRP_Roadef_Challenge_Operation_>
			</operations>
		</IRP_Roadef_Challenge_Shift_>
		<IRP_Roadef_Challenge_Shift_>
			<index>61</index>
			<driver>3</driver>
			<trailer>2</trailer>
			<start>43256</start>
			<operations>
				<IRP_Roadef_Challenge_Operation_>
					<point>1</point>
					<arrival>43303</arrival>
					<Quantity>-5380</Quantity>
				</IRP_Roadef_Challenge_Operation_>
				<IRP_Roadef_Challenge_Operation_>
					<point>111</point>
					<arrival>43452</arrival>
					<Quantity>3261.2000000000007</Quantity>
				</IRP_Roadef_Challenge_Operation_>
				<IRP_Roadef_Challenge_Operation_>
					<point>51</point>
					<arrival>43517</arrival>
					<Quantity>1058.3999999999976</Quantity>
				</IRP_Roadef_Challenge_Operation_>
				<IRP_Roadef_Challenge_Operation_>
					<point>72</point>
					<arrival>43573</arrival>
					<Quantity>1060.3999999999987</Quantity>
				</IRP_Roadef_Challenge_Operation_>
			</operations>
		</IRP_Roadef_Challenge_Shift_>
		<IRP_Roadef_Challenge_Shift_>
			<index>62</index>
			<driver>2</driver>
			<trailer>0</trailer>
			<start>43407</start>
			<operations>
				<IRP_Roadef_Challenge_Operation_>
					<point>1</point>
					<arrival>43454</arrival>
					<Quantity>-20000</Quantity>
				</IRP_Roadef_Challenge_Operation_>
				<IRP_Roadef_Challenge_Operation_>
					<point>74</point>
					<arrival>43620</arrival>
					<Quantity>10257.800000000054</Quantity>
				</IRP_Roadef_Challenge_Operation_>
				<IRP_Roadef_Challenge_Operation_>
					<point>45</point>
					<arrival>43693</arrival>
					<Quantity>4427.9999999999973</Quantity>
				</IRP_Roadef_Challenge_Operation_>
				<IRP_Roadef_Challenge_Operation_>
					<point>2</point>
					<arrival>43763</arrival>
					<Quantity>5314.2000000000007</Quantity>
				</IRP_Roadef_Challenge_Operation_>
				<IRP_Roadef_Challenge_Operation_>
					<point>1</point>
					<arrival>43907</arrival>
					<Quantity>-20000</Quantity>
				</IRP_Roadef_Challenge_Operation_>
			</operations>
		</IRP_Roadef_Challenge_Shift_>
		<IRP_Roadef_Challenge_Shift_>
			<index>63</index>
			<driver>1</driver>
			<trailer>0</trailer>
			<start>44340</start>
			<operations>
				<IRP_Roadef_Challenge_Operation_>
					<point>119</point>
					<arrival>44479</arrival>
					<Quantity>4428</Quantity>
				</IRP_Roadef_Challenge_Operation_>
				<IRP_Roadef_Challenge_Operation_>
					<point>59</point>
					<arrival>44536</arrival>
					<Quantity>4407.5999999999258</Quantity>
				</IRP_Roadef_Challenge_Operation_>
				<IRP_Roadef_Challenge_Operation_>
					<point>117</point>
					<arrival>44609</arrival>
					<Quantity>8816.8999999999978</Quantity>
				</IRP_Roadef_Challenge_Operation_>
				<IRP_Roadef_Challenge_Operation_>
					<point>84</point>
					<arrival>44669</arrival>
					<Quantity>2347.5</Quantity>
				</IRP_Roadef_Challenge_Operation_>
			</operations>
		</IRP_Roadef_Challenge_Shift_>
		<IRP_Roadef_Challenge_Shift_>
			<index>64</index>
			<driver>3</driver>
			<trailer>2</trailer>
			<start>44391</start>
			<operations>
				<IRP_Roadef_Challenge_Operation_>
					<point>1</point>
					<arrival>44438</arrival>
					<Quantity>-5380</Quantity>
				</IRP_Roadef_Challenge_Operation_>
				<IRP_Roadef_Challenge_Operation_>
					<point>6</point>
					<arrival>44690</arrival>
					<Quantity>939.31999999999994</Quantity>
				</IRP_Roadef_Challenge_Operation_>
				<IRP_Roadef_Challenge_Operation_>
					<point>90</point>
					<arrival>44757</arrival>
					<Quantity>1001.6132401428231</Quantity>
				</IRP_Roadef_Challenge_Operation_>
			</operations>
		</IRP_Roadef_Challenge_Shift_>
		<IRP_Roadef_Challenge_Shift_>
			<index>65</index>
			<driver>2</driver>
			<trailer>0</trailer>
			<start>45396</start>
			<operations>
				<IRP_Roadef_Challenge_Operation_>
					<point>1</point>
					<arrival>45443</arrival>
					<Quantity>-20000</Quantity>
				</IRP_Roadef_Challenge_Operation_>
				<IRP_Roadef_Challenge_Operation_>
					<point>105</point>
					<arrival>45744</arrival>
					<Quantity>613.78150749014208</Quantity>
				</IRP_Roadef_Challenge_Operation_>
				<IRP_Roadef_Challenge_Operation_>
					<point>36</point>
					<arrival>45789</arrival>
					<Quantity>1170.5000000000016</Quantity>
				</IRP_Roadef_Challenge_Operation_>
				<IRP_Roadef_Challenge_Operation_>
					<point>68</point>
					<arrival>45848</arrival>
					<Quantity>8856</Quantity>
				</IRP_Roadef_Challenge_Operation_>
				<IRP_Roadef_Challenge_Operation_>
					<point>79</point>
					<arrival>46059</arrival>
					<Quantity>9359.71849250987</Quantity>
				</IRP_Roadef_Challenge_Operation_>
			</operations>
		</IRP_Roadef_Challenge_Shift_>
		<IRP_Roadef_Challenge_Shift_>
			<index>66</index>
			<driver>0</driver>
			<trailer>1</trailer>
			<start>45927</start>
			<operations>
				<IRP_Roadef_Challenge_Operation_>
					<point>124</point>
					<arrival>46029</arrival>
					<Quantity>2426.3999999999974</Quantity>
				</IRP_Roadef_Challenge_Operation_>
				<IRP_Roadef_Challenge_Operation_>
					<point>33</point>
					<arrival>46131</arrival>
					<Quantity>3265.3999999999987</Quantity>
				</IRP_Roadef_Challenge_Operation_>
				<IRP_Roadef_Challenge_Operation_>
					<point>88</point>
					<arrival>46449</arrival>
					<Quantity>762.29999999999791</Quantity>
				</IRP_Roadef_Challenge_Operation_>
				<IRP_Roadef_Challenge_Operation_>
					<point>55</point>
					<arrival>47214</arrival>
					<Quantity>2051.4177140426791</Quantity>
				</IRP_Roadef_Challenge_Operation_>
				<IRP_Roadef_Challenge_Operation_>
					<point>73</point>
					<arrival>47454</arrival>
					<Quantity>4114.4822859573796</Quantity>
				</IRP_Roadef_Challenge_Operation_>
				<IRP_Roadef_Challenge_Operation_>
					<point>1</point>
					<arrival>47690</arrival>
					<Quantity>-12620</Quantity>
				</IRP_Roadef_Challenge_Operation_>
				<IRP_Roadef_Challenge_Operation_>
					<point>10</point>
					<arrival>47836</arrival>
					<Quantity>10028.500000000045</Quantity>
				</IRP_Roadef_Challenge_Operation_>
				<IRP_Roadef_Challenge_Operation_>
					<point>85</point>
					<arrival>47894</arrival>
					<Quantity>2591.4999999999836</Quantity>
				</IRP_Roadef_Challenge_Operation_>
			</operations>
		</IRP_Roadef_Challenge_Shift_>
		<IRP_Roadef_Challenge_Shift_>
			<index>67</index>
			<driver>3</driver>
			<trailer>2</trailer>
			<start>46086</start>
			<operations>
				<IRP_Roadef_Challenge_Operation_>
					<point>94</point>
					<arrival>46236</arrival>
					<Quantity>940.11999999999989</Quantity>
				</IRP_Roadef_Challenge_Operation_>
				<IRP_Roadef_Challenge_Operation_>
					<point>14</point>
					<arrival>46380</arrival>
					<Quantity>2473.7438394928095</Quantity>
				</IRP_Roadef_Challenge_Operation_>
				<IRP_Roadef_Challenge_Operation_>
					<point>1</point>
					<arrival>46537</arrival>
					<Quantity>-5354.7970796356212</Quantity>
				</IRP_Roadef_Challenge_Operation_>
			</operations>
		</IRP_Roadef_Challenge_Shift_>
		<IRP_Roadef_Challenge_Shift_>
			<index>68</index>
			<driver>1</driver>
			<trailer>0</trailer>
			<start>46241</start>
			<operations>
				<IRP_Roadef_Challenge_Operation_>
					<point>1</point>
					<arrival>46288</arrival>
					<Quantity>-20000</Quantity>
				</IRP_Roadef_Challenge_Operation_>
			</operations>
		</IRP_Roadef_Challenge_Shift_>
		<IRP_Roadef_Challenge_Shift_>
			<index>69</index>
			<driver>2</driver>
			<trailer>0</trailer>
			<start>47083</start>
			<operations>
				<IRP_Roadef_Challenge_Operation_>
					<point>7</point>
					<arrival>47220</arrival>
					<Quantity>12353.300000000057</Quantity>
				</IRP_Roadef_Challenge_Operation_>
				<IRP_Roadef_Challenge_Operation_>
					<point>21</point>
					<arrival>47349</arrival>
					<Quantity>7646.7000000000007</Quantity>
				</IRP_Roadef_Challenge_Operation_>
				<IRP_Roadef_Challenge_Operation_>
					<point>1</point>
					<arrival>47506</arrival>
					<Quantity>-20000</Quantity>
				</IRP_Roadef_Challenge_Operation_>
				<IRP_Roadef_Challenge_Operation_>
					<point>2</point>
					<arrival>47665</arrival>
					<Quantity>1289.3999999999796</Quantity>
				</IRP_Roadef_Challenge_Operation_>
				<IRP_Roadef_Challenge_Operation_>
					<point>48</point>
					<arrival>47736</arrival>
					<Quantity>18710.600000000009</Quantity>
				</IRP_Roadef_Challenge_Operation_>
				<IRP_Roadef_Challenge_Operation_>
					<point>1</point>
					<arrival>47906</arrival>
					<Quantity>-20000</Quantity>
				</IRP_Roadef_Challenge_Operation_>
			</operations>
		</IRP_Roadef_Challenge_Shift_>
		<IRP_Roadef_Challenge_Shift_>
			<index>70</index>
			<driver>1</driver>
			<trailer>2</trailer>
			<start>47220</start>
			<operations>
				<IRP_Roadef_Challenge_Operation_>
					<point>26</point>
					<arrival>47282</arrival>
					<Quantity>3616.0926658630342</Quantity>
				</IRP_Roadef_Challenge_Operation_>
				<IRP_Roadef_Challenge_Operation_>
					<point>116</point>
					<arrival>47430</arrival>
					<Quantity>807.10733413695561</Quantity>
				</IRP_Roadef_Challenge_Operation_>
				<IRP_Roadef_Challenge_Operation_>
					<point>15</point>
					<arrival>47516</arrival>
					<Quantity>956.7999999999995</Quantity>
				</IRP_Roadef_Challenge_Operation_>
			</operations>
		</IRP_Roadef_Challenge_Shift_>
		<IRP_Roadef_Challenge_Shift_>
			<index>71</index>
			<driver>0</driver>
			<trailer>1</trailer>
			<start>49074</start>
			<operations>
				<IRP_Roadef_Challenge_Operation_>
					<point>1</point>
					<arrival>49121</arrival>
					<Quantity>-12620</Quantity>
				</IRP_Roadef_Challenge_Operation_>
				<IRP_Roadef_Challenge_Operation_>
					<point>5</point>
					<arrival>49269</arrival>
					<Quantity>3664.3000000000011</Quantity>
				</IRP_Roadef_Challenge_Operation_>
				<IRP_Roadef_Challenge_Operation_>
					<point>10</point>
					<arrival>49329</arrival>
					<Quantity>1561.5999999999603</Quantity>
				</IRP_Roadef_Challenge_Operation_>
				<IRP_Roadef_Challenge_Operation_>
					<point>126</point>
					<arrival>49386</arrival>
					<Quantity>2285.3000000000102</Quantity>
				</IRP_Roadef_Challenge_Operation_>
				<IRP_Roadef_Challenge_Operation_>
					<point>71</point>
					<arrival>49439</arrival>
					<Quantity>1948.0736731338102</Quantity>
				</IRP_Roadef_Challenge_Operation_>
				<IRP_Roadef_Challenge_Operation_>
					<point>25</point>
					<arrival>49490</arrival>
					<Quantity>3160.7263268662091</Quantity>
				</IRP_Roadef_Challenge_Operation_>
			</operations>
		</IRP_Roadef_Challenge_Shift_>
		<IRP_Roadef_Challenge_Shift_>
			<index>72</index>
			<driver>2</driver>
			<trailer>0</trailer>
			<start>49823</start>
			<operations>
				<IRP_Roadef_Challenge_Operation_>
					<point>80</point>
					<arrival>50018</arrival>
					<Quantity>8541.2000000000298</Quantity>
				</IRP_Roadef_Challenge_Operation_>
				<IRP_Roadef_Challenge_Operation_>
					<point>106</point>
					<arrival>50226</arrival>
					<Quantity>8269.1119999998919</Quantity>
				</IRP_Roadef_Challenge_Operation_>
				<IRP_Roadef_Challenge_Operation_>
					<point>43</point>
					<arrival>50309</arrival>
					<Quantity>3189.6880000000137</Quantity>
				</IRP_Roadef_Challenge_Operation_>
			</operations>
		</IRP_Roadef_Challenge_Shift_>
	</Shifts>
</IRP_Roadef_Challenge_Output>
