<?xml version="1.0"?>
<IRP_Roadef_Challenge_Output>
	<Shifts>
		<IRP_Roadef_Challenge_Shift_>
			<index>0</index>
			<driver>0</driver>
			<trailer>0</trailer>
			<start>536</start>
			<operations>
				<IRP_Roadef_Challenge_Operation_>
					<point>46</point>
					<arrival>652</arrival>
					<Quantity>4210.2606707763643</Quantity>
				</IRP_Roadef_Challenge_Operation_>
				<IRP_Roadef_Challenge_Operation_>
					<point>39</point>
					<arrival>817</arrival>
					<Quantity>4973.8118728637692</Quantity>
				</IRP_Roadef_Challenge_Operation_>
				<IRP_Roadef_Challenge_Operation_>
					<point>37</point>
					<arrival>983</arrival>
					<Quantity>1796.2315704345729</Quantity>
				</IRP_Roadef_Challenge_Operation_>
				<IRP_Roadef_Challenge_Operation_>
					<point>12</point>
					<arrival>1075</arrival>
					<Quantity>9892.358308753961</Quantity>
				</IRP_Roadef_Challenge_Operation_>
				<IRP_Roadef_Challenge_Operation_>
					<point>41</point>
					<arrival>1135</arrival>
					<Quantity>726.33757717133085</Quantity>
				</IRP_Roadef_Challenge_Operation_>
				<IRP_Roadef_Challenge_Operation_>
					<point>1</point>
					<arrival>1455</arrival>
					<Quantity>-21600</Quantity>
				</IRP_Roadef_Challenge_Operation_>
			</operations>
		</IRP_Roadef_Challenge_Shift_>
		<IRP_Roadef_Challenge_Shift_>
			<index>1</index>
			<driver>1</driver>
			<trailer>2</trailer>
			<start>1440</start>
			<operations>
				<IRP_Roadef_Challenge_Operation_>
					<point>49</point>
					<arrival>1732</arrival>
					<Quantity>265.53238809204055</Quantity>
				</IRP_Roadef_Challenge_Operation_>
				<IRP_Roadef_Challenge_Operation_>
					<point>2</point>
					<arrival>1784</arrival>
					<Quantity>3806.9839668274153</Quantity>
				</IRP_Roadef_Challenge_Operation_>
				<IRP_Roadef_Challenge_Operation_>
					<point>16</point>
					<arrival>1883</arrival>
					<Quantity>9291.8627142333789</Quantity>
				</IRP_Roadef_Challenge_Operation_>
				<IRP_Roadef_Challenge_Operation_>
					<point>54</point>
					<arrival>1993</arrival>
					<Quantity>6720.6209308471653</Quantity>
				</IRP_Roadef_Challenge_Operation_>
			</operations>
		</IRP_Roadef_Challenge_Shift_>
		<IRP_Roadef_Challenge_Shift_>
			<index>2</index>
			<driver>2</driver>
			<trailer>1</trailer>
			<start>1563</start>
			<operations>
				<IRP_Roadef_Challenge_Operation_>
					<point>45</point>
					<arrival>1699</arrival>
					<Quantity>3022.1599999999821</Quantity>
				</IRP_Roadef_Challenge_Operation_>
				<IRP_Roadef_Challenge_Operation_>
					<point>29</point>
					<arrival>2058</arrival>
					<Quantity>3126.3705049515102</Quantity>
				</IRP_Roadef_Challenge_Operation_>
				<IRP_Roadef_Challenge_Operation_>
					<point>33</point>
					<arrival>2882</arrival>
					<Quantity>7871.5930791473338</Quantity>
				</IRP_Roadef_Challenge_Operation_>
				<IRP_Roadef_Challenge_Operation_>
					<point>5</point>
					<arrival>3107</arrival>
					<Quantity>8414.597694015496</Quantity>
				</IRP_Roadef_Challenge_Operation_>
				<IRP_Roadef_Challenge_Operation_>
					<point>44</point>
					<arrival>3210</arrival>
					<Quantity>1664.2787218856809</Quantity>
				</IRP_Roadef_Challenge_Operation_>
				<IRP_Roadef_Challenge_Operation_>
					<point>1</point>
					<arrival>3422</arrival>
					<Quantity>-24100</Quantity>
				</IRP_Roadef_Challenge_Operation_>
			</operations>
		</IRP_Roadef_Challenge_Shift_>
		<IRP_Roadef_Challenge_Shift_>
			<index>3</index>
			<driver>4</driver>
			<trailer>3</trailer>
			<start>1801</start>
			<operations>
				<IRP_Roadef_Challenge_Operation_>
					<point>43</point>
					<arrival>2024</arrival>
					<Quantity>974.31797941589332</Quantity>
				</IRP_Roadef_Challenge_Operation_>
				<IRP_Roadef_Challenge_Operation_>
					<point>11</point>
					<arrival>2080</arrival>
					<Quantity>2701.4279945373437</Quantity>
				</IRP_Roadef_Challenge_Operation_>
				<IRP_Roadef_Challenge_Operation_>
					<point>53</point>
					<arrival>2594</arrival>
					<Quantity>1</Quantity>
				</IRP_Roadef_Challenge_Operation_>
				<IRP_Roadef_Challenge_Operation_>
					<point>53</point>
					<arrival>3300</arrival>
					<Quantity>2528.1920636634723</Quantity>
				</IRP_Roadef_Challenge_Operation_>
				<IRP_Roadef_Challenge_Operation_>
					<point>25</point>
					<arrival>3581</arrival>
					<Quantity>2165.0619623832908</Quantity>
				</IRP_Roadef_Challenge_Operation_>
				<IRP_Roadef_Challenge_Operation_>
					<point>1</point>
					<arrival>4127</arrival>
					<Quantity>-8370</Quantity>
				</IRP_Roadef_Challenge_Operation_>
				<IRP_Roadef_Challenge_Operation_>
					<point>36</point>
					<arrival>4266</arrival>
					<Quantity>5655.3383749008208</Quantity>
				</IRP_Roadef_Challenge_Operation_>
				<IRP_Roadef_Challenge_Operation_>
					<point>3</point>
					<arrival>4320</arrival>
					<Quantity>668.26238626099178</Quantity>
				</IRP_Roadef_Challenge_Operation_>
				<IRP_Roadef_Challenge_Operation_>
					<point>1</point>
					<arrival>4432</arrival>
					<Quantity>-6323.6007611618124</Quantity>
				</IRP_Roadef_Challenge_Operation_>
			</operations>
		</IRP_Roadef_Challenge_Shift_>
		<IRP_Roadef_Challenge_Shift_>
			<index>4</index>
			<driver>0</driver>
			<trailer>0</trailer>
			<start>2206</start>
			<operations>
				<IRP_Roadef_Challenge_Operation_>
					<point>42</point>
					<arrival>2550</arrival>
					<Quantity>3488.7140125274582</Quantity>
				</IRP_Roadef_Challenge_Operation_>
				<IRP_Roadef_Challenge_Operation_>
					<point>14</point>
					<arrival>2655</arrival>
					<Quantity>4621.3705708541638</Quantity>
				</IRP_Roadef_Challenge_Operation_>
				<IRP_Roadef_Challenge_Operation_>
					<point>22</point>
					<arrival>2723</arrival>
					<Quantity>1955.3818304824767</Quantity>
				</IRP_Roadef_Challenge_Operation_>
				<IRP_Roadef_Challenge_Operation_>
					<point>34</point>
					<arrival>2964</arrival>
					<Quantity>3996.1499999999432</Quantity>
				</IRP_Roadef_Challenge_Operation_>
				<IRP_Roadef_Challenge_Operation_>
					<point>38</point>
					<arrival>3750</arrival>
					<Quantity>3705.3566979980551</Quantity>
				</IRP_Roadef_Challenge_Operation_>
			</operations>
		</IRP_Roadef_Challenge_Shift_>
		<IRP_Roadef_Challenge_Shift_>
			<index>5</index>
			<driver>1</driver>
			<trailer>2</trailer>
			<start>2957</start>
			<operations>
				<IRP_Roadef_Challenge_Operation_>
					<point>1</point>
					<arrival>2981</arrival>
					<Quantity>-22140</Quantity>
				</IRP_Roadef_Challenge_Operation_>
				<IRP_Roadef_Challenge_Operation_>
					<point>24</point>
					<arrival>3284</arrival>
					<Quantity>2104.1675274658201</Quantity>
				</IRP_Roadef_Challenge_Operation_>
				<IRP_Roadef_Challenge_Operation_>
					<point>52</point>
					<arrival>3397</arrival>
					<Quantity>2117.331918869017</Quantity>
				</IRP_Roadef_Challenge_Operation_>
				<IRP_Roadef_Challenge_Operation_>
					<point>10</point>
					<arrival>4576</arrival>
					<Quantity>2158.0210477066012</Quantity>
				</IRP_Roadef_Challenge_Operation_>
				<IRP_Roadef_Challenge_Operation_>
					<point>17</point>
					<arrival>4993</arrival>
					<Quantity>4059.156981678012</Quantity>
				</IRP_Roadef_Challenge_Operation_>
				<IRP_Roadef_Challenge_Operation_>
					<point>40</point>
					<arrival>5176</arrival>
					<Quantity>732.75133717346318</Quantity>
				</IRP_Roadef_Challenge_Operation_>
				<IRP_Roadef_Challenge_Operation_>
					<point>1</point>
					<arrival>5325</arrival>
					<Quantity>-11171.428812892915</Quantity>
				</IRP_Roadef_Challenge_Operation_>
			</operations>
		</IRP_Roadef_Challenge_Shift_>
		<IRP_Roadef_Challenge_Shift_>
			<index>6</index>
			<driver>2</driver>
			<trailer>1</trailer>
			<start>4173</start>
			<operations>
				<IRP_Roadef_Challenge_Operation_>
					<point>15</point>
					<arrival>4980</arrival>
					<Quantity>1947.7936201477005</Quantity>
				</IRP_Roadef_Challenge_Operation_>
				<IRP_Roadef_Challenge_Operation_>
					<point>28</point>
					<arrival>5262</arrival>
					<Quantity>6290.9190822601277</Quantity>
				</IRP_Roadef_Challenge_Operation_>
				<IRP_Roadef_Challenge_Operation_>
					<point>9</point>
					<arrival>5348</arrival>
					<Quantity>2379.7334854888904</Quantity>
				</IRP_Roadef_Challenge_Operation_>
				<IRP_Roadef_Challenge_Operation_>
					<point>19</point>
					<arrival>5538</arrival>
					<Quantity>984.20058958435072</Quantity>
				</IRP_Roadef_Challenge_Operation_>
			</operations>
		</IRP_Roadef_Challenge_Shift_>
		<IRP_Roadef_Challenge_Shift_>
			<index>7</index>
			<driver>4</driver>
			<trailer>3</trailer>
			<start>5809</start>
			<operations>
				<IRP_Roadef_Challenge_Operation_>
					<point>4</point>
					<arrival>6820</arrival>
					<Quantity>3821.3284280776998</Quantity>
				</IRP_Roadef_Challenge_Operation_>
				<IRP_Roadef_Challenge_Operation_>
					<point>30</point>
					<arrival>6951</arrival>
					<Quantity>975.30596648407004</Quantity>
				</IRP_Roadef_Challenge_Operation_>
				<IRP_Roadef_Challenge_Operation_>
					<point>7</point>
					<arrival>7152</arrival>
					<Quantity>3573.3656054382309</Quantity>
				</IRP_Roadef_Challenge_Operation_>
			</operations>
		</IRP_Roadef_Challenge_Shift_>
		<IRP_Roadef_Challenge_Shift_>
			<index>8</index>
			<driver>2</driver>
			<trailer>1</trailer>
			<start>6466</start>
			<operations>
				<IRP_Roadef_Challenge_Operation_>
					<point>48</point>
					<arrival>6824</arrival>
					<Quantity>8064.0000000000873</Quantity>
				</IRP_Roadef_Challenge_Operation_>
				<IRP_Roadef_Challenge_Operation_>
					<point>27</point>
					<arrival>7109</arrival>
					<Quantity>3713.7670042037994</Quantity>
				</IRP_Roadef_Challenge_Operation_>
				<IRP_Roadef_Challenge_Operation_>
					<point>1</point>
					<arrival>8410</arrival>
					<Quantity>-23380.413781684962</Quantity>
				</IRP_Roadef_Challenge_Operation_>
				<IRP_Roadef_Challenge_Operation_>
					<point>6</point>
					<arrival>8607</arrival>
					<Quantity>24100</Quantity>
				</IRP_Roadef_Challenge_Operation_>
			</operations>
		</IRP_Roadef_Challenge_Shift_>
		<IRP_Roadef_Challenge_Shift_>
			<index>9</index>
			<driver>3</driver>
			<trailer>4</trailer>
			<start>6528</start>
			<operations>
				<IRP_Roadef_Challenge_Operation_>
					<point>1</point>
					<arrival>6552</arrival>
					<Quantity>-10419</Quantity>
				</IRP_Roadef_Challenge_Operation_>
				<IRP_Roadef_Challenge_Operation_>
					<point>51</point>
					<arrival>6760</arrival>
					<Quantity>3775.4621515273989</Quantity>
				</IRP_Roadef_Challenge_Operation_>
				<IRP_Roadef_Challenge_Operation_>
					<point>26</point>
					<arrival>7086</arrival>
					<Quantity>1027.073417877197</Quantity>
				</IRP_Roadef_Challenge_Operation_>
				<IRP_Roadef_Challenge_Operation_>
					<point>18</point>
					<arrival>7886</arrival>
					<Quantity>2494.0647891235417</Quantity>
				</IRP_Roadef_Challenge_Operation_>
				<IRP_Roadef_Challenge_Operation_>
					<point>11</point>
					<arrival>8174</arrival>
					<Quantity>3874.6000000000004</Quantity>
				</IRP_Roadef_Challenge_Operation_>
				<IRP_Roadef_Challenge_Operation_>
					<point>1</point>
					<arrival>8453</arrival>
					<Quantity>-11171.200358528135</Quantity>
				</IRP_Roadef_Challenge_Operation_>
			</operations>
		</IRP_Roadef_Challenge_Shift_>
		<IRP_Roadef_Challenge_Shift_>
			<index>10</index>
			<driver>4</driver>
			<trailer>3</trailer>
			<start>8145</start>
			<operations>
				<IRP_Roadef_Challenge_Operation_>
					<point>1</point>
					<arrival>8169</arrival>
					<Quantity>-8370</Quantity>
				</IRP_Roadef_Challenge_Operation_>
				<IRP_Roadef_Challenge_Operation_>
					<point>21</point>
					<arrival>8389</arrival>
					<Quantity>6406.3455017089864</Quantity>
				</IRP_Roadef_Challenge_Operation_>
				<IRP_Roadef_Challenge_Operation_>
					<point>50</point>
					<arrival>8448</arrival>
					<Quantity>1963.6544982910132</Quantity>
				</IRP_Roadef_Challenge_Operation_>
			</operations>
		</IRP_Roadef_Challenge_Shift_>
		<IRP_Roadef_Challenge_Shift_>
			<index>11</index>
			<driver>2</driver>
			<trailer>1</trailer>
			<start>9437</start>
			<operations>
				<IRP_Roadef_Challenge_Operation_>
					<point>1</point>
					<arrival>9461</arrival>
					<Quantity>-24100</Quantity>
				</IRP_Roadef_Challenge_Operation_>
			</operations>
		</IRP_Roadef_Challenge_Shift_>
		<IRP_Roadef_Challenge_Shift_>
			<index>12</index>
			<driver>2</driver>
			<trailer>1</trailer>
			<start>12336</start>
			<operations>
				<IRP_Roadef_Challenge_Operation_>
					<point>5</point>
					<arrival>12523</arrival>
					<Quantity>1723.1866924476999</Quantity>
				</IRP_Roadef_Challenge_Operation_>
				<IRP_Roadef_Challenge_Operation_>
					<point>47</point>
					<arrival>12652</arrival>
					<Quantity>7287.3281393432353</Quantity>
				</IRP_Roadef_Challenge_Operation_>
				<IRP_Roadef_Challenge_Operation_>
					<point>31</point>
					<arrival>13365</arrival>
					<Quantity>8697.1604011535619</Quantity>
				</IRP_Roadef_Challenge_Operation_>
				<IRP_Roadef_Challenge_Operation_>
					<point>35</point>
					<arrival>13453</arrival>
					<Quantity>1699.9247670555092</Quantity>
				</IRP_Roadef_Challenge_Operation_>
				<IRP_Roadef_Challenge_Operation_>
					<point>28</point>
					<arrival>13645</arrival>
					<Quantity>4692.3999999999951</Quantity>
				</IRP_Roadef_Challenge_Operation_>
			</operations>
		</IRP_Roadef_Challenge_Shift_>
		<IRP_Roadef_Challenge_Shift_>
			<index>13</index>
			<driver>0</driver>
			<trailer>0</trailer>
			<start>12834</start>
			<operations>
				<IRP_Roadef_Challenge_Operation_>
					<point>32</point>
					<arrival>13066</arrival>
					<Quantity>1768.226888137895</Quantity>
				</IRP_Roadef_Challenge_Operation_>
				<IRP_Roadef_Challenge_Operation_>
					<point>41</point>
					<arrival>13206</arrival>
					<Quantity>2064.7999999999993</Quantity>
				</IRP_Roadef_Challenge_Operation_>
				<IRP_Roadef_Challenge_Operation_>
					<point>1</point>
					<arrival>13526</arrival>
					<Quantity>-21600</Quantity>
				</IRP_Roadef_Challenge_Operation_>
			</operations>
		</IRP_Roadef_Challenge_Shift_>
		<IRP_Roadef_Challenge_Shift_>
			<index>14</index>
			<driver>3</driver>
			<trailer>4</trailer>
			<start>13424</start>
			<operations>
				<IRP_Roadef_Challenge_Operation_>
					<point>13</point>
					<arrival>13526</arrival>
					<Quantity>995.79303309631382</Quantity>
				</IRP_Roadef_Challenge_Operation_>
				<IRP_Roadef_Challenge_Operation_>
					<point>29</point>
					<arrival>13872</arrival>
					<Quantity>4124.3695308395236</Quantity>
				</IRP_Roadef_Challenge_Operation_>
				<IRP_Roadef_Challenge_Operation_>
					<point>8</point>
					<arrival>13982</arrival>
					<Quantity>7012.5285130142329</Quantity>
				</IRP_Roadef_Challenge_Operation_>
				<IRP_Roadef_Challenge_Operation_>
					<point>23</point>
					<arrival>14810</arrival>
					<Quantity>962.30892304992642</Quantity>
				</IRP_Roadef_Challenge_Operation_>
			</operations>
		</IRP_Roadef_Challenge_Shift_>
		<IRP_Roadef_Challenge_Shift_>
			<index>15</index>
			<driver>0</driver>
			<trailer>0</trailer>
			<start>14277</start>
			<operations>
				<IRP_Roadef_Challenge_Operation_>
					<point>42</point>
					<arrival>14621</arrival>
					<Quantity>8416.3999999999996</Quantity>
				</IRP_Roadef_Challenge_Operation_>
				<IRP_Roadef_Challenge_Operation_>
					<point>34</point>
					<arrival>14889</arrival>
					<Quantity>6825.9399999999878</Quantity>
				</IRP_Roadef_Challenge_Operation_>
				<IRP_Roadef_Challenge_Operation_>
					<point>14</point>
					<arrival>15770</arrival>
					<Quantity>1930.2119517288702</Quantity>
				</IRP_Roadef_Challenge_Operation_>
				<IRP_Roadef_Challenge_Operation_>
					<point>25</point>
					<arrival>15976</arrival>
					<Quantity>1106.7480482711489</Quantity>
				</IRP_Roadef_Challenge_Operation_>
				<IRP_Roadef_Challenge_Operation_>
					<point>51</point>
					<arrival>16214</arrival>
					<Quantity>3320.6999999999966</Quantity>
				</IRP_Roadef_Challenge_Operation_>
			</operations>
		</IRP_Roadef_Challenge_Shift_>
		<IRP_Roadef_Challenge_Shift_>
			<index>16</index>
			<driver>2</driver>
			<trailer>1</trailer>
			<start>14730</start>
			<operations>
				<IRP_Roadef_Challenge_Operation_>
					<point>1</point>
					<arrival>14754</arrival>
					<Quantity>-24100</Quantity>
				</IRP_Roadef_Challenge_Operation_>
				<IRP_Roadef_Challenge_Operation_>
					<point>45</point>
					<arrival>14977</arrival>
					<Quantity>6642</Quantity>
				</IRP_Roadef_Challenge_Operation_>
			</operations>
		</IRP_Roadef_Challenge_Shift_>
		<IRP_Roadef_Challenge_Shift_>
			<index>17</index>
			<driver>3</driver>
			<trailer>4</trailer>
			<start>16070</start>
			<operations>
				<IRP_Roadef_Challenge_Operation_>
					<point>1</point>
					<arrival>16094</arrival>
					<Quantity>-13095</Quantity>
				</IRP_Roadef_Challenge_Operation_>
				<IRP_Roadef_Challenge_Operation_>
					<point>46</point>
					<arrival>16297</arrival>
					<Quantity>7583.5400000000118</Quantity>
				</IRP_Roadef_Challenge_Operation_>
				<IRP_Roadef_Challenge_Operation_>
					<point>20</point>
					<arrival>16369</arrival>
					<Quantity>934.35999999999581</Quantity>
				</IRP_Roadef_Challenge_Operation_>
				<IRP_Roadef_Challenge_Operation_>
					<point>11</point>
					<arrival>16586</arrival>
					<Quantity>3736.8999999999905</Quantity>
				</IRP_Roadef_Challenge_Operation_>
			</operations>
		</IRP_Roadef_Challenge_Shift_>
		<IRP_Roadef_Challenge_Shift_>
			<index>18</index>
			<driver>1</driver>
			<trailer>2</trailer>
			<start>16824</start>
			<operations>
				<IRP_Roadef_Challenge_Operation_>
					<point>12</point>
					<arrival>17096</arrival>
					<Quantity>11763.360743637097</Quantity>
				</IRP_Roadef_Challenge_Operation_>
				<IRP_Roadef_Challenge_Operation_>
					<point>54</point>
					<arrival>17219</arrival>
					<Quantity>10376.639256362914</Quantity>
				</IRP_Roadef_Challenge_Operation_>
			</operations>
		</IRP_Roadef_Challenge_Shift_>
		<IRP_Roadef_Challenge_Shift_>
			<index>19</index>
			<driver>0</driver>
			<trailer>0</trailer>
			<start>17079</start>
			<operations>
				<IRP_Roadef_Challenge_Operation_>
					<point>1</point>
					<arrival>17103</arrival>
					<Quantity>-21600</Quantity>
				</IRP_Roadef_Challenge_Operation_>
			</operations>
		</IRP_Roadef_Challenge_Shift_>
		<IRP_Roadef_Challenge_Shift_>
			<index>20</index>
			<driver>1</driver>
			<trailer>2</trailer>
			<start>18134</start>
			<operations>
				<IRP_Roadef_Challenge_Operation_>
					<point>1</point>
					<arrival>18158</arrival>
					<Quantity>-22140</Quantity>
				</IRP_Roadef_Challenge_Operation_>
				<IRP_Roadef_Challenge_Operation_>
					<point>17</point>
					<arrival>18464</arrival>
					<Quantity>6427.0800000000036</Quantity>
				</IRP_Roadef_Challenge_Operation_>
			</operations>
		</IRP_Roadef_Challenge_Shift_>
		<IRP_Roadef_Challenge_Shift_>
			<index>21</index>
			<driver>4</driver>
			<trailer>3</trailer>
			<start>18605</start>
			<operations>
				<IRP_Roadef_Challenge_Operation_>
					<point>1</point>
					<arrival>18629</arrival>
					<Quantity>-8370</Quantity>
				</IRP_Roadef_Challenge_Operation_>
			</operations>
		</IRP_Roadef_Challenge_Shift_>
		<IRP_Roadef_Challenge_Shift_>
			<index>22</index>
			<driver>4</driver>
			<trailer>3</trailer>
			<start>21600</start>
			<operations>
				<IRP_Roadef_Challenge_Operation_>
					<point>34</point>
					<arrival>22792</arrival>
					<Quantity>4026.7599999999566</Quantity>
				</IRP_Roadef_Challenge_Operation_>
				<IRP_Roadef_Challenge_Operation_>
					<point>4</point>
					<arrival>23032</arrival>
					<Quantity>1322.8400000000597</Quantity>
				</IRP_Roadef_Challenge_Operation_>
				<IRP_Roadef_Challenge_Operation_>
					<point>31</point>
					<arrival>23187</arrival>
					<Quantity>3020.3999999999833</Quantity>
				</IRP_Roadef_Challenge_Operation_>
				<IRP_Roadef_Challenge_Operation_>
					<point>1</point>
					<arrival>23511</arrival>
					<Quantity>-8370</Quantity>
				</IRP_Roadef_Challenge_Operation_>
			</operations>
		</IRP_Roadef_Challenge_Shift_>
		<IRP_Roadef_Challenge_Shift_>
			<index>23</index>
			<driver>1</driver>
			<trailer>2</trailer>
			<start>21600</start>
			<operations>
				<IRP_Roadef_Challenge_Operation_>
					<point>16</point>
					<arrival>21865</arrival>
					<Quantity>14892.140000000005</Quantity>
				</IRP_Roadef_Challenge_Operation_>
				<IRP_Roadef_Challenge_Operation_>
					<point>49</point>
					<arrival>21975</arrival>
					<Quantity>820.7800000000002</Quantity>
				</IRP_Roadef_Challenge_Operation_>
				<IRP_Roadef_Challenge_Operation_>
					<point>1</point>
					<arrival>22317</arrival>
					<Quantity>-22140</Quantity>
				</IRP_Roadef_Challenge_Operation_>
				<IRP_Roadef_Challenge_Operation_>
					<point>14</point>
					<arrival>23550</arrival>
					<Quantity>17715.200000000001</Quantity>
				</IRP_Roadef_Challenge_Operation_>
				<IRP_Roadef_Challenge_Operation_>
					<point>22</point>
					<arrival>23618</arrival>
					<Quantity>4401.1200000000008</Quantity>
				</IRP_Roadef_Challenge_Operation_>
				<IRP_Roadef_Challenge_Operation_>
					<point>1</point>
					<arrival>24059</arrival>
					<Quantity>-22116.320000000011</Quantity>
				</IRP_Roadef_Challenge_Operation_>
			</operations>
		</IRP_Roadef_Challenge_Shift_>
		<IRP_Roadef_Challenge_Shift_>
			<index>24</index>
			<driver>3</driver>
			<trailer>4</trailer>
			<start>21986</start>
			<operations>
				<IRP_Roadef_Challenge_Operation_>
					<point>3</point>
					<arrival>22034</arrival>
					<Quantity>749.15000000000089</Quantity>
				</IRP_Roadef_Challenge_Operation_>
				<IRP_Roadef_Challenge_Operation_>
					<point>36</point>
					<arrival>22090</arrival>
					<Quantity>91.050000000002001</Quantity>
				</IRP_Roadef_Challenge_Operation_>
				<IRP_Roadef_Challenge_Operation_>
					<point>1</point>
					<arrival>22204</arrival>
					<Quantity>-13095</Quantity>
				</IRP_Roadef_Challenge_Operation_>
			</operations>
		</IRP_Roadef_Challenge_Shift_>
		<IRP_Roadef_Challenge_Shift_>
			<index>25</index>
			<driver>0</driver>
			<trailer>0</trailer>
			<start>22749</start>
			<operations>
				<IRP_Roadef_Challenge_Operation_>
					<point>6</point>
					<arrival>22858</arrival>
					<Quantity>21600</Quantity>
				</IRP_Roadef_Challenge_Operation_>
				<IRP_Roadef_Challenge_Operation_>
					<point>1</point>
					<arrival>23046</arrival>
					<Quantity>-21600</Quantity>
				</IRP_Roadef_Challenge_Operation_>
			</operations>
		</IRP_Roadef_Challenge_Shift_>
		<IRP_Roadef_Challenge_Shift_>
			<index>26</index>
			<driver>0</driver>
			<trailer>0</trailer>
			<start>25132</start>
			<operations>
				<IRP_Roadef_Challenge_Operation_>
					<point>39</point>
					<arrival>25346</arrival>
					<Quantity>13932.949999999999</Quantity>
				</IRP_Roadef_Challenge_Operation_>
				<IRP_Roadef_Challenge_Operation_>
					<point>37</point>
					<arrival>25512</arrival>
					<Quantity>4452.1999999999998</Quantity>
				</IRP_Roadef_Challenge_Operation_>
				<IRP_Roadef_Challenge_Operation_>
					<point>41</point>
					<arrival>25602</arrival>
					<Quantity>2354.1999999999998</Quantity>
				</IRP_Roadef_Challenge_Operation_>
				<IRP_Roadef_Challenge_Operation_>
					<point>1</point>
					<arrival>25922</arrival>
					<Quantity>-20739.349999999991</Quantity>
				</IRP_Roadef_Challenge_Operation_>
			</operations>
		</IRP_Roadef_Challenge_Shift_>
		<IRP_Roadef_Challenge_Shift_>
			<index>27</index>
			<driver>3</driver>
			<trailer>4</trailer>
			<start>26306</start>
			<operations>
				<IRP_Roadef_Challenge_Operation_>
					<point>3</point>
					<arrival>26354</arrival>
					<Quantity>1</Quantity>
				</IRP_Roadef_Challenge_Operation_>
				<IRP_Roadef_Challenge_Operation_>
					<point>11</point>
					<arrival>26596</arrival>
					<Quantity>3208.7083909420799</Quantity>
				</IRP_Roadef_Challenge_Operation_>
				<IRP_Roadef_Challenge_Operation_>
					<point>28</point>
					<arrival>27607</arrival>
					<Quantity>8376.4999999999818</Quantity>
				</IRP_Roadef_Challenge_Operation_>
				<IRP_Roadef_Challenge_Operation_>
					<point>9</point>
					<arrival>27693</arrival>
					<Quantity>677.09999999999718</Quantity>
				</IRP_Roadef_Challenge_Operation_>
				<IRP_Roadef_Challenge_Operation_>
					<point>26</point>
					<arrival>27742</arrival>
					<Quantity>831.69160905794342</Quantity>
				</IRP_Roadef_Challenge_Operation_>
			</operations>
		</IRP_Roadef_Challenge_Shift_>
		<IRP_Roadef_Challenge_Shift_>
			<index>28</index>
			<driver>0</driver>
			<trailer>0</trailer>
			<start>26673</start>
			<operations>
				<IRP_Roadef_Challenge_Operation_>
					<point>44</point>
					<arrival>26822</arrival>
					<Quantity>2791.25</Quantity>
				</IRP_Roadef_Challenge_Operation_>
				<IRP_Roadef_Challenge_Operation_>
					<point>35</point>
					<arrival>27029</arrival>
					<Quantity>6966.8450000000012</Quantity>
				</IRP_Roadef_Challenge_Operation_>
				<IRP_Roadef_Challenge_Operation_>
					<point>33</point>
					<arrival>27119</arrival>
					<Quantity>9298</Quantity>
				</IRP_Roadef_Challenge_Operation_>
				<IRP_Roadef_Challenge_Operation_>
					<point>1</point>
					<arrival>27539</arrival>
					<Quantity>-19056.094999999994</Quantity>
				</IRP_Roadef_Challenge_Operation_>
			</operations>
		</IRP_Roadef_Challenge_Shift_>
		<IRP_Roadef_Challenge_Shift_>
			<index>29</index>
			<driver>2</driver>
			<trailer>1</trailer>
			<start>27051</start>
			<operations>
				<IRP_Roadef_Challenge_Operation_>
					<point>1</point>
					<arrival>27075</arrival>
					<Quantity>-6641.9999999999927</Quantity>
				</IRP_Roadef_Challenge_Operation_>
				<IRP_Roadef_Challenge_Operation_>
					<point>45</point>
					<arrival>27298</arrival>
					<Quantity>1963.2866924476239</Quantity>
				</IRP_Roadef_Challenge_Operation_>
				<IRP_Roadef_Challenge_Operation_>
					<point>42</point>
					<arrival>27698</arrival>
					<Quantity>7801.1000000000422</Quantity>
				</IRP_Roadef_Challenge_Operation_>
				<IRP_Roadef_Challenge_Operation_>
					<point>48</point>
					<arrival>28454</arrival>
					<Quantity>6610.4000000000269</Quantity>
				</IRP_Roadef_Challenge_Operation_>
				<IRP_Roadef_Challenge_Operation_>
					<point>5</point>
					<arrival>28683</arrival>
					<Quantity>7725.213307552307</Quantity>
				</IRP_Roadef_Challenge_Operation_>
				<IRP_Roadef_Challenge_Operation_>
					<point>1</point>
					<arrival>28935</arrival>
					<Quantity>-24100</Quantity>
				</IRP_Roadef_Challenge_Operation_>
			</operations>
		</IRP_Roadef_Challenge_Shift_>
		<IRP_Roadef_Challenge_Shift_>
			<index>30</index>
			<driver>0</driver>
			<trailer>0</trailer>
			<start>28290</start>
			<operations>
				<IRP_Roadef_Challenge_Operation_>
					<point>52</point>
					<arrival>28479</arrival>
					<Quantity>1464.7499999999873</Quantity>
				</IRP_Roadef_Challenge_Operation_>
				<IRP_Roadef_Challenge_Operation_>
					<point>29</point>
					<arrival>28754</arrival>
					<Quantity>3936.3600000000079</Quantity>
				</IRP_Roadef_Challenge_Operation_>
				<IRP_Roadef_Challenge_Operation_>
					<point>8</point>
					<arrival>29524</arrival>
					<Quantity>8478.1710051895043</Quantity>
				</IRP_Roadef_Challenge_Operation_>
				<IRP_Roadef_Challenge_Operation_>
					<point>24</point>
					<arrival>29843</arrival>
					<Quantity>2646.2999999999975</Quantity>
				</IRP_Roadef_Challenge_Operation_>
				<IRP_Roadef_Challenge_Operation_>
					<point>36</point>
					<arrival>30051</arrival>
					<Quantity>5074.418994810505</Quantity>
				</IRP_Roadef_Challenge_Operation_>
				<IRP_Roadef_Challenge_Operation_>
					<point>1</point>
					<arrival>30165</arrival>
					<Quantity>-21600</Quantity>
				</IRP_Roadef_Challenge_Operation_>
			</operations>
		</IRP_Roadef_Challenge_Shift_>
		<IRP_Roadef_Challenge_Shift_>
			<index>31</index>
			<driver>2</driver>
			<trailer>1</trailer>
			<start>30517</start>
			<operations>
				<IRP_Roadef_Challenge_Operation_>
					<point>38</point>
					<arrival>31680</arrival>
					<Quantity>4309.6900000000096</Quantity>
				</IRP_Roadef_Challenge_Operation_>
				<IRP_Roadef_Challenge_Operation_>
					<point>42</point>
					<arrival>31881</arrival>
					<Quantity>4502.099999999964</Quantity>
				</IRP_Roadef_Challenge_Operation_>
				<IRP_Roadef_Challenge_Operation_>
					<point>31</point>
					<arrival>32066</arrival>
					<Quantity>8873.2999999999975</Quantity>
				</IRP_Roadef_Challenge_Operation_>
				<IRP_Roadef_Challenge_Operation_>
					<point>17</point>
					<arrival>32192</arrival>
					<Quantity>6414.9100000000144</Quantity>
				</IRP_Roadef_Challenge_Operation_>
			</operations>
		</IRP_Roadef_Challenge_Shift_>
		<IRP_Roadef_Challenge_Shift_>
			<index>32</index>
			<driver>1</driver>
			<trailer>2</trailer>
			<start>31680</start>
			<operations>
				<IRP_Roadef_Challenge_Operation_>
					<point>51</point>
					<arrival>31800</arrival>
					<Quantity>5181.1185226821681</Quantity>
				</IRP_Roadef_Challenge_Operation_>
				<IRP_Roadef_Challenge_Operation_>
					<point>47</point>
					<arrival>32013</arrival>
					<Quantity>9444.9200000000001</Quantity>
				</IRP_Roadef_Challenge_Operation_>
				<IRP_Roadef_Challenge_Operation_>
					<point>25</point>
					<arrival>32103</arrival>
					<Quantity>2569.6417833213873</Quantity>
				</IRP_Roadef_Challenge_Operation_>
				<IRP_Roadef_Challenge_Operation_>
					<point>7</point>
					<arrival>32161</arrival>
					<Quantity>4185.7196939964278</Quantity>
				</IRP_Roadef_Challenge_Operation_>
				<IRP_Roadef_Challenge_Operation_>
					<point>40</point>
					<arrival>32429</arrival>
					<Quantity>758.60000000000025</Quantity>
				</IRP_Roadef_Challenge_Operation_>
			</operations>
		</IRP_Roadef_Challenge_Shift_>
		<IRP_Roadef_Challenge_Shift_>
			<index>33</index>
			<driver>0</driver>
			<trailer>0</trailer>
			<start>31793</start>
			<operations>
				<IRP_Roadef_Challenge_Operation_>
					<point>6</point>
					<arrival>31902</arrival>
					<Quantity>14396.635083389658</Quantity>
				</IRP_Roadef_Challenge_Operation_>
				<IRP_Roadef_Challenge_Operation_>
					<point>45</point>
					<arrival>31999</arrival>
					<Quantity>5924.3733075523796</Quantity>
				</IRP_Roadef_Challenge_Operation_>
				<IRP_Roadef_Challenge_Operation_>
					<point>11</point>
					<arrival>32160</arrival>
					<Quantity>1278.9916090579645</Quantity>
				</IRP_Roadef_Challenge_Operation_>
			</operations>
		</IRP_Roadef_Challenge_Shift_>
		<IRP_Roadef_Challenge_Shift_>
			<index>34</index>
			<driver>2</driver>
			<trailer>1</trailer>
			<start>33107</start>
			<operations>
				<IRP_Roadef_Challenge_Operation_>
					<point>1</point>
					<arrival>33131</arrival>
					<Quantity>-24100</Quantity>
				</IRP_Roadef_Challenge_Operation_>
				<IRP_Roadef_Challenge_Operation_>
					<point>2</point>
					<arrival>33494</arrival>
					<Quantity>3737.6900000000169</Quantity>
				</IRP_Roadef_Challenge_Operation_>
				<IRP_Roadef_Challenge_Operation_>
					<point>12</point>
					<arrival>33602</arrival>
					<Quantity>8353.1999999999807</Quantity>
				</IRP_Roadef_Challenge_Operation_>
				<IRP_Roadef_Challenge_Operation_>
					<point>16</point>
					<arrival>33670</arrival>
					<Quantity>8074.8099999999813</Quantity>
				</IRP_Roadef_Challenge_Operation_>
				<IRP_Roadef_Challenge_Operation_>
					<point>21</point>
					<arrival>33857</arrival>
					<Quantity>3934.3000000000075</Quantity>
				</IRP_Roadef_Challenge_Operation_>
				<IRP_Roadef_Challenge_Operation_>
					<point>1</point>
					<arrival>34055</arrival>
					<Quantity>-24100</Quantity>
				</IRP_Roadef_Challenge_Operation_>
			</operations>
		</IRP_Roadef_Challenge_Shift_>
		<IRP_Roadef_Challenge_Shift_>
			<index>35</index>
			<driver>0</driver>
			<trailer>0</trailer>
			<start>35762</start>
			<operations>
				<IRP_Roadef_Challenge_Operation_>
					<point>1</point>
					<arrival>35786</arrival>
					<Quantity>-21600</Quantity>
				</IRP_Roadef_Challenge_Operation_>
			</operations>
		</IRP_Roadef_Challenge_Shift_>
		<IRP_Roadef_Challenge_Shift_>
			<index>36</index>
			<driver>0</driver>
			<trailer>0</trailer>
			<start>36536</start>
			<operations>
				<IRP_Roadef_Challenge_Operation_>
					<point>34</point>
					<arrival>37728</arrival>
					<Quantity>8904.0700000000015</Quantity>
				</IRP_Roadef_Challenge_Operation_>
				<IRP_Roadef_Challenge_Operation_>
					<point>22</point>
					<arrival>37959</arrival>
					<Quantity>1639.1099999999969</Quantity>
				</IRP_Roadef_Challenge_Operation_>
				<IRP_Roadef_Challenge_Operation_>
					<point>14</point>
					<arrival>38037</arrival>
					<Quantity>9818.4000000000051</Quantity>
				</IRP_Roadef_Challenge_Operation_>
				<IRP_Roadef_Challenge_Operation_>
					<point>17</point>
					<arrival>38275</arrival>
					<Quantity>1238.4200000000055</Quantity>
				</IRP_Roadef_Challenge_Operation_>
			</operations>
		</IRP_Roadef_Challenge_Shift_>
		<IRP_Roadef_Challenge_Shift_>
			<index>37</index>
			<driver>4</driver>
			<trailer>3</trailer>
			<start>36749</start>
			<operations>
				<IRP_Roadef_Challenge_Operation_>
					<point>11</point>
					<arrival>36974</arrival>
					<Quantity>3962.7000000000007</Quantity>
				</IRP_Roadef_Challenge_Operation_>
				<IRP_Roadef_Challenge_Operation_>
					<point>43</point>
					<arrival>37033</arrival>
					<Quantity>1056.6600000000003</Quantity>
				</IRP_Roadef_Challenge_Operation_>
				<IRP_Roadef_Challenge_Operation_>
					<point>15</point>
					<arrival>37280</arrival>
					<Quantity>2352.1199999999935</Quantity>
				</IRP_Roadef_Challenge_Operation_>
				<IRP_Roadef_Challenge_Operation_>
					<point>3</point>
					<arrival>37440</arrival>
					<Quantity>998.5200000000001</Quantity>
				</IRP_Roadef_Challenge_Operation_>
			</operations>
		</IRP_Roadef_Challenge_Shift_>
		<IRP_Roadef_Challenge_Shift_>
			<index>38</index>
			<driver>3</driver>
			<trailer>4</trailer>
			<start>38047</start>
			<operations>
				<IRP_Roadef_Challenge_Operation_>
					<point>1</point>
					<arrival>38071</arrival>
					<Quantity>-13095</Quantity>
				</IRP_Roadef_Challenge_Operation_>
				<IRP_Roadef_Challenge_Operation_>
					<point>41</point>
					<arrival>38417</arrival>
					<Quantity>1830.7136445083179</Quantity>
				</IRP_Roadef_Challenge_Operation_>
				<IRP_Roadef_Challenge_Operation_>
					<point>54</point>
					<arrival>38526</arrival>
					<Quantity>11264.286355491675</Quantity>
				</IRP_Roadef_Challenge_Operation_>
				<IRP_Roadef_Challenge_Operation_>
					<point>1</point>
					<arrival>38789</arrival>
					<Quantity>-13095</Quantity>
				</IRP_Roadef_Challenge_Operation_>
			</operations>
		</IRP_Roadef_Challenge_Shift_>
		<IRP_Roadef_Challenge_Shift_>
			<index>39</index>
			<driver>2</driver>
			<trailer>1</trailer>
			<start>39443</start>
			<operations>
				<IRP_Roadef_Challenge_Operation_>
					<point>10</point>
					<arrival>39993</arrival>
					<Quantity>2636.8100000000013</Quantity>
				</IRP_Roadef_Challenge_Operation_>
				<IRP_Roadef_Challenge_Operation_>
					<point>28</point>
					<arrival>41121</arrival>
					<Quantity>5101.3000000000175</Quantity>
				</IRP_Roadef_Challenge_Operation_>
				<IRP_Roadef_Challenge_Operation_>
					<point>45</point>
					<arrival>41471</arrival>
					<Quantity>3908.3000000000684</Quantity>
				</IRP_Roadef_Challenge_Operation_>
				<IRP_Roadef_Challenge_Operation_>
					<point>6</point>
					<arrival>41560</arrival>
					<Quantity>12453.589999999911</Quantity>
				</IRP_Roadef_Challenge_Operation_>
			</operations>
		</IRP_Roadef_Challenge_Shift_>
		<IRP_Roadef_Challenge_Shift_>
			<index>40</index>
			<driver>1</driver>
			<trailer>2</trailer>
			<start>41760</start>
			<operations>
				<IRP_Roadef_Challenge_Operation_>
					<point>1</point>
					<arrival>41784</arrival>
					<Quantity>-22140</Quantity>
				</IRP_Roadef_Challenge_Operation_>
			</operations>
		</IRP_Roadef_Challenge_Shift_>
		<IRP_Roadef_Challenge_Shift_>
			<index>41</index>
			<driver>3</driver>
			<trailer>4</trailer>
			<start>41760</start>
			<operations>
				<IRP_Roadef_Challenge_Operation_>
					<point>11</point>
					<arrival>42240</arrival>
					<Quantity>2543.0999999999858</Quantity>
				</IRP_Roadef_Challenge_Operation_>
				<IRP_Roadef_Challenge_Operation_>
					<point>8</point>
					<arrival>42671</arrival>
					<Quantity>6416.3999999999851</Quantity>
				</IRP_Roadef_Challenge_Operation_>
				<IRP_Roadef_Challenge_Operation_>
					<point>51</point>
					<arrival>43746</arrival>
					<Quantity>2319.5614773178468</Quantity>
				</IRP_Roadef_Challenge_Operation_>
				<IRP_Roadef_Challenge_Operation_>
					<point>50</point>
					<arrival>44041</arrival>
					<Quantity>1815.9385226821987</Quantity>
				</IRP_Roadef_Challenge_Operation_>
				<IRP_Roadef_Challenge_Operation_>
					<point>1</point>
					<arrival>44241</arrival>
					<Quantity>-13095</Quantity>
				</IRP_Roadef_Challenge_Operation_>
			</operations>
		</IRP_Roadef_Challenge_Shift_>
		<IRP_Roadef_Challenge_Shift_>
			<index>42</index>
			<driver>4</driver>
			<trailer>3</trailer>
			<start>41760</start>
			<operations>
				<IRP_Roadef_Challenge_Operation_>
					<point>1</point>
					<arrival>41784</arrival>
					<Quantity>-8370</Quantity>
				</IRP_Roadef_Challenge_Operation_>
			</operations>
		</IRP_Roadef_Challenge_Shift_>
		<IRP_Roadef_Challenge_Shift_>
			<index>43</index>
			<driver>2</driver>
			<trailer>1</trailer>
			<start>43582</start>
			<operations>
				<IRP_Roadef_Challenge_Operation_>
					<point>1</point>
					<arrival>43606</arrival>
					<Quantity>-24100</Quantity>
				</IRP_Roadef_Challenge_Operation_>
				<IRP_Roadef_Challenge_Operation_>
					<point>46</point>
					<arrival>43809</arrival>
					<Quantity>8442.3900000000122</Quantity>
				</IRP_Roadef_Challenge_Operation_>
				<IRP_Roadef_Challenge_Operation_>
					<point>39</point>
					<arrival>43974</arrival>
					<Quantity>5839.600000000004</Quantity>
				</IRP_Roadef_Challenge_Operation_>
				<IRP_Roadef_Challenge_Operation_>
					<point>2</point>
					<arrival>44120</arrival>
					<Quantity>7657.5099999999948</Quantity>
				</IRP_Roadef_Challenge_Operation_>
				<IRP_Roadef_Challenge_Operation_>
					<point>37</point>
					<arrival>44193</arrival>
					<Quantity>2160.4999999999973</Quantity>
				</IRP_Roadef_Challenge_Operation_>
				<IRP_Roadef_Challenge_Operation_>
					<point>1</point>
					<arrival>44524</arrival>
					<Quantity>-24100</Quantity>
				</IRP_Roadef_Challenge_Operation_>
			</operations>
		</IRP_Roadef_Challenge_Shift_>
		<IRP_Roadef_Challenge_Shift_>
			<index>44</index>
			<driver>2</driver>
			<trailer>1</trailer>
			<start>45275</start>
			<operations>
				<IRP_Roadef_Challenge_Operation_>
					<point>12</point>
					<arrival>45547</arrival>
					<Quantity>13229.580000000004</Quantity>
				</IRP_Roadef_Challenge_Operation_>
				<IRP_Roadef_Challenge_Operation_>
					<point>21</point>
					<arrival>45747</arrival>
					<Quantity>9559.1000000000022</Quantity>
				</IRP_Roadef_Challenge_Operation_>
				<IRP_Roadef_Challenge_Operation_>
					<point>1</point>
					<arrival>45945</arrival>
					<Quantity>-22788.680000000026</Quantity>
				</IRP_Roadef_Challenge_Operation_>
				<IRP_Roadef_Challenge_Operation_>
					<point>29</point>
					<arrival>47079</arrival>
					<Quantity>4650.3599999999933</Quantity>
				</IRP_Roadef_Challenge_Operation_>
				<IRP_Roadef_Challenge_Operation_>
					<point>52</point>
					<arrival>47354</arrival>
					<Quantity>2791.6499999999996</Quantity>
				</IRP_Roadef_Challenge_Operation_>
				<IRP_Roadef_Challenge_Operation_>
					<point>1</point>
					<arrival>47607</arrival>
					<Quantity>-7442.0099999999838</Quantity>
				</IRP_Roadef_Challenge_Operation_>
			</operations>
		</IRP_Roadef_Challenge_Shift_>
		<IRP_Roadef_Challenge_Shift_>
			<index>45</index>
			<driver>0</driver>
			<trailer>0</trailer>
			<start>46023</start>
			<operations>
				<IRP_Roadef_Challenge_Operation_>
					<point>1</point>
					<arrival>46047</arrival>
					<Quantity>-21600</Quantity>
				</IRP_Roadef_Challenge_Operation_>
				<IRP_Roadef_Challenge_Operation_>
					<point>42</point>
					<arrival>46479</arrival>
					<Quantity>7309.9999999999472</Quantity>
				</IRP_Roadef_Challenge_Operation_>
				<IRP_Roadef_Challenge_Operation_>
					<point>48</point>
					<arrival>46575</arrival>
					<Quantity>8106.4000000000269</Quantity>
				</IRP_Roadef_Challenge_Operation_>
				<IRP_Roadef_Challenge_Operation_>
					<point>14</point>
					<arrival>47302</arrival>
					<Quantity>6183.6000000000349</Quantity>
				</IRP_Roadef_Challenge_Operation_>
				<IRP_Roadef_Challenge_Operation_>
					<point>1</point>
					<arrival>47737</arrival>
					<Quantity>-21600</Quantity>
				</IRP_Roadef_Challenge_Operation_>
			</operations>
		</IRP_Roadef_Challenge_Shift_>
		<IRP_Roadef_Challenge_Shift_>
			<index>46</index>
			<driver>1</driver>
			<trailer>2</trailer>
			<start>48100</start>
			<operations>
				<IRP_Roadef_Challenge_Operation_>
					<point>32</point>
					<arrival>48332</arrival>
					<Quantity>1975.3836445082843</Quantity>
				</IRP_Roadef_Challenge_Operation_>
				<IRP_Roadef_Challenge_Operation_>
					<point>41</point>
					<arrival>48472</arrival>
					<Quantity>1991.286355491703</Quantity>
				</IRP_Roadef_Challenge_Operation_>
				<IRP_Roadef_Challenge_Operation_>
					<point>12</point>
					<arrival>48527</arrival>
					<Quantity>2279.5200000000041</Quantity>
				</IRP_Roadef_Challenge_Operation_>
				<IRP_Roadef_Challenge_Operation_>
					<point>16</point>
					<arrival>48595</arrival>
					<Quantity>11261.130000000021</Quantity>
				</IRP_Roadef_Challenge_Operation_>
				<IRP_Roadef_Challenge_Operation_>
					<point>54</point>
					<arrival>48705</arrival>
					<Quantity>4632.6799999999857</Quantity>
				</IRP_Roadef_Challenge_Operation_>
			</operations>
		</IRP_Roadef_Challenge_Shift_>
		<IRP_Roadef_Challenge_Shift_>
			<index>47</index>
			<driver>3</driver>
			<trailer>4</trailer>
			<start>48321</start>
			<operations>
				<IRP_Roadef_Challenge_Operation_>
					<point>44</point>
					<arrival>48470</arrival>
					<Quantity>2027</Quantity>
				</IRP_Roadef_Challenge_Operation_>
				<IRP_Roadef_Challenge_Operation_>
					<point>17</point>
					<arrival>48632</arrival>
					<Quantity>6621.4799999999977</Quantity>
				</IRP_Roadef_Challenge_Operation_>
				<IRP_Roadef_Challenge_Operation_>
					<point>51</point>
					<arrival>48797</arrival>
					<Quantity>4446.519999999995</Quantity>
				</IRP_Roadef_Challenge_Operation_>
			</operations>
		</IRP_Roadef_Challenge_Shift_>
		<IRP_Roadef_Challenge_Shift_>
			<index>48</index>
			<driver>2</driver>
			<trailer>1</trailer>
			<start>48357</start>
			<operations>
				<IRP_Roadef_Challenge_Operation_>
					<point>35</point>
					<arrival>49309</arrival>
					<Quantity>2924.6799999999967</Quantity>
				</IRP_Roadef_Challenge_Operation_>
				<IRP_Roadef_Challenge_Operation_>
					<point>33</point>
					<arrival>49399</arrival>
					<Quantity>8116.7899999999972</Quantity>
				</IRP_Roadef_Challenge_Operation_>
				<IRP_Roadef_Challenge_Operation_>
					<point>9</point>
					<arrival>49564</arrival>
					<Quantity>2643.5999999999999</Quantity>
				</IRP_Roadef_Challenge_Operation_>
				<IRP_Roadef_Challenge_Operation_>
					<point>28</point>
					<arrival>49646</arrival>
					<Quantity>8897.4000000000015</Quantity>
				</IRP_Roadef_Challenge_Operation_>
				<IRP_Roadef_Challenge_Operation_>
					<point>15</point>
					<arrival>49941</arrival>
					<Quantity>1259.3800000000047</Quantity>
				</IRP_Roadef_Challenge_Operation_>
			</operations>
		</IRP_Roadef_Challenge_Shift_>
		<IRP_Roadef_Challenge_Shift_>
			<index>49</index>
			<driver>0</driver>
			<trailer>0</trailer>
			<start>48559</start>
			<operations>
				<IRP_Roadef_Challenge_Operation_>
					<point>31</point>
					<arrival>48815</arrival>
					<Quantity>8812.9000000000324</Quantity>
				</IRP_Roadef_Challenge_Operation_>
				<IRP_Roadef_Challenge_Operation_>
					<point>47</point>
					<arrival>48868</arrival>
					<Quantity>5318.7999999999229</Quantity>
				</IRP_Roadef_Challenge_Operation_>
				<IRP_Roadef_Challenge_Operation_>
					<point>5</point>
					<arrival>48997</arrival>
					<Quantity>7468.3000000000193</Quantity>
				</IRP_Roadef_Challenge_Operation_>
			</operations>
		</IRP_Roadef_Challenge_Shift_>
		<IRP_Roadef_Challenge_Shift_>
			<index>50</index>
			<driver>4</driver>
			<trailer>3</trailer>
			<start>48812</start>
			<operations>
				<IRP_Roadef_Challenge_Operation_>
					<point>36</point>
					<arrival>48863</arrival>
					<Quantity>6446.1310051894943</Quantity>
				</IRP_Roadef_Challenge_Operation_>
			</operations>
		</IRP_Roadef_Challenge_Shift_>
		<IRP_Roadef_Challenge_Shift_>
			<index>51</index>
			<driver>0</driver>
			<trailer>0</trailer>
			<start>49893</start>
			<operations>
				<IRP_Roadef_Challenge_Operation_>
					<point>1</point>
					<arrival>49917</arrival>
					<Quantity>-21600</Quantity>
				</IRP_Roadef_Challenge_Operation_>
				<IRP_Roadef_Challenge_Operation_>
					<point>45</point>
					<arrival>50140</arrival>
					<Quantity>3410.8800000000556</Quantity>
				</IRP_Roadef_Challenge_Operation_>
				<IRP_Roadef_Challenge_Operation_>
					<point>6</point>
					<arrival>50229</arrival>
					<Quantity>18189.119999999879</Quantity>
				</IRP_Roadef_Challenge_Operation_>
			</operations>
		</IRP_Roadef_Challenge_Shift_>
	</Shifts>
</IRP_Roadef_Challenge_Output>
