<?xml version="1.0"?>
<IRP_Roadef_Challenge_Output>
	<Shifts>
		<IRP_Roadef_Challenge_Shift_>
			<index>0</index>
			<driver>0</driver>
			<trailer>0</trailer>
			<start>0</start>
			<operations>
				<IRP_Roadef_Challenge_Operation_>
					<point>2</point>
					<arrival>90</arrival>
					<Quantity>-21500</Quantity>
				</IRP_Roadef_Challenge_Operation_>
				<IRP_Roadef_Challenge_Operation_>
					<point>30</point>
					<arrival>261</arrival>
					<Quantity>15200</Quantity>
				</IRP_Roadef_Challenge_Operation_>
				<IRP_Roadef_Challenge_Operation_>
					<point>3</point>
					<arrival>452</arrival>
					<Quantity>6262.3479644775398</Quantity>
				</IRP_Roadef_Challenge_Operation_>
				<IRP_Roadef_Challenge_Operation_>
					<point>2</point>
					<arrival>500</arrival>
					<Quantity>-21462.347964477536</Quantity>
				</IRP_Roadef_Challenge_Operation_>
			</operations>
		</IRP_Roadef_Challenge_Shift_>
		<IRP_Roadef_Challenge_Shift_>
			<index>1</index>
			<driver>4</driver>
			<trailer>1</trailer>
			<start>0</start>
			<operations>
				<IRP_Roadef_Challenge_Operation_>
					<point>2</point>
					<arrival>90</arrival>
					<Quantity>-20000</Quantity>
				</IRP_Roadef_Challenge_Operation_>
				<IRP_Roadef_Challenge_Operation_>
					<point>23</point>
					<arrival>213</arrival>
					<Quantity>5482.5662778854376</Quantity>
				</IRP_Roadef_Challenge_Operation_>
				<IRP_Roadef_Challenge_Operation_>
					<point>2</point>
					<arrival>315</arrival>
					<Quantity>-5482.5662778854385</Quantity>
				</IRP_Roadef_Challenge_Operation_>
				<IRP_Roadef_Challenge_Operation_>
					<point>22</point>
					<arrival>469</arrival>
					<Quantity>13000</Quantity>
				</IRP_Roadef_Challenge_Operation_>
			</operations>
		</IRP_Roadef_Challenge_Shift_>
		<IRP_Roadef_Challenge_Shift_>
			<index>2</index>
			<driver>2</driver>
			<trailer>4</trailer>
			<start>658</start>
			<operations>
				<IRP_Roadef_Challenge_Operation_>
					<point>6</point>
					<arrival>702</arrival>
					<Quantity>3962</Quantity>
				</IRP_Roadef_Challenge_Operation_>
				<IRP_Roadef_Challenge_Operation_>
					<point>2</point>
					<arrival>788</arrival>
					<Quantity>-20500</Quantity>
				</IRP_Roadef_Challenge_Operation_>
				<IRP_Roadef_Challenge_Operation_>
					<point>9</point>
					<arrival>984</arrival>
					<Quantity>6814.8532482909759</Quantity>
				</IRP_Roadef_Challenge_Operation_>
				<IRP_Roadef_Challenge_Operation_>
					<point>5</point>
					<arrival>1049</arrival>
					<Quantity>12639.946751709023</Quantity>
				</IRP_Roadef_Challenge_Operation_>
				<IRP_Roadef_Challenge_Operation_>
					<point>28</point>
					<arrival>1090</arrival>
					<Quantity>1045.2</Quantity>
				</IRP_Roadef_Challenge_Operation_>
			</operations>
		</IRP_Roadef_Challenge_Shift_>
		<IRP_Roadef_Challenge_Shift_>
			<index>3</index>
			<driver>1</driver>
			<trailer>5</trailer>
			<start>1454</start>
			<operations>
				<IRP_Roadef_Challenge_Operation_>
					<point>6</point>
					<arrival>1498</arrival>
					<Quantity>8038</Quantity>
				</IRP_Roadef_Challenge_Operation_>
				<IRP_Roadef_Challenge_Operation_>
					<point>2</point>
					<arrival>1584</arrival>
					<Quantity>-21693</Quantity>
				</IRP_Roadef_Challenge_Operation_>
			</operations>
		</IRP_Roadef_Challenge_Shift_>
		<IRP_Roadef_Challenge_Shift_>
			<index>4</index>
			<driver>1</driver>
			<trailer>5</trailer>
			<start>2648</start>
			<operations>
				<IRP_Roadef_Challenge_Operation_>
					<point>30</point>
					<arrival>2737</arrival>
					<Quantity>12160</Quantity>
				</IRP_Roadef_Challenge_Operation_>
				<IRP_Roadef_Challenge_Operation_>
					<point>22</point>
					<arrival>2835</arrival>
					<Quantity>11100</Quantity>
				</IRP_Roadef_Challenge_Operation_>
				<IRP_Roadef_Challenge_Operation_>
					<point>2</point>
					<arrival>2970</arrival>
					<Quantity>-23260</Quantity>
				</IRP_Roadef_Challenge_Operation_>
				<IRP_Roadef_Challenge_Operation_>
					<point>22</point>
					<arrival>3124</arrival>
					<Quantity>11099</Quantity>
				</IRP_Roadef_Challenge_Operation_>
				<IRP_Roadef_Challenge_Operation_>
					<point>30</point>
					<arrival>3191</arrival>
					<Quantity>12160</Quantity>
				</IRP_Roadef_Challenge_Operation_>
			</operations>
		</IRP_Roadef_Challenge_Shift_>
		<IRP_Roadef_Challenge_Shift_>
			<index>5</index>
			<driver>2</driver>
			<trailer>4</trailer>
			<start>4084</start>
			<operations>
				<IRP_Roadef_Challenge_Operation_>
					<point>1</point>
					<arrival>4253</arrival>
					<Quantity>-20500</Quantity>
				</IRP_Roadef_Challenge_Operation_>
				<IRP_Roadef_Challenge_Operation_>
					<point>10</point>
					<arrival>4380</arrival>
					<Quantity>12000</Quantity>
				</IRP_Roadef_Challenge_Operation_>
			</operations>
		</IRP_Roadef_Challenge_Shift_>
		<IRP_Roadef_Challenge_Shift_>
			<index>6</index>
			<driver>3</driver>
			<trailer>2</trailer>
			<start>4088</start>
			<operations>
				<IRP_Roadef_Challenge_Operation_>
					<point>2</point>
					<arrival>4178</arrival>
					<Quantity>-20000</Quantity>
				</IRP_Roadef_Challenge_Operation_>
				<IRP_Roadef_Challenge_Operation_>
					<point>15</point>
					<arrival>4277</arrival>
					<Quantity>23300</Quantity>
				</IRP_Roadef_Challenge_Operation_>
				<IRP_Roadef_Challenge_Operation_>
					<point>2</point>
					<arrival>4354</arrival>
					<Quantity>-23300</Quantity>
				</IRP_Roadef_Challenge_Operation_>
				<IRP_Roadef_Challenge_Operation_>
					<point>8</point>
					<arrival>4437</arrival>
					<Quantity>11713.449417419397</Quantity>
				</IRP_Roadef_Challenge_Operation_>
				<IRP_Roadef_Challenge_Operation_>
					<point>29</point>
					<arrival>4494</arrival>
					<Quantity>9274.6006866455118</Quantity>
				</IRP_Roadef_Challenge_Operation_>
				<IRP_Roadef_Challenge_Operation_>
					<point>2</point>
					<arrival>4550</arrival>
					<Quantity>-20988.050104064911</Quantity>
				</IRP_Roadef_Challenge_Operation_>
			</operations>
		</IRP_Roadef_Challenge_Shift_>
		<IRP_Roadef_Challenge_Shift_>
			<index>7</index>
			<driver>3</driver>
			<trailer>2</trailer>
			<start>5241</start>
			<operations>
				<IRP_Roadef_Challenge_Operation_>
					<point>30</point>
					<arrival>5330</arrival>
					<Quantity>12160</Quantity>
				</IRP_Roadef_Challenge_Operation_>
				<IRP_Roadef_Challenge_Operation_>
					<point>22</point>
					<arrival>5428</arrival>
					<Quantity>11140</Quantity>
				</IRP_Roadef_Challenge_Operation_>
			</operations>
		</IRP_Roadef_Challenge_Shift_>
		<IRP_Roadef_Challenge_Shift_>
			<index>8</index>
			<driver>1</driver>
			<trailer>5</trailer>
			<start>5776</start>
			<operations>
				<IRP_Roadef_Challenge_Operation_>
					<point>6</point>
					<arrival>5820</arrival>
					<Quantity>1</Quantity>
				</IRP_Roadef_Challenge_Operation_>
				<IRP_Roadef_Challenge_Operation_>
					<point>2</point>
					<arrival>5906</arrival>
					<Quantity>-23260</Quantity>
				</IRP_Roadef_Challenge_Operation_>
				<IRP_Roadef_Challenge_Operation_>
					<point>22</point>
					<arrival>6060</arrival>
					<Quantity>10400</Quantity>
				</IRP_Roadef_Challenge_Operation_>
				<IRP_Roadef_Challenge_Operation_>
					<point>30</point>
					<arrival>6127</arrival>
					<Quantity>12860</Quantity>
				</IRP_Roadef_Challenge_Operation_>
				<IRP_Roadef_Challenge_Operation_>
					<point>2</point>
					<arrival>6308</arrival>
					<Quantity>-23260</Quantity>
				</IRP_Roadef_Challenge_Operation_>
			</operations>
		</IRP_Roadef_Challenge_Shift_>
		<IRP_Roadef_Challenge_Shift_>
			<index>9</index>
			<driver>4</driver>
			<trailer>1</trailer>
			<start>6573</start>
			<operations>
				<IRP_Roadef_Challenge_Operation_>
					<point>6</point>
					<arrival>6617</arrival>
					<Quantity>4999</Quantity>
				</IRP_Roadef_Challenge_Operation_>
				<IRP_Roadef_Challenge_Operation_>
					<point>2</point>
					<arrival>6703</arrival>
					<Quantity>-17999</Quantity>
				</IRP_Roadef_Challenge_Operation_>
				<IRP_Roadef_Challenge_Operation_>
					<point>15</point>
					<arrival>6802</arrival>
					<Quantity>10672.852203369072</Quantity>
				</IRP_Roadef_Challenge_Operation_>
				<IRP_Roadef_Challenge_Operation_>
					<point>19</point>
					<arrival>6851</arrival>
					<Quantity>9327.1477966309285</Quantity>
				</IRP_Roadef_Challenge_Operation_>
				<IRP_Roadef_Challenge_Operation_>
					<point>2</point>
					<arrival>6922</arrival>
					<Quantity>-20000</Quantity>
				</IRP_Roadef_Challenge_Operation_>
				<IRP_Roadef_Challenge_Operation_>
					<point>6</point>
					<arrival>7030</arrival>
					<Quantity>7000</Quantity>
				</IRP_Roadef_Challenge_Operation_>
			</operations>
		</IRP_Roadef_Challenge_Shift_>
		<IRP_Roadef_Challenge_Shift_>
			<index>10</index>
			<driver>0</driver>
			<trailer>0</trailer>
			<start>7205</start>
			<operations>
				<IRP_Roadef_Challenge_Operation_>
					<point>34</point>
					<arrival>7258</arrival>
					<Quantity>21500</Quantity>
				</IRP_Roadef_Challenge_Operation_>
			</operations>
		</IRP_Roadef_Challenge_Shift_>
		<IRP_Roadef_Challenge_Shift_>
			<index>11</index>
			<driver>2</driver>
			<trailer>4</trailer>
			<start>7215</start>
			<operations>
				<IRP_Roadef_Challenge_Operation_>
					<point>9</point>
					<arrival>7293</arrival>
					<Quantity>5602</Quantity>
				</IRP_Roadef_Challenge_Operation_>
				<IRP_Roadef_Challenge_Operation_>
					<point>11</point>
					<arrival>7347</arrival>
					<Quantity>2898</Quantity>
				</IRP_Roadef_Challenge_Operation_>
				<IRP_Roadef_Challenge_Operation_>
					<point>1</point>
					<arrival>7471</arrival>
					<Quantity>-20500</Quantity>
				</IRP_Roadef_Challenge_Operation_>
				<IRP_Roadef_Challenge_Operation_>
					<point>25</point>
					<arrival>7621</arrival>
					<Quantity>8264</Quantity>
				</IRP_Roadef_Challenge_Operation_>
				<IRP_Roadef_Challenge_Operation_>
					<point>20</point>
					<arrival>7680</arrival>
					<Quantity>2621.9279999999999</Quantity>
				</IRP_Roadef_Challenge_Operation_>
				<IRP_Roadef_Challenge_Operation_>
					<point>4</point>
					<arrival>7794</arrival>
					<Quantity>9614.0720000000038</Quantity>
				</IRP_Roadef_Challenge_Operation_>
			</operations>
		</IRP_Roadef_Challenge_Shift_>
		<IRP_Roadef_Challenge_Shift_>
			<index>12</index>
			<driver>4</driver>
			<trailer>1</trailer>
			<start>7657</start>
			<operations>
				<IRP_Roadef_Challenge_Operation_>
					<point>22</point>
					<arrival>7710</arrival>
					<Quantity>13000</Quantity>
				</IRP_Roadef_Challenge_Operation_>
				<IRP_Roadef_Challenge_Operation_>
					<point>2</point>
					<arrival>7845</arrival>
					<Quantity>-20000</Quantity>
				</IRP_Roadef_Challenge_Operation_>
				<IRP_Roadef_Challenge_Operation_>
					<point>3</point>
					<arrival>7913</arrival>
					<Quantity>4800</Quantity>
				</IRP_Roadef_Challenge_Operation_>
			</operations>
		</IRP_Roadef_Challenge_Shift_>
		<IRP_Roadef_Challenge_Shift_>
			<index>13</index>
			<driver>2</driver>
			<trailer>4</trailer>
			<start>8490</start>
			<operations>
				<IRP_Roadef_Challenge_Operation_>
					<point>2</point>
					<arrival>8580</arrival>
					<Quantity>-20500</Quantity>
				</IRP_Roadef_Challenge_Operation_>
				<IRP_Roadef_Challenge_Operation_>
					<point>29</point>
					<arrival>8657</arrival>
					<Quantity>16395.400000000001</Quantity>
				</IRP_Roadef_Challenge_Operation_>
				<IRP_Roadef_Challenge_Operation_>
					<point>2</point>
					<arrival>8713</arrival>
					<Quantity>-16395.400000000001</Quantity>
				</IRP_Roadef_Challenge_Operation_>
				<IRP_Roadef_Challenge_Operation_>
					<point>15</point>
					<arrival>8812</arrival>
					<Quantity>20500</Quantity>
				</IRP_Roadef_Challenge_Operation_>
				<IRP_Roadef_Challenge_Operation_>
					<point>2</point>
					<arrival>8889</arrival>
					<Quantity>-20500</Quantity>
				</IRP_Roadef_Challenge_Operation_>
				<IRP_Roadef_Challenge_Operation_>
					<point>22</point>
					<arrival>9043</arrival>
					<Quantity>13000</Quantity>
				</IRP_Roadef_Challenge_Operation_>
			</operations>
		</IRP_Roadef_Challenge_Shift_>
		<IRP_Roadef_Challenge_Shift_>
			<index>14</index>
			<driver>4</driver>
			<trailer>1</trailer>
			<start>8592</start>
			<operations>
				<IRP_Roadef_Challenge_Operation_>
					<point>30</point>
					<arrival>8681</arrival>
					<Quantity>15200</Quantity>
				</IRP_Roadef_Challenge_Operation_>
				<IRP_Roadef_Challenge_Operation_>
					<point>2</point>
					<arrival>8862</arrival>
					<Quantity>-20000</Quantity>
				</IRP_Roadef_Challenge_Operation_>
				<IRP_Roadef_Challenge_Operation_>
					<point>30</point>
					<arrival>9033</arrival>
					<Quantity>15200</Quantity>
				</IRP_Roadef_Challenge_Operation_>
				<IRP_Roadef_Challenge_Operation_>
					<point>16</point>
					<arrival>9209</arrival>
					<Quantity>3276</Quantity>
				</IRP_Roadef_Challenge_Operation_>
			</operations>
		</IRP_Roadef_Challenge_Shift_>
		<IRP_Roadef_Challenge_Shift_>
			<index>15</index>
			<driver>1</driver>
			<trailer>5</trailer>
			<start>10545</start>
			<operations>
				<IRP_Roadef_Challenge_Operation_>
					<point>22</point>
					<arrival>10598</arrival>
					<Quantity>10400</Quantity>
				</IRP_Roadef_Challenge_Operation_>
				<IRP_Roadef_Challenge_Operation_>
					<point>30</point>
					<arrival>10665</arrival>
					<Quantity>12860</Quantity>
				</IRP_Roadef_Challenge_Operation_>
				<IRP_Roadef_Challenge_Operation_>
					<point>2</point>
					<arrival>10846</arrival>
					<Quantity>-23260</Quantity>
				</IRP_Roadef_Challenge_Operation_>
			</operations>
		</IRP_Roadef_Challenge_Shift_>
		<IRP_Roadef_Challenge_Shift_>
			<index>16</index>
			<driver>2</driver>
			<trailer>4</trailer>
			<start>11010</start>
			<operations>
				<IRP_Roadef_Challenge_Operation_>
					<point>33</point>
					<arrival>11094</arrival>
					<Quantity>4195.0752422332689</Quantity>
				</IRP_Roadef_Challenge_Operation_>
				<IRP_Roadef_Challenge_Operation_>
					<point>2</point>
					<arrival>11130</arrival>
					<Quantity>-17195.075242233266</Quantity>
				</IRP_Roadef_Challenge_Operation_>
				<IRP_Roadef_Challenge_Operation_>
					<point>23</point>
					<arrival>11253</arrival>
					<Quantity>4357.4522033690482</Quantity>
				</IRP_Roadef_Challenge_Operation_>
				<IRP_Roadef_Challenge_Operation_>
					<point>15</point>
					<arrival>11336</arrival>
					<Quantity>16142.547796630952</Quantity>
				</IRP_Roadef_Challenge_Operation_>
				<IRP_Roadef_Challenge_Operation_>
					<point>2</point>
					<arrival>11413</arrival>
					<Quantity>-20500</Quantity>
				</IRP_Roadef_Challenge_Operation_>
				<IRP_Roadef_Challenge_Operation_>
					<point>3</point>
					<arrival>11481</arrival>
					<Quantity>5334.7999999999993</Quantity>
				</IRP_Roadef_Challenge_Operation_>
				<IRP_Roadef_Challenge_Operation_>
					<point>6</point>
					<arrival>11578</arrival>
					<Quantity>12000</Quantity>
				</IRP_Roadef_Challenge_Operation_>
			</operations>
		</IRP_Roadef_Challenge_Shift_>
		<IRP_Roadef_Challenge_Shift_>
			<index>17</index>
			<driver>1</driver>
			<trailer>5</trailer>
			<start>11537</start>
			<operations>
				<IRP_Roadef_Challenge_Operation_>
					<point>22</point>
					<arrival>11590</arrival>
					<Quantity>10400</Quantity>
				</IRP_Roadef_Challenge_Operation_>
				<IRP_Roadef_Challenge_Operation_>
					<point>30</point>
					<arrival>11657</arrival>
					<Quantity>12860</Quantity>
				</IRP_Roadef_Challenge_Operation_>
			</operations>
		</IRP_Roadef_Challenge_Shift_>
		<IRP_Roadef_Challenge_Shift_>
			<index>18</index>
			<driver>3</driver>
			<trailer>2</trailer>
			<start>12624</start>
			<operations>
				<IRP_Roadef_Challenge_Operation_>
					<point>1</point>
					<arrival>12793</arrival>
					<Quantity>-23300</Quantity>
				</IRP_Roadef_Challenge_Operation_>
				<IRP_Roadef_Challenge_Operation_>
					<point>10</point>
					<arrival>12920</arrival>
					<Quantity>12000</Quantity>
				</IRP_Roadef_Challenge_Operation_>
				<IRP_Roadef_Challenge_Operation_>
					<point>24</point>
					<arrival>12989</arrival>
					<Quantity>2775.1999999999534</Quantity>
				</IRP_Roadef_Challenge_Operation_>
				<IRP_Roadef_Challenge_Operation_>
					<point>9</point>
					<arrival>13067</arrival>
					<Quantity>8524.8000000000502</Quantity>
				</IRP_Roadef_Challenge_Operation_>
			</operations>
		</IRP_Roadef_Challenge_Shift_>
		<IRP_Roadef_Challenge_Shift_>
			<index>19</index>
			<driver>1</driver>
			<trailer>5</trailer>
			<start>13586</start>
			<operations>
				<IRP_Roadef_Challenge_Operation_>
					<point>2</point>
					<arrival>13676</arrival>
					<Quantity>-23260</Quantity>
				</IRP_Roadef_Challenge_Operation_>
				<IRP_Roadef_Challenge_Operation_>
					<point>15</point>
					<arrival>13775</arrival>
					<Quantity>23260</Quantity>
				</IRP_Roadef_Challenge_Operation_>
				<IRP_Roadef_Challenge_Operation_>
					<point>2</point>
					<arrival>13852</arrival>
					<Quantity>-23260</Quantity>
				</IRP_Roadef_Challenge_Operation_>
				<IRP_Roadef_Challenge_Operation_>
					<point>8</point>
					<arrival>13935</arrival>
					<Quantity>7693.875</Quantity>
				</IRP_Roadef_Challenge_Operation_>
				<IRP_Roadef_Challenge_Operation_>
					<point>29</point>
					<arrival>13992</arrival>
					<Quantity>13277.80000000001</Quantity>
				</IRP_Roadef_Challenge_Operation_>
				<IRP_Roadef_Challenge_Operation_>
					<point>2</point>
					<arrival>14048</arrival>
					<Quantity>-20971.67500000001</Quantity>
				</IRP_Roadef_Challenge_Operation_>
				<IRP_Roadef_Challenge_Operation_>
					<point>30</point>
					<arrival>14219</arrival>
					<Quantity>12160</Quantity>
				</IRP_Roadef_Challenge_Operation_>
				<IRP_Roadef_Challenge_Operation_>
					<point>22</point>
					<arrival>14317</arrival>
					<Quantity>11099.999999999993</Quantity>
				</IRP_Roadef_Challenge_Operation_>
			</operations>
		</IRP_Roadef_Challenge_Shift_>
	</Shifts>
</IRP_Roadef_Challenge_Output>
