<?xml version="1.0"?>
<IRP_Roadef_Challenge_Output>
	<Shifts>
		<IRP_Roadef_Challenge_Shift_>
			<index>0</index>
			<driver>4</driver>
			<trailer>1</trailer>
			<start>0</start>
			<operations>
				<IRP_Roadef_Challenge_Operation_>
					<point>2</point>
					<arrival>90</arrival>
					<Quantity>-20000</Quantity>
				</IRP_Roadef_Challenge_Operation_>
				<IRP_Roadef_Challenge_Operation_>
					<point>3</point>
					<arrival>158</arrival>
					<Quantity>5837.5192244775399</Quantity>
				</IRP_Roadef_Challenge_Operation_>
				<IRP_Roadef_Challenge_Operation_>
					<point>6</point>
					<arrival>255</arrival>
					<Quantity>12000</Quantity>
				</IRP_Roadef_Challenge_Operation_>
			</operations>
		</IRP_Roadef_Challenge_Shift_>
		<IRP_Roadef_Challenge_Shift_>
			<index>1</index>
			<driver>3</driver>
			<trailer>2</trailer>
			<start>446</start>
			<operations>
				<IRP_Roadef_Challenge_Operation_>
					<point>2</point>
					<arrival>536</arrival>
					<Quantity>-20000</Quantity>
				</IRP_Roadef_Challenge_Operation_>
				<IRP_Roadef_Challenge_Operation_>
					<point>30</point>
					<arrival>707</arrival>
					<Quantity>12160</Quantity>
				</IRP_Roadef_Challenge_Operation_>
				<IRP_Roadef_Challenge_Operation_>
					<point>22</point>
					<arrival>805</arrival>
					<Quantity>11140</Quantity>
				</IRP_Roadef_Challenge_Operation_>
			</operations>
		</IRP_Roadef_Challenge_Shift_>
		<IRP_Roadef_Challenge_Shift_>
			<index>2</index>
			<driver>2</driver>
			<trailer>4</trailer>
			<start>857</start>
			<operations>
				<IRP_Roadef_Challenge_Operation_>
					<point>2</point>
					<arrival>947</arrival>
					<Quantity>-16538</Quantity>
				</IRP_Roadef_Challenge_Operation_>
				<IRP_Roadef_Challenge_Operation_>
					<point>15</point>
					<arrival>1046</arrival>
					<Quantity>6241.8065215597599</Quantity>
				</IRP_Roadef_Challenge_Operation_>
				<IRP_Roadef_Challenge_Operation_>
					<point>12</point>
					<arrival>1109</arrival>
					<Quantity>492.52161999511907</Quantity>
				</IRP_Roadef_Challenge_Operation_>
				<IRP_Roadef_Challenge_Operation_>
					<point>23</point>
					<arrival>1179</arrival>
					<Quantity>6015.3662778854368</Quantity>
				</IRP_Roadef_Challenge_Operation_>
				<IRP_Roadef_Challenge_Operation_>
					<point>8</point>
					<arrival>1261</arrival>
					<Quantity>7750.305580559685</Quantity>
				</IRP_Roadef_Challenge_Operation_>
				<IRP_Roadef_Challenge_Operation_>
					<point>2</point>
					<arrival>1324</arrival>
					<Quantity>-20500</Quantity>
				</IRP_Roadef_Challenge_Operation_>
			</operations>
		</IRP_Roadef_Challenge_Shift_>
		<IRP_Roadef_Challenge_Shift_>
			<index>3</index>
			<driver>1</driver>
			<trailer>5</trailer>
			<start>956</start>
			<operations>
				<IRP_Roadef_Challenge_Operation_>
					<point>5</point>
					<arrival>1049</arrival>
					<Quantity>8621.9859871435474</Quantity>
				</IRP_Roadef_Challenge_Operation_>
				<IRP_Roadef_Challenge_Operation_>
					<point>28</point>
					<arrival>1090</arrival>
					<Quantity>983.0140128564517</Quantity>
				</IRP_Roadef_Challenge_Operation_>
			</operations>
		</IRP_Roadef_Challenge_Shift_>
		<IRP_Roadef_Challenge_Shift_>
			<index>4</index>
			<driver>3</driver>
			<trailer>2</trailer>
			<start>1437</start>
			<operations>
				<IRP_Roadef_Challenge_Operation_>
					<point>2</point>
					<arrival>1527</arrival>
					<Quantity>-23300</Quantity>
				</IRP_Roadef_Challenge_Operation_>
				<IRP_Roadef_Challenge_Operation_>
					<point>22</point>
					<arrival>1681</arrival>
					<Quantity>10400</Quantity>
				</IRP_Roadef_Challenge_Operation_>
				<IRP_Roadef_Challenge_Operation_>
					<point>30</point>
					<arrival>1748</arrival>
					<Quantity>12900</Quantity>
				</IRP_Roadef_Challenge_Operation_>
				<IRP_Roadef_Challenge_Operation_>
					<point>2</point>
					<arrival>1929</arrival>
					<Quantity>-23300</Quantity>
				</IRP_Roadef_Challenge_Operation_>
			</operations>
		</IRP_Roadef_Challenge_Shift_>
		<IRP_Roadef_Challenge_Shift_>
			<index>5</index>
			<driver>3</driver>
			<trailer>2</trailer>
			<start>3875</start>
			<operations>
				<IRP_Roadef_Challenge_Operation_>
					<point>22</point>
					<arrival>3928</arrival>
					<Quantity>11140</Quantity>
				</IRP_Roadef_Challenge_Operation_>
				<IRP_Roadef_Challenge_Operation_>
					<point>30</point>
					<arrival>3995</arrival>
					<Quantity>12160</Quantity>
				</IRP_Roadef_Challenge_Operation_>
			</operations>
		</IRP_Roadef_Challenge_Shift_>
		<IRP_Roadef_Challenge_Shift_>
			<index>6</index>
			<driver>0</driver>
			<trailer>0</trailer>
			<start>4587</start>
			<operations>
				<IRP_Roadef_Challenge_Operation_>
					<point>2</point>
					<arrival>4677</arrival>
					<Quantity>-21500</Quantity>
				</IRP_Roadef_Challenge_Operation_>
				<IRP_Roadef_Challenge_Operation_>
					<point>27</point>
					<arrival>4882</arrival>
					<Quantity>1224.9959152221709</Quantity>
				</IRP_Roadef_Challenge_Operation_>
				<IRP_Roadef_Challenge_Operation_>
					<point>7</point>
					<arrival>5012</arrival>
					<Quantity>737.25074633789018</Quantity>
				</IRP_Roadef_Challenge_Operation_>
				<IRP_Roadef_Challenge_Operation_>
					<point>15</point>
					<arrival>5070</arrival>
					<Quantity>19537.753338439939</Quantity>
				</IRP_Roadef_Challenge_Operation_>
				<IRP_Roadef_Challenge_Operation_>
					<point>2</point>
					<arrival>5147</arrival>
					<Quantity>-21500</Quantity>
				</IRP_Roadef_Challenge_Operation_>
			</operations>
		</IRP_Roadef_Challenge_Shift_>
		<IRP_Roadef_Challenge_Shift_>
			<index>7</index>
			<driver>1</driver>
			<trailer>5</trailer>
			<start>4618</start>
			<operations>
				<IRP_Roadef_Challenge_Operation_>
					<point>2</point>
					<arrival>4708</arrival>
					<Quantity>-23260</Quantity>
				</IRP_Roadef_Challenge_Operation_>
			</operations>
		</IRP_Roadef_Challenge_Shift_>
		<IRP_Roadef_Challenge_Shift_>
			<index>8</index>
			<driver>3</driver>
			<trailer>2</trailer>
			<start>4694</start>
			<operations>
				<IRP_Roadef_Challenge_Operation_>
					<point>2</point>
					<arrival>4784</arrival>
					<Quantity>-23300</Quantity>
				</IRP_Roadef_Challenge_Operation_>
				<IRP_Roadef_Challenge_Operation_>
					<point>30</point>
					<arrival>4955</arrival>
					<Quantity>12160</Quantity>
				</IRP_Roadef_Challenge_Operation_>
			</operations>
		</IRP_Roadef_Challenge_Shift_>
		<IRP_Roadef_Challenge_Shift_>
			<index>9</index>
			<driver>4</driver>
			<trailer>1</trailer>
			<start>5215</start>
			<operations>
				<IRP_Roadef_Challenge_Operation_>
					<point>33</point>
					<arrival>5299</arrival>
					<Quantity>2162.480775522461</Quantity>
				</IRP_Roadef_Challenge_Operation_>
				<IRP_Roadef_Challenge_Operation_>
					<point>2</point>
					<arrival>5335</arrival>
					<Quantity>-20000</Quantity>
				</IRP_Roadef_Challenge_Operation_>
				<IRP_Roadef_Challenge_Operation_>
					<point>19</point>
					<arrival>5429</arrival>
					<Quantity>6162.39931335449</Quantity>
				</IRP_Roadef_Challenge_Operation_>
				<IRP_Roadef_Challenge_Operation_>
					<point>29</point>
					<arrival>5494</arrival>
					<Quantity>13837.600686645508</Quantity>
				</IRP_Roadef_Challenge_Operation_>
				<IRP_Roadef_Challenge_Operation_>
					<point>2</point>
					<arrival>5550</arrival>
					<Quantity>-20000</Quantity>
				</IRP_Roadef_Challenge_Operation_>
			</operations>
		</IRP_Roadef_Challenge_Shift_>
		<IRP_Roadef_Challenge_Shift_>
			<index>10</index>
			<driver>1</driver>
			<trailer>5</trailer>
			<start>5399</start>
			<operations>
				<IRP_Roadef_Challenge_Operation_>
					<point>22</point>
					<arrival>5452</arrival>
					<Quantity>13000</Quantity>
				</IRP_Roadef_Challenge_Operation_>
				<IRP_Roadef_Challenge_Operation_>
					<point>9</point>
					<arrival>5543</arrival>
					<Quantity>10157.253248290999</Quantity>
				</IRP_Roadef_Challenge_Operation_>
				<IRP_Roadef_Challenge_Operation_>
					<point>1</point>
					<arrival>5681</arrival>
					<Quantity>-23157.253248290999</Quantity>
				</IRP_Roadef_Challenge_Operation_>
				<IRP_Roadef_Challenge_Operation_>
					<point>10</point>
					<arrival>5808</arrival>
					<Quantity>11260</Quantity>
				</IRP_Roadef_Challenge_Operation_>
			</operations>
		</IRP_Roadef_Challenge_Shift_>
		<IRP_Roadef_Challenge_Shift_>
			<index>11</index>
			<driver>0</driver>
			<trailer>0</trailer>
			<start>5837</start>
			<operations>
				<IRP_Roadef_Challenge_Operation_>
					<point>30</point>
					<arrival>5926</arrival>
					<Quantity>15200</Quantity>
				</IRP_Roadef_Challenge_Operation_>
				<IRP_Roadef_Challenge_Operation_>
					<point>4</point>
					<arrival>6036</arrival>
					<Quantity>6300</Quantity>
				</IRP_Roadef_Challenge_Operation_>
			</operations>
		</IRP_Roadef_Challenge_Shift_>
		<IRP_Roadef_Challenge_Shift_>
			<index>12</index>
			<driver>2</driver>
			<trailer>4</trailer>
			<start>7174</start>
			<operations>
				<IRP_Roadef_Challenge_Operation_>
					<point>22</point>
					<arrival>7227</arrival>
					<Quantity>13000</Quantity>
				</IRP_Roadef_Challenge_Operation_>
				<IRP_Roadef_Challenge_Operation_>
					<point>34</point>
					<arrival>7258</arrival>
					<Quantity>1794.3999999999978</Quantity>
				</IRP_Roadef_Challenge_Operation_>
				<IRP_Roadef_Challenge_Operation_>
					<point>22</point>
					<arrival>7319</arrival>
					<Quantity>5705.5999999999985</Quantity>
				</IRP_Roadef_Challenge_Operation_>
				<IRP_Roadef_Challenge_Operation_>
					<point>2</point>
					<arrival>7454</arrival>
					<Quantity>-20500</Quantity>
				</IRP_Roadef_Challenge_Operation_>
			</operations>
		</IRP_Roadef_Challenge_Shift_>
		<IRP_Roadef_Challenge_Shift_>
			<index>13</index>
			<driver>4</driver>
			<trailer>1</trailer>
			<start>7205</start>
			<operations>
				<IRP_Roadef_Challenge_Operation_>
					<point>34</point>
					<arrival>7258</arrival>
					<Quantity>20000.000000000004</Quantity>
				</IRP_Roadef_Challenge_Operation_>
				<IRP_Roadef_Challenge_Operation_>
					<point>2</point>
					<arrival>7423</arrival>
					<Quantity>-20000</Quantity>
				</IRP_Roadef_Challenge_Operation_>
				<IRP_Roadef_Challenge_Operation_>
					<point>30</point>
					<arrival>7594</arrival>
					<Quantity>15200</Quantity>
				</IRP_Roadef_Challenge_Operation_>
				<IRP_Roadef_Challenge_Operation_>
					<point>22</point>
					<arrival>7692</arrival>
					<Quantity>4800</Quantity>
				</IRP_Roadef_Challenge_Operation_>
			</operations>
		</IRP_Roadef_Challenge_Shift_>
		<IRP_Roadef_Challenge_Shift_>
			<index>14</index>
			<driver>1</driver>
			<trailer>5</trailer>
			<start>7214</start>
			<operations>
				<IRP_Roadef_Challenge_Operation_>
					<point>6</point>
					<arrival>7258</arrival>
					<Quantity>12000</Quantity>
				</IRP_Roadef_Challenge_Operation_>
				<IRP_Roadef_Challenge_Operation_>
					<point>2</point>
					<arrival>7344</arrival>
					<Quantity>-23260</Quantity>
				</IRP_Roadef_Challenge_Operation_>
				<IRP_Roadef_Challenge_Operation_>
					<point>15</point>
					<arrival>7443</arrival>
					<Quantity>23260</Quantity>
				</IRP_Roadef_Challenge_Operation_>
				<IRP_Roadef_Challenge_Operation_>
					<point>2</point>
					<arrival>7520</arrival>
					<Quantity>-23260</Quantity>
				</IRP_Roadef_Challenge_Operation_>
			</operations>
		</IRP_Roadef_Challenge_Shift_>
		<IRP_Roadef_Challenge_Shift_>
			<index>15</index>
			<driver>3</driver>
			<trailer>2</trailer>
			<start>8102</start>
			<operations>
				<IRP_Roadef_Challenge_Operation_>
					<point>25</point>
					<arrival>8250</arrival>
					<Quantity>8518.0720000000001</Quantity>
				</IRP_Roadef_Challenge_Operation_>
				<IRP_Roadef_Challenge_Operation_>
					<point>20</point>
					<arrival>8309</arrival>
					<Quantity>2621.9279999999999</Quantity>
				</IRP_Roadef_Challenge_Operation_>
			</operations>
		</IRP_Roadef_Challenge_Shift_>
		<IRP_Roadef_Challenge_Shift_>
			<index>16</index>
			<driver>2</driver>
			<trailer>4</trailer>
			<start>8506</start>
			<operations>
				<IRP_Roadef_Challenge_Operation_>
					<point>11</point>
					<arrival>8588</arrival>
					<Quantity>2805.5999999999985</Quantity>
				</IRP_Roadef_Challenge_Operation_>
				<IRP_Roadef_Challenge_Operation_>
					<point>22</point>
					<arrival>8689</arrival>
					<Quantity>2494.4000000000015</Quantity>
				</IRP_Roadef_Challenge_Operation_>
				<IRP_Roadef_Challenge_Operation_>
					<point>30</point>
					<arrival>8756</arrival>
					<Quantity>15200</Quantity>
				</IRP_Roadef_Challenge_Operation_>
				<IRP_Roadef_Challenge_Operation_>
					<point>2</point>
					<arrival>8937</arrival>
					<Quantity>-20500</Quantity>
				</IRP_Roadef_Challenge_Operation_>
				<IRP_Roadef_Challenge_Operation_>
					<point>3</point>
					<arrival>9005</arrival>
					<Quantity>8435.0287400000016</Quantity>
				</IRP_Roadef_Challenge_Operation_>
				<IRP_Roadef_Challenge_Operation_>
					<point>2</point>
					<arrival>9053</arrival>
					<Quantity>-8435.0287400000016</Quantity>
				</IRP_Roadef_Challenge_Operation_>
				<IRP_Roadef_Challenge_Operation_>
					<point>21</point>
					<arrival>9120</arrival>
					<Quantity>1</Quantity>
				</IRP_Roadef_Challenge_Operation_>
			</operations>
		</IRP_Roadef_Challenge_Shift_>
		<IRP_Roadef_Challenge_Shift_>
			<index>17</index>
			<driver>3</driver>
			<trailer>2</trailer>
			<start>9059</start>
			<operations>
				<IRP_Roadef_Challenge_Operation_>
					<point>2</point>
					<arrival>9149</arrival>
					<Quantity>-23300</Quantity>
				</IRP_Roadef_Challenge_Operation_>
				<IRP_Roadef_Challenge_Operation_>
					<point>22</point>
					<arrival>9303</arrival>
					<Quantity>13000</Quantity>
				</IRP_Roadef_Challenge_Operation_>
				<IRP_Roadef_Challenge_Operation_>
					<point>9</point>
					<arrival>9394</arrival>
					<Quantity>7024</Quantity>
				</IRP_Roadef_Challenge_Operation_>
				<IRP_Roadef_Challenge_Operation_>
					<point>16</point>
					<arrival>9459</arrival>
					<Quantity>3276</Quantity>
				</IRP_Roadef_Challenge_Operation_>
			</operations>
		</IRP_Roadef_Challenge_Shift_>
		<IRP_Roadef_Challenge_Shift_>
			<index>18</index>
			<driver>1</driver>
			<trailer>5</trailer>
			<start>10096</start>
			<operations>
				<IRP_Roadef_Challenge_Operation_>
					<point>6</point>
					<arrival>10140</arrival>
					<Quantity>12000</Quantity>
				</IRP_Roadef_Challenge_Operation_>
				<IRP_Roadef_Challenge_Operation_>
					<point>29</point>
					<arrival>10239</arrival>
					<Quantity>11250.700000000021</Quantity>
				</IRP_Roadef_Challenge_Operation_>
				<IRP_Roadef_Challenge_Operation_>
					<point>2</point>
					<arrival>10295</arrival>
					<Quantity>-23250.700000000019</Quantity>
				</IRP_Roadef_Challenge_Operation_>
				<IRP_Roadef_Challenge_Operation_>
					<point>15</point>
					<arrival>10394</arrival>
					<Quantity>18552.399999999976</Quantity>
				</IRP_Roadef_Challenge_Operation_>
				<IRP_Roadef_Challenge_Operation_>
					<point>23</point>
					<arrival>10476</arrival>
					<Quantity>4707.600000000024</Quantity>
				</IRP_Roadef_Challenge_Operation_>
				<IRP_Roadef_Challenge_Operation_>
					<point>2</point>
					<arrival>10578</arrival>
					<Quantity>-23260</Quantity>
				</IRP_Roadef_Challenge_Operation_>
			</operations>
		</IRP_Roadef_Challenge_Shift_>
		<IRP_Roadef_Challenge_Shift_>
			<index>19</index>
			<driver>3</driver>
			<trailer>2</trailer>
			<start>10457</start>
			<operations>
				<IRP_Roadef_Challenge_Operation_>
					<point>2</point>
					<arrival>10547</arrival>
					<Quantity>-23300</Quantity>
				</IRP_Roadef_Challenge_Operation_>
				<IRP_Roadef_Challenge_Operation_>
					<point>30</point>
					<arrival>10718</arrival>
					<Quantity>12900</Quantity>
				</IRP_Roadef_Challenge_Operation_>
				<IRP_Roadef_Challenge_Operation_>
					<point>22</point>
					<arrival>10816</arrival>
					<Quantity>10400</Quantity>
				</IRP_Roadef_Challenge_Operation_>
			</operations>
		</IRP_Roadef_Challenge_Shift_>
		<IRP_Roadef_Challenge_Shift_>
			<index>20</index>
			<driver>3</driver>
			<trailer>2</trailer>
			<start>11448</start>
			<operations>
				<IRP_Roadef_Challenge_Operation_>
					<point>2</point>
					<arrival>11538</arrival>
					<Quantity>-23300</Quantity>
				</IRP_Roadef_Challenge_Operation_>
				<IRP_Roadef_Challenge_Operation_>
					<point>30</point>
					<arrival>11709</arrival>
					<Quantity>15200</Quantity>
				</IRP_Roadef_Challenge_Operation_>
				<IRP_Roadef_Challenge_Operation_>
					<point>4</point>
					<arrival>11819</arrival>
					<Quantity>5545.1801994629113</Quantity>
				</IRP_Roadef_Challenge_Operation_>
				<IRP_Roadef_Challenge_Operation_>
					<point>22</point>
					<arrival>11915</arrival>
					<Quantity>2554.8198005370887</Quantity>
				</IRP_Roadef_Challenge_Operation_>
			</operations>
		</IRP_Roadef_Challenge_Shift_>
		<IRP_Roadef_Challenge_Shift_>
			<index>21</index>
			<driver>3</driver>
			<trailer>2</trailer>
			<start>12546</start>
			<operations>
				<IRP_Roadef_Challenge_Operation_>
					<point>2</point>
					<arrival>12636</arrival>
					<Quantity>-23300</Quantity>
				</IRP_Roadef_Challenge_Operation_>
				<IRP_Roadef_Challenge_Operation_>
					<point>22</point>
					<arrival>12790</arrival>
					<Quantity>7845.1801994629113</Quantity>
				</IRP_Roadef_Challenge_Operation_>
				<IRP_Roadef_Challenge_Operation_>
					<point>10</point>
					<arrival>12918</arrival>
					<Quantity>11354.166542329995</Quantity>
				</IRP_Roadef_Challenge_Operation_>
				<IRP_Roadef_Challenge_Operation_>
					<point>24</point>
					<arrival>12987</arrival>
					<Quantity>4100.6532582070922</Quantity>
				</IRP_Roadef_Challenge_Operation_>
				<IRP_Roadef_Challenge_Operation_>
					<point>1</point>
					<arrival>13095</arrival>
					<Quantity>-23300</Quantity>
				</IRP_Roadef_Challenge_Operation_>
			</operations>
		</IRP_Roadef_Challenge_Shift_>
		<IRP_Roadef_Challenge_Shift_>
			<index>22</index>
			<driver>1</driver>
			<trailer>5</trailer>
			<start>13718</start>
			<operations>
				<IRP_Roadef_Challenge_Operation_>
					<point>22</point>
					<arrival>13771</arrival>
					<Quantity>11100</Quantity>
				</IRP_Roadef_Challenge_Operation_>
				<IRP_Roadef_Challenge_Operation_>
					<point>30</point>
					<arrival>13838</arrival>
					<Quantity>12160</Quantity>
				</IRP_Roadef_Challenge_Operation_>
				<IRP_Roadef_Challenge_Operation_>
					<point>2</point>
					<arrival>14019</arrival>
					<Quantity>-23260</Quantity>
				</IRP_Roadef_Challenge_Operation_>
				<IRP_Roadef_Challenge_Operation_>
					<point>15</point>
					<arrival>14118</arrival>
					<Quantity>23260</Quantity>
				</IRP_Roadef_Challenge_Operation_>
			</operations>
		</IRP_Roadef_Challenge_Shift_>
		<IRP_Roadef_Challenge_Shift_>
			<index>23</index>
			<driver>1</driver>
			<trailer>5</trailer>
			<start>14826</start>
			<operations>
				<IRP_Roadef_Challenge_Operation_>
					<point>2</point>
					<arrival>14916</arrival>
					<Quantity>-23260</Quantity>
				</IRP_Roadef_Challenge_Operation_>
				<IRP_Roadef_Challenge_Operation_>
					<point>29</point>
					<arrival>14993</arrival>
					<Quantity>16405</Quantity>
				</IRP_Roadef_Challenge_Operation_>
				<IRP_Roadef_Challenge_Operation_>
					<point>2</point>
					<arrival>15049</arrival>
					<Quantity>-16405</Quantity>
				</IRP_Roadef_Challenge_Operation_>
				<IRP_Roadef_Challenge_Operation_>
					<point>3</point>
					<arrival>15117</arrival>
					<Quantity>2554.7988931530344</Quantity>
				</IRP_Roadef_Challenge_Operation_>
				<IRP_Roadef_Challenge_Operation_>
					<point>33</point>
					<arrival>15161</arrival>
					<Quantity>1612.4444667108041</Quantity>
				</IRP_Roadef_Challenge_Operation_>
			</operations>
		</IRP_Roadef_Challenge_Shift_>
		<IRP_Roadef_Challenge_Shift_>
			<index>24</index>
			<driver>4</driver>
			<trailer>1</trailer>
			<start>16724</start>
			<operations>
				<IRP_Roadef_Challenge_Operation_>
					<point>2</point>
					<arrival>16814</arrival>
					<Quantity>-20000</Quantity>
				</IRP_Roadef_Challenge_Operation_>
				<IRP_Roadef_Challenge_Operation_>
					<point>8</point>
					<arrival>16897</arrival>
					<Quantity>10228.851516723578</Quantity>
				</IRP_Roadef_Challenge_Operation_>
				<IRP_Roadef_Challenge_Operation_>
					<point>19</point>
					<arrival>16949</arrival>
					<Quantity>9771.1484832764199</Quantity>
				</IRP_Roadef_Challenge_Operation_>
			</operations>
		</IRP_Roadef_Challenge_Shift_>
		<IRP_Roadef_Challenge_Shift_>
			<index>25</index>
			<driver>0</driver>
			<trailer>0</trailer>
			<start>17617</start>
			<operations>
				<IRP_Roadef_Challenge_Operation_>
					<point>2</point>
					<arrival>17707</arrival>
					<Quantity>-21500</Quantity>
				</IRP_Roadef_Challenge_Operation_>
				<IRP_Roadef_Challenge_Operation_>
					<point>15</point>
					<arrival>17806</arrival>
					<Quantity>21500.000000000004</Quantity>
				</IRP_Roadef_Challenge_Operation_>
				<IRP_Roadef_Challenge_Operation_>
					<point>2</point>
					<arrival>17883</arrival>
					<Quantity>-21500</Quantity>
				</IRP_Roadef_Challenge_Operation_>
			</operations>
		</IRP_Roadef_Challenge_Shift_>
		<IRP_Roadef_Challenge_Shift_>
			<index>26</index>
			<driver>4</driver>
			<trailer>1</trailer>
			<start>19577</start>
			<operations>
				<IRP_Roadef_Challenge_Operation_>
					<point>2</point>
					<arrival>19667</arrival>
					<Quantity>-20000</Quantity>
				</IRP_Roadef_Challenge_Operation_>
				<IRP_Roadef_Challenge_Operation_>
					<point>15</point>
					<arrival>19766</arrival>
					<Quantity>20000</Quantity>
				</IRP_Roadef_Challenge_Operation_>
				<IRP_Roadef_Challenge_Operation_>
					<point>2</point>
					<arrival>19843</arrival>
					<Quantity>-20000</Quantity>
				</IRP_Roadef_Challenge_Operation_>
				<IRP_Roadef_Challenge_Operation_>
					<point>3</point>
					<arrival>19911</arrival>
					<Quantity>7194.5011068469612</Quantity>
				</IRP_Roadef_Challenge_Operation_>
			</operations>
		</IRP_Roadef_Challenge_Shift_>
		<IRP_Roadef_Challenge_Shift_>
			<index>27</index>
			<driver>4</driver>
			<trailer>1</trailer>
			<start>20589</start>
			<operations>
				<IRP_Roadef_Challenge_Operation_>
					<point>4</point>
					<arrival>20707</arrival>
					<Quantity>12787.008</Quantity>
				</IRP_Roadef_Challenge_Operation_>
				<IRP_Roadef_Challenge_Operation_>
					<point>2</point>
					<arrival>20902</arrival>
					<Quantity>-19981.509106846963</Quantity>
				</IRP_Roadef_Challenge_Operation_>
				<IRP_Roadef_Challenge_Operation_>
					<point>23</point>
					<arrival>21025</arrival>
					<Quantity>6199.3999999999651</Quantity>
				</IRP_Roadef_Challenge_Operation_>
				<IRP_Roadef_Challenge_Operation_>
					<point>29</point>
					<arrival>21122</arrival>
					<Quantity>13800.600000000035</Quantity>
				</IRP_Roadef_Challenge_Operation_>
			</operations>
		</IRP_Roadef_Challenge_Shift_>
		<IRP_Roadef_Challenge_Shift_>
			<index>28</index>
			<driver>3</driver>
			<trailer>2</trailer>
			<start>22846</start>
			<operations>
				<IRP_Roadef_Challenge_Operation_>
					<point>9</point>
					<arrival>22924</arrival>
					<Quantity>9664.3613459014723</Quantity>
				</IRP_Roadef_Challenge_Operation_>
				<IRP_Roadef_Challenge_Operation_>
					<point>13</point>
					<arrival>23116</arrival>
					<Quantity>7281.6000000000104</Quantity>
				</IRP_Roadef_Challenge_Operation_>
				<IRP_Roadef_Challenge_Operation_>
					<point>32</point>
					<arrival>23155</arrival>
					<Quantity>6354.0386540985301</Quantity>
				</IRP_Roadef_Challenge_Operation_>
			</operations>
		</IRP_Roadef_Challenge_Shift_>
		<IRP_Roadef_Challenge_Shift_>
			<index>29</index>
			<driver>3</driver>
			<trailer>2</trailer>
			<start>23967</start>
			<operations>
				<IRP_Roadef_Challenge_Operation_>
					<point>2</point>
					<arrival>24057</arrival>
					<Quantity>-23300</Quantity>
				</IRP_Roadef_Challenge_Operation_>
				<IRP_Roadef_Challenge_Operation_>
					<point>15</point>
					<arrival>24156</arrival>
					<Quantity>23300</Quantity>
				</IRP_Roadef_Challenge_Operation_>
				<IRP_Roadef_Challenge_Operation_>
					<point>2</point>
					<arrival>24233</arrival>
					<Quantity>-23300</Quantity>
				</IRP_Roadef_Challenge_Operation_>
			</operations>
		</IRP_Roadef_Challenge_Shift_>
		<IRP_Roadef_Challenge_Shift_>
			<index>30</index>
			<driver>3</driver>
			<trailer>2</trailer>
			<start>24924</start>
			<operations>
				<IRP_Roadef_Challenge_Operation_>
					<point>14</point>
					<arrival>25020</arrival>
					<Quantity>3507.5937969207716</Quantity>
				</IRP_Roadef_Challenge_Operation_>
				<IRP_Roadef_Challenge_Operation_>
					<point>5</point>
					<arrival>25064</arrival>
					<Quantity>16666.480248131742</Quantity>
				</IRP_Roadef_Challenge_Operation_>
				<IRP_Roadef_Challenge_Operation_>
					<point>28</point>
					<arrival>25105</arrival>
					<Quantity>2156.9520400000001</Quantity>
				</IRP_Roadef_Challenge_Operation_>
			</operations>
		</IRP_Roadef_Challenge_Shift_>
		<IRP_Roadef_Challenge_Shift_>
			<index>31</index>
			<driver>1</driver>
			<trailer>5</trailer>
			<start>26535</start>
			<operations>
				<IRP_Roadef_Challenge_Operation_>
					<point>3</point>
					<arrival>26633</arrival>
					<Quantity>6037.5712600000224</Quantity>
				</IRP_Roadef_Challenge_Operation_>
				<IRP_Roadef_Challenge_Operation_>
					<point>33</point>
					<arrival>26677</arrival>
					<Quantity>1</Quantity>
				</IRP_Roadef_Challenge_Operation_>
				<IRP_Roadef_Challenge_Operation_>
					<point>29</point>
					<arrival>26731</arrival>
					<Quantity>13053.185380136132</Quantity>
				</IRP_Roadef_Challenge_Operation_>
				<IRP_Roadef_Challenge_Operation_>
					<point>29</point>
					<arrival>26761</arrival>
					<Quantity>1</Quantity>
				</IRP_Roadef_Challenge_Operation_>
				<IRP_Roadef_Challenge_Operation_>
					<point>2</point>
					<arrival>26817</arrival>
					<Quantity>-23260</Quantity>
				</IRP_Roadef_Challenge_Operation_>
				<IRP_Roadef_Challenge_Operation_>
					<point>2</point>
					<arrival>26867</arrival>
					<Quantity>-3.637978807091713e-12</Quantity>
				</IRP_Roadef_Challenge_Operation_>
				<IRP_Roadef_Challenge_Operation_>
					<point>19</point>
					<arrival>26961</arrival>
					<Quantity>16133.1</Quantity>
				</IRP_Roadef_Challenge_Operation_>
				<IRP_Roadef_Challenge_Operation_>
					<point>33</point>
					<arrival>27029</arrival>
					<Quantity>4206.25</Quantity>
				</IRP_Roadef_Challenge_Operation_>
			</operations>
		</IRP_Roadef_Challenge_Shift_>
		<IRP_Roadef_Challenge_Shift_>
			<index>32</index>
			<driver>4</driver>
			<trailer>1</trailer>
			<start>27165</start>
			<operations>
				<IRP_Roadef_Challenge_Operation_>
					<point>2</point>
					<arrival>27255</arrival>
					<Quantity>-20000</Quantity>
				</IRP_Roadef_Challenge_Operation_>
				<IRP_Roadef_Challenge_Operation_>
					<point>15</point>
					<arrival>27354</arrival>
					<Quantity>20000</Quantity>
				</IRP_Roadef_Challenge_Operation_>
			</operations>
		</IRP_Roadef_Challenge_Shift_>
		<IRP_Roadef_Challenge_Shift_>
			<index>33</index>
			<driver>4</driver>
			<trailer>1</trailer>
			<start>29561</start>
			<operations>
				<IRP_Roadef_Challenge_Operation_>
					<point>2</point>
					<arrival>29651</arrival>
					<Quantity>-20000</Quantity>
				</IRP_Roadef_Challenge_Operation_>
				<IRP_Roadef_Challenge_Operation_>
					<point>15</point>
					<arrival>29750</arrival>
					<Quantity>14379.340139999949</Quantity>
				</IRP_Roadef_Challenge_Operation_>
				<IRP_Roadef_Challenge_Operation_>
					<point>12</point>
					<arrival>29813</arrival>
					<Quantity>840.30000000000098</Quantity>
				</IRP_Roadef_Challenge_Operation_>
				<IRP_Roadef_Challenge_Operation_>
					<point>23</point>
					<arrival>29883</arrival>
					<Quantity>4780.3598600000514</Quantity>
				</IRP_Roadef_Challenge_Operation_>
			</operations>
		</IRP_Roadef_Challenge_Shift_>
		<IRP_Roadef_Challenge_Shift_>
			<index>34</index>
			<driver>4</driver>
			<trailer>1</trailer>
			<start>30616</start>
			<operations>
				<IRP_Roadef_Challenge_Operation_>
					<point>2</point>
					<arrival>30706</arrival>
					<Quantity>-20000</Quantity>
				</IRP_Roadef_Challenge_Operation_>
				<IRP_Roadef_Challenge_Operation_>
					<point>8</point>
					<arrival>30789</arrival>
					<Quantity>11083.185380136249</Quantity>
				</IRP_Roadef_Challenge_Operation_>
				<IRP_Roadef_Challenge_Operation_>
					<point>29</point>
					<arrival>30846</arrival>
					<Quantity>8916.8146198637514</Quantity>
				</IRP_Roadef_Challenge_Operation_>
				<IRP_Roadef_Challenge_Operation_>
					<point>2</point>
					<arrival>30902</arrival>
					<Quantity>-20000</Quantity>
				</IRP_Roadef_Challenge_Operation_>
			</operations>
		</IRP_Roadef_Challenge_Shift_>
		<IRP_Roadef_Challenge_Shift_>
			<index>35</index>
			<driver>0</driver>
			<trailer>0</trailer>
			<start>30920</start>
			<operations>
				<IRP_Roadef_Challenge_Operation_>
					<point>9</point>
					<arrival>30998</arrival>
					<Quantity>14020.938654098563</Quantity>
				</IRP_Roadef_Challenge_Operation_>
				<IRP_Roadef_Challenge_Operation_>
					<point>4</point>
					<arrival>31152</arrival>
					<Quantity>7479.0613459014312</Quantity>
				</IRP_Roadef_Challenge_Operation_>
			</operations>
		</IRP_Roadef_Challenge_Shift_>
		<IRP_Roadef_Challenge_Shift_>
			<index>36</index>
			<driver>0</driver>
			<trailer>0</trailer>
			<start>31849</start>
			<operations>
				<IRP_Roadef_Challenge_Operation_>
					<point>2</point>
					<arrival>31939</arrival>
					<Quantity>-21500</Quantity>
				</IRP_Roadef_Challenge_Operation_>
				<IRP_Roadef_Challenge_Operation_>
					<point>15</point>
					<arrival>32038</arrival>
					<Quantity>21500</Quantity>
				</IRP_Roadef_Challenge_Operation_>
				<IRP_Roadef_Challenge_Operation_>
					<point>2</point>
					<arrival>32115</arrival>
					<Quantity>-21500</Quantity>
				</IRP_Roadef_Challenge_Operation_>
			</operations>
		</IRP_Roadef_Challenge_Shift_>
		<IRP_Roadef_Challenge_Shift_>
			<index>37</index>
			<driver>4</driver>
			<trailer>1</trailer>
			<start>35016</start>
			<operations>
				<IRP_Roadef_Challenge_Operation_>
					<point>33</point>
					<arrival>35100</arrival>
					<Quantity>617.90000000009968</Quantity>
				</IRP_Roadef_Challenge_Operation_>
				<IRP_Roadef_Challenge_Operation_>
					<point>29</point>
					<arrival>35154</arrival>
					<Quantity>13732.699999999939</Quantity>
				</IRP_Roadef_Challenge_Operation_>
				<IRP_Roadef_Challenge_Operation_>
					<point>3</point>
					<arrival>35221</arrival>
					<Quantity>5649.3999999999614</Quantity>
				</IRP_Roadef_Challenge_Operation_>
				<IRP_Roadef_Challenge_Operation_>
					<point>2</point>
					<arrival>35269</arrival>
					<Quantity>-20000</Quantity>
				</IRP_Roadef_Challenge_Operation_>
				<IRP_Roadef_Challenge_Operation_>
					<point>15</point>
					<arrival>35368</arrival>
					<Quantity>20000</Quantity>
				</IRP_Roadef_Challenge_Operation_>
				<IRP_Roadef_Challenge_Operation_>
					<point>2</point>
					<arrival>35445</arrival>
					<Quantity>-20000</Quantity>
				</IRP_Roadef_Challenge_Operation_>
			</operations>
		</IRP_Roadef_Challenge_Shift_>
		<IRP_Roadef_Challenge_Shift_>
			<index>38</index>
			<driver>2</driver>
			<trailer>4</trailer>
			<start>36988</start>
			<operations>
				<IRP_Roadef_Challenge_Operation_>
					<point>19</point>
					<arrival>37109</arrival>
					<Quantity>8261.600000000004</Quantity>
				</IRP_Roadef_Challenge_Operation_>
				<IRP_Roadef_Challenge_Operation_>
					<point>15</point>
					<arrival>37160</arrival>
					<Quantity>12237.400000000001</Quantity>
				</IRP_Roadef_Challenge_Operation_>
				<IRP_Roadef_Challenge_Operation_>
					<point>2</point>
					<arrival>37237</arrival>
					<Quantity>-20500</Quantity>
				</IRP_Roadef_Challenge_Operation_>
			</operations>
		</IRP_Roadef_Challenge_Shift_>
		<IRP_Roadef_Challenge_Shift_>
			<index>39</index>
			<driver>0</driver>
			<trailer>0</trailer>
			<start>39708</start>
			<operations>
				<IRP_Roadef_Challenge_Operation_>
					<point>9</point>
					<arrival>39786</arrival>
					<Quantity>10753.500000000009</Quantity>
				</IRP_Roadef_Challenge_Operation_>
				<IRP_Roadef_Challenge_Operation_>
					<point>4</point>
					<arrival>39940</arrival>
					<Quantity>10746.499999999996</Quantity>
				</IRP_Roadef_Challenge_Operation_>
			</operations>
		</IRP_Roadef_Challenge_Shift_>
		<IRP_Roadef_Challenge_Shift_>
			<index>40</index>
			<driver>4</driver>
			<trailer>1</trailer>
			<start>40644</start>
			<operations>
				<IRP_Roadef_Challenge_Operation_>
					<point>15</point>
					<arrival>40773</arrival>
					<Quantity>20000</Quantity>
				</IRP_Roadef_Challenge_Operation_>
				<IRP_Roadef_Challenge_Operation_>
					<point>2</point>
					<arrival>40850</arrival>
					<Quantity>-20000.000000000004</Quantity>
				</IRP_Roadef_Challenge_Operation_>
				<IRP_Roadef_Challenge_Operation_>
					<point>15</point>
					<arrival>40949</arrival>
					<Quantity>13417.999999999975</Quantity>
				</IRP_Roadef_Challenge_Operation_>
				<IRP_Roadef_Challenge_Operation_>
					<point>23</point>
					<arrival>41031</arrival>
					<Quantity>6216.2401400000017</Quantity>
				</IRP_Roadef_Challenge_Operation_>
				<IRP_Roadef_Challenge_Operation_>
					<point>2</point>
					<arrival>41133</arrival>
					<Quantity>-19634.240139999976</Quantity>
				</IRP_Roadef_Challenge_Operation_>
			</operations>
		</IRP_Roadef_Challenge_Shift_>
		<IRP_Roadef_Challenge_Shift_>
			<index>41</index>
			<driver>2</driver>
			<trailer>4</trailer>
			<start>41157</start>
			<operations>
				<IRP_Roadef_Challenge_Operation_>
					<point>29</point>
					<arrival>41261</arrival>
					<Quantity>16404.999999999996</Quantity>
				</IRP_Roadef_Challenge_Operation_>
				<IRP_Roadef_Challenge_Operation_>
					<point>2</point>
					<arrival>41317</arrival>
					<Quantity>-16404.999999999996</Quantity>
				</IRP_Roadef_Challenge_Operation_>
				<IRP_Roadef_Challenge_Operation_>
					<point>3</point>
					<arrival>41385</arrival>
					<Quantity>7884.0999999999622</Quantity>
				</IRP_Roadef_Challenge_Operation_>
				<IRP_Roadef_Challenge_Operation_>
					<point>33</point>
					<arrival>41429</arrival>
					<Quantity>74.349999999887586</Quantity>
				</IRP_Roadef_Challenge_Operation_>
			</operations>
		</IRP_Roadef_Challenge_Shift_>
		<IRP_Roadef_Challenge_Shift_>
			<index>42</index>
			<driver>4</driver>
			<trailer>1</trailer>
			<start>45037</start>
			<operations>
				<IRP_Roadef_Challenge_Operation_>
					<point>9</point>
					<arrival>45115</arrival>
					<Quantity>9812.3000000000447</Quantity>
				</IRP_Roadef_Challenge_Operation_>
				<IRP_Roadef_Challenge_Operation_>
					<point>5</point>
					<arrival>45180</arrival>
					<Quantity>8338.5999999999622</Quantity>
				</IRP_Roadef_Challenge_Operation_>
				<IRP_Roadef_Challenge_Operation_>
					<point>28</point>
					<arrival>45221</arrival>
					<Quantity>1849.0999999999976</Quantity>
				</IRP_Roadef_Challenge_Operation_>
			</operations>
		</IRP_Roadef_Challenge_Shift_>
		<IRP_Roadef_Challenge_Shift_>
			<index>43</index>
			<driver>2</driver>
			<trailer>4</trailer>
			<start>45043</start>
			<operations>
				<IRP_Roadef_Challenge_Operation_>
					<point>21</point>
					<arrival>45120</arrival>
					<Quantity>3860.6999999999589</Quantity>
				</IRP_Roadef_Challenge_Operation_>
				<IRP_Roadef_Challenge_Operation_>
					<point>2</point>
					<arrival>45168</arrival>
					<Quantity>-11819.149999999809</Quantity>
				</IRP_Roadef_Challenge_Operation_>
				<IRP_Roadef_Challenge_Operation_>
					<point>15</point>
					<arrival>45267</arrival>
					<Quantity>19966.800000000392</Quantity>
				</IRP_Roadef_Challenge_Operation_>
			</operations>
		</IRP_Roadef_Challenge_Shift_>
		<IRP_Roadef_Challenge_Shift_>
			<index>44</index>
			<driver>0</driver>
			<trailer>0</trailer>
			<start>46663</start>
			<operations>
				<IRP_Roadef_Challenge_Operation_>
					<point>2</point>
					<arrival>46753</arrival>
					<Quantity>-21500</Quantity>
				</IRP_Roadef_Challenge_Operation_>
				<IRP_Roadef_Challenge_Operation_>
					<point>29</point>
					<arrival>46830</arrival>
					<Quantity>16199.681939999817</Quantity>
				</IRP_Roadef_Challenge_Operation_>
				<IRP_Roadef_Challenge_Operation_>
					<point>33</point>
					<arrival>46883</arrival>
					<Quantity>4206.25</Quantity>
				</IRP_Roadef_Challenge_Operation_>
				<IRP_Roadef_Challenge_Operation_>
					<point>2</point>
					<arrival>46919</arrival>
					<Quantity>-20405.931939999817</Quantity>
				</IRP_Roadef_Challenge_Operation_>
				<IRP_Roadef_Challenge_Operation_>
					<point>15</point>
					<arrival>47018</arrival>
					<Quantity>21500</Quantity>
				</IRP_Roadef_Challenge_Operation_>
				<IRP_Roadef_Challenge_Operation_>
					<point>2</point>
					<arrival>47095</arrival>
					<Quantity>-21500</Quantity>
				</IRP_Roadef_Challenge_Operation_>
				<IRP_Roadef_Challenge_Operation_>
					<point>19</point>
					<arrival>47189</arrival>
					<Quantity>16133.100000000008</Quantity>
				</IRP_Roadef_Challenge_Operation_>
				<IRP_Roadef_Challenge_Operation_>
					<point>8</point>
					<arrival>47240</arrival>
					<Quantity>5366.8999999999978</Quantity>
				</IRP_Roadef_Challenge_Operation_>
			</operations>
		</IRP_Roadef_Challenge_Shift_>
		<IRP_Roadef_Challenge_Shift_>
			<index>45</index>
			<driver>4</driver>
			<trailer>1</trailer>
			<start>49606</start>
			<operations>
				<IRP_Roadef_Challenge_Operation_>
					<point>2</point>
					<arrival>49696</arrival>
					<Quantity>-20000</Quantity>
				</IRP_Roadef_Challenge_Operation_>
				<IRP_Roadef_Challenge_Operation_>
					<point>8</point>
					<arrival>49779</arrival>
					<Quantity>14073.481940000034</Quantity>
				</IRP_Roadef_Challenge_Operation_>
				<IRP_Roadef_Challenge_Operation_>
					<point>29</point>
					<arrival>49836</arrival>
					<Quantity>5926.5180599999658</Quantity>
				</IRP_Roadef_Challenge_Operation_>
				<IRP_Roadef_Challenge_Operation_>
					<point>2</point>
					<arrival>49892</arrival>
					<Quantity>-20000</Quantity>
				</IRP_Roadef_Challenge_Operation_>
				<IRP_Roadef_Challenge_Operation_>
					<point>3</point>
					<arrival>49960</arrival>
					<Quantity>8403.2287400000059</Quantity>
				</IRP_Roadef_Challenge_Operation_>
				<IRP_Roadef_Challenge_Operation_>
					<point>2</point>
					<arrival>50008</arrival>
					<Quantity>-8403.2287400000059</Quantity>
				</IRP_Roadef_Challenge_Operation_>
				<IRP_Roadef_Challenge_Operation_>
					<point>15</point>
					<arrival>50107</arrival>
					<Quantity>20000</Quantity>
				</IRP_Roadef_Challenge_Operation_>
				<IRP_Roadef_Challenge_Operation_>
					<point>2</point>
					<arrival>50184</arrival>
					<Quantity>-20000</Quantity>
				</IRP_Roadef_Challenge_Operation_>
				<IRP_Roadef_Challenge_Operation_>
					<point>17</point>
					<arrival>50302</arrival>
					<Quantity>14674.065196226715</Quantity>
				</IRP_Roadef_Challenge_Operation_>
			</operations>
		</IRP_Roadef_Challenge_Shift_>
	</Shifts>
</IRP_Roadef_Challenge_Output>
