<?xml version="1.0"?>
<IRP_Roadef_Challenge_Output>
	<Shifts>
		<IRP_Roadef_Challenge_Shift_>
			<index>0</index>
			<driver>6</driver>
			<trailer>4</trailer>
			<start>0</start>
			<operations>
				<IRP_Roadef_Challenge_Operation_>
					<point>168</point>
					<arrival>131</arrival>
					<Quantity>16226.579141235386</Quantity>
				</IRP_Roadef_Challenge_Operation_>
				<IRP_Roadef_Challenge_Operation_>
					<point>106</point>
					<arrival>187</arrival>
					<Quantity>676.40641999999798</Quantity>
				</IRP_Roadef_Challenge_Operation_>
				<IRP_Roadef_Challenge_Operation_>
					<point>1</point>
					<arrival>364</arrival>
					<Quantity>-16902.985561235386</Quantity>
				</IRP_Roadef_Challenge_Operation_>
				<IRP_Roadef_Challenge_Operation_>
					<point>272</point>
					<arrival>1080</arrival>
					<Quantity>3385.5665958404488</Quantity>
				</IRP_Roadef_Challenge_Operation_>
				<IRP_Roadef_Challenge_Operation_>
					<point>90</point>
					<arrival>1155</arrival>
					<Quantity>13189.905583763124</Quantity>
				</IRP_Roadef_Challenge_Operation_>
				<IRP_Roadef_Challenge_Operation_>
					<point>60</point>
					<arrival>1890</arrival>
					<Quantity>635.52698083496125</Quantity>
				</IRP_Roadef_Challenge_Operation_>
				<IRP_Roadef_Challenge_Operation_>
					<point>39</point>
					<arrival>1950</arrival>
					<Quantity>2178</Quantity>
				</IRP_Roadef_Challenge_Operation_>
				<IRP_Roadef_Challenge_Operation_>
					<point>1</point>
					<arrival>2031</arrival>
					<Quantity>-19388.999160438536</Quantity>
				</IRP_Roadef_Challenge_Operation_>
				<IRP_Roadef_Challenge_Operation_>
					<point>204</point>
					<arrival>3300</arrival>
					<Quantity>2843.6809523772367</Quantity>
				</IRP_Roadef_Challenge_Operation_>
				<IRP_Roadef_Challenge_Operation_>
					<point>240</point>
					<arrival>3552</arrival>
					<Quantity>3410.0640691757203</Quantity>
				</IRP_Roadef_Challenge_Operation_>
				<IRP_Roadef_Challenge_Operation_>
					<point>59</point>
					<arrival>4200</arrival>
					<Quantity>2040.0041305541949</Quantity>
				</IRP_Roadef_Challenge_Operation_>
			</operations>
		</IRP_Roadef_Challenge_Shift_>
		<IRP_Roadef_Challenge_Shift_>
			<index>1</index>
			<driver>3</driver>
			<trailer>13</trailer>
			<start>0</start>
			<operations>
				<IRP_Roadef_Challenge_Operation_>
					<point>81</point>
					<arrival>420</arrival>
					<Quantity>3200.8538906860394</Quantity>
				</IRP_Roadef_Challenge_Operation_>
				<IRP_Roadef_Challenge_Operation_>
					<point>63</point>
					<arrival>458</arrival>
					<Quantity>4303.9610725402918</Quantity>
				</IRP_Roadef_Challenge_Operation_>
				<IRP_Roadef_Challenge_Operation_>
					<point>33</point>
					<arrival>623</arrival>
					<Quantity>505.20831722393029</Quantity>
				</IRP_Roadef_Challenge_Operation_>
				<IRP_Roadef_Challenge_Operation_>
					<point>268</point>
					<arrival>1648</arrival>
					<Quantity>8049.9000000000051</Quantity>
				</IRP_Roadef_Challenge_Operation_>
				<IRP_Roadef_Challenge_Operation_>
					<point>70</point>
					<arrival>1866</arrival>
					<Quantity>930</Quantity>
				</IRP_Roadef_Challenge_Operation_>
				<IRP_Roadef_Challenge_Operation_>
					<point>69</point>
					<arrival>1972</arrival>
					<Quantity>1072.5748799999899</Quantity>
				</IRP_Roadef_Challenge_Operation_>
				<IRP_Roadef_Challenge_Operation_>
					<point>230</point>
					<arrival>2055</arrival>
					<Quantity>790.30000000000246</Quantity>
				</IRP_Roadef_Challenge_Operation_>
				<IRP_Roadef_Challenge_Operation_>
					<point>50</point>
					<arrival>2085</arrival>
					<Quantity>1093.0481547546383</Quantity>
				</IRP_Roadef_Challenge_Operation_>
			</operations>
		</IRP_Roadef_Challenge_Shift_>
		<IRP_Roadef_Challenge_Shift_>
			<index>2</index>
			<driver>10</driver>
			<trailer>7</trailer>
			<start>0</start>
			<operations>
				<IRP_Roadef_Challenge_Operation_>
					<point>117</point>
					<arrival>139</arrival>
					<Quantity>3914.5030419311793</Quantity>
				</IRP_Roadef_Challenge_Operation_>
				<IRP_Roadef_Challenge_Operation_>
					<point>285</point>
					<arrival>279</arrival>
					<Quantity>797.98297416687058</Quantity>
				</IRP_Roadef_Challenge_Operation_>
				<IRP_Roadef_Challenge_Operation_>
					<point>1</point>
					<arrival>432</arrival>
					<Quantity>-20983.667542523799</Quantity>
				</IRP_Roadef_Challenge_Operation_>
				<IRP_Roadef_Challenge_Operation_>
					<point>151</point>
					<arrival>543</arrival>
					<Quantity>20983.667542523799</Quantity>
				</IRP_Roadef_Challenge_Operation_>
				<IRP_Roadef_Challenge_Operation_>
					<point>1</point>
					<arrival>652</arrival>
					<Quantity>-20983.667542523799</Quantity>
				</IRP_Roadef_Challenge_Operation_>
				<IRP_Roadef_Challenge_Operation_>
					<point>243</point>
					<arrival>725</arrival>
					<Quantity>9797.6591018676809</Quantity>
				</IRP_Roadef_Challenge_Operation_>
				<IRP_Roadef_Challenge_Operation_>
					<point>172</point>
					<arrival>1860</arrival>
					<Quantity>1254.6465076446443</Quantity>
				</IRP_Roadef_Challenge_Operation_>
				<IRP_Roadef_Challenge_Operation_>
					<point>211</point>
					<arrival>2025</arrival>
					<Quantity>962.39999999999998</Quantity>
				</IRP_Roadef_Challenge_Operation_>
				<IRP_Roadef_Challenge_Operation_>
					<point>1</point>
					<arrival>2212</arrival>
					<Quantity>-12014.705609512326</Quantity>
				</IRP_Roadef_Challenge_Operation_>
			</operations>
		</IRP_Roadef_Challenge_Shift_>
		<IRP_Roadef_Challenge_Shift_>
			<index>3</index>
			<driver>9</driver>
			<trailer>11</trailer>
			<start>200</start>
			<operations>
				<IRP_Roadef_Challenge_Operation_>
					<point>160</point>
					<arrival>260</arrival>
					<Quantity>2213.0300100326504</Quantity>
				</IRP_Roadef_Challenge_Operation_>
				<IRP_Roadef_Challenge_Operation_>
					<point>318</point>
					<arrival>340</arrival>
					<Quantity>9124.2179439789579</Quantity>
				</IRP_Roadef_Challenge_Operation_>
				<IRP_Roadef_Challenge_Operation_>
					<point>294</point>
					<arrival>399</arrival>
					<Quantity>1597.2308210754384</Quantity>
				</IRP_Roadef_Challenge_Operation_>
				<IRP_Roadef_Challenge_Operation_>
					<point>139</point>
					<arrival>463</arrival>
					<Quantity>6113.4646393491857</Quantity>
				</IRP_Roadef_Challenge_Operation_>
				<IRP_Roadef_Challenge_Operation_>
					<point>99</point>
					<arrival>523</arrival>
					<Quantity>1408.9336647033701</Quantity>
				</IRP_Roadef_Challenge_Operation_>
				<IRP_Roadef_Challenge_Operation_>
					<point>312</point>
					<arrival>573</arrival>
					<Quantity>833.60000000000014</Quantity>
				</IRP_Roadef_Challenge_Operation_>
				<IRP_Roadef_Challenge_Operation_>
					<point>1</point>
					<arrival>644</arrival>
					<Quantity>-21290.4770791396</Quantity>
				</IRP_Roadef_Challenge_Operation_>
				<IRP_Roadef_Challenge_Operation_>
					<point>88</point>
					<arrival>752</arrival>
					<Quantity>20396.799999999937</Quantity>
				</IRP_Roadef_Challenge_Operation_>
				<IRP_Roadef_Challenge_Operation_>
					<point>1</point>
					<arrival>861</arrival>
					<Quantity>-20396.799999999937</Quantity>
				</IRP_Roadef_Challenge_Operation_>
				<IRP_Roadef_Challenge_Operation_>
					<point>132</point>
					<arrival>963</arrival>
					<Quantity>12431.607124647016</Quantity>
				</IRP_Roadef_Challenge_Operation_>
				<IRP_Roadef_Challenge_Operation_>
					<point>5</point>
					<arrival>1038</arrival>
					<Quantity>1643.5564498901388</Quantity>
				</IRP_Roadef_Challenge_Operation_>
				<IRP_Roadef_Challenge_Operation_>
					<point>297</point>
					<arrival>1800</arrival>
					<Quantity>3886.4833024997824</Quantity>
				</IRP_Roadef_Challenge_Operation_>
				<IRP_Roadef_Challenge_Operation_>
					<point>128</point>
					<arrival>2060</arrival>
					<Quantity>3328.8302021026589</Quantity>
				</IRP_Roadef_Challenge_Operation_>
				<IRP_Roadef_Challenge_Operation_>
					<point>1</point>
					<arrival>2364</arrival>
					<Quantity>-21290.4770791396</Quantity>
				</IRP_Roadef_Challenge_Operation_>
			</operations>
		</IRP_Roadef_Challenge_Shift_>
		<IRP_Roadef_Challenge_Shift_>
			<index>4</index>
			<driver>11</driver>
			<trailer>6</trailer>
			<start>262</start>
			<operations>
				<IRP_Roadef_Challenge_Operation_>
					<point>78</point>
					<arrival>274</arrival>
					<Quantity>619.89999999999986</Quantity>
				</IRP_Roadef_Challenge_Operation_>
				<IRP_Roadef_Challenge_Operation_>
					<point>291</point>
					<arrival>304</arrival>
					<Quantity>5040</Quantity>
				</IRP_Roadef_Challenge_Operation_>
				<IRP_Roadef_Challenge_Operation_>
					<point>1</point>
					<arrival>347</arrival>
					<Quantity>-17659.900374657802</Quantity>
				</IRP_Roadef_Challenge_Operation_>
				<IRP_Roadef_Challenge_Operation_>
					<point>309</point>
					<arrival>606</arrival>
					<Quantity>1978.4240205764781</Quantity>
				</IRP_Roadef_Challenge_Operation_>
				<IRP_Roadef_Challenge_Operation_>
					<point>21</point>
					<arrival>674</arrival>
					<Quantity>572.20367999999883</Quantity>
				</IRP_Roadef_Challenge_Operation_>
				<IRP_Roadef_Challenge_Operation_>
					<point>204</point>
					<arrival>820</arrival>
					<Quantity>0.119047622764462</Quantity>
				</IRP_Roadef_Challenge_Operation_>
				<IRP_Roadef_Challenge_Operation_>
					<point>197</point>
					<arrival>875</arrival>
					<Quantity>2427.0885246276948</Quantity>
				</IRP_Roadef_Challenge_Operation_>
				<IRP_Roadef_Challenge_Operation_>
					<point>27</point>
					<arrival>907</arrival>
					<Quantity>6624.1911330277017</Quantity>
				</IRP_Roadef_Challenge_Operation_>
				<IRP_Roadef_Challenge_Operation_>
					<point>246</point>
					<arrival>1033</arrival>
					<Quantity>5462.5022363763346</Quantity>
				</IRP_Roadef_Challenge_Operation_>
				<IRP_Roadef_Challenge_Operation_>
					<point>205</point>
					<arrival>1796</arrival>
					<Quantity>5197.3770488845275</Quantity>
				</IRP_Roadef_Challenge_Operation_>
				<IRP_Roadef_Challenge_Operation_>
					<point>1</point>
					<arrival>2042</arrival>
					<Quantity>-22261.905691115498</Quantity>
				</IRP_Roadef_Challenge_Operation_>
			</operations>
		</IRP_Roadef_Challenge_Shift_>
		<IRP_Roadef_Challenge_Shift_>
			<index>5</index>
			<driver>4</driver>
			<trailer>2</trailer>
			<start>278</start>
			<operations>
				<IRP_Roadef_Challenge_Operation_>
					<point>165</point>
					<arrival>317</arrival>
					<Quantity>2634.4494093843377</Quantity>
				</IRP_Roadef_Challenge_Operation_>
				<IRP_Roadef_Challenge_Operation_>
					<point>24</point>
					<arrival>367</arrival>
					<Quantity>1034.0000000000014</Quantity>
				</IRP_Roadef_Challenge_Operation_>
				<IRP_Roadef_Challenge_Operation_>
					<point>45</point>
					<arrival>404</arrival>
					<Quantity>998.21745407227138</Quantity>
				</IRP_Roadef_Challenge_Operation_>
				<IRP_Roadef_Challenge_Operation_>
					<point>131</point>
					<arrival>449</arrival>
					<Quantity>190.47619642313899</Quantity>
				</IRP_Roadef_Challenge_Operation_>
				<IRP_Roadef_Challenge_Operation_>
					<point>1</point>
					<arrival>534</arrival>
					<Quantity>-4857.1430598797497</Quantity>
				</IRP_Roadef_Challenge_Operation_>
				<IRP_Roadef_Challenge_Operation_>
					<point>304</point>
					<arrival>643</arrival>
					<Quantity>1860</Quantity>
				</IRP_Roadef_Challenge_Operation_>
				<IRP_Roadef_Challenge_Operation_>
					<point>89</point>
					<arrival>700</arrival>
					<Quantity>242.5248</Quantity>
				</IRP_Roadef_Challenge_Operation_>
				<IRP_Roadef_Challenge_Operation_>
					<point>213</point>
					<arrival>756</arrival>
					<Quantity>1319.7772834014872</Quantity>
				</IRP_Roadef_Challenge_Operation_>
				<IRP_Roadef_Challenge_Operation_>
					<point>242</point>
					<arrival>789</arrival>
					<Quantity>1434.8409764782623</Quantity>
				</IRP_Roadef_Challenge_Operation_>
			</operations>
		</IRP_Roadef_Challenge_Shift_>
		<IRP_Roadef_Challenge_Shift_>
			<index>6</index>
			<driver>12</driver>
			<trailer>1</trailer>
			<start>661</start>
			<operations>
				<IRP_Roadef_Challenge_Operation_>
					<point>1</point>
					<arrival>664</arrival>
					<Quantity>-22261.905691115498</Quantity>
				</IRP_Roadef_Challenge_Operation_>
				<IRP_Roadef_Challenge_Operation_>
					<point>277</point>
					<arrival>848</arrival>
					<Quantity>20258.505691115501</Quantity>
				</IRP_Roadef_Challenge_Operation_>
				<IRP_Roadef_Challenge_Operation_>
					<point>61</point>
					<arrival>939</arrival>
					<Quantity>1518.3</Quantity>
				</IRP_Roadef_Challenge_Operation_>
				<IRP_Roadef_Challenge_Operation_>
					<point>239</point>
					<arrival>1920</arrival>
					<Quantity>485.10000000000002</Quantity>
				</IRP_Roadef_Challenge_Operation_>
				<IRP_Roadef_Challenge_Operation_>
					<point>1</point>
					<arrival>2220</arrival>
					<Quantity>-22261.905691115498</Quantity>
				</IRP_Roadef_Challenge_Operation_>
			</operations>
		</IRP_Roadef_Challenge_Shift_>
		<IRP_Roadef_Challenge_Shift_>
			<index>7</index>
			<driver>7</driver>
			<trailer>12</trailer>
			<start>720</start>
			<operations>
				<IRP_Roadef_Challenge_Operation_>
					<point>1</point>
					<arrival>723</arrival>
					<Quantity>-20422.381398115194</Quantity>
				</IRP_Roadef_Challenge_Operation_>
				<IRP_Roadef_Challenge_Operation_>
					<point>188</point>
					<arrival>840</arrival>
					<Quantity>1193.6360611724845</Quantity>
				</IRP_Roadef_Challenge_Operation_>
				<IRP_Roadef_Challenge_Operation_>
					<point>251</point>
					<arrival>942</arrival>
					<Quantity>2979.7978799999837</Quantity>
				</IRP_Roadef_Challenge_Operation_>
				<IRP_Roadef_Challenge_Operation_>
					<point>40</point>
					<arrival>974</arrival>
					<Quantity>3340.5186934575177</Quantity>
				</IRP_Roadef_Challenge_Operation_>
				<IRP_Roadef_Challenge_Operation_>
					<point>288</point>
					<arrival>1068</arrival>
					<Quantity>2574.8074628842173</Quantity>
				</IRP_Roadef_Challenge_Operation_>
				<IRP_Roadef_Challenge_Operation_>
					<point>255</point>
					<arrival>1100</arrival>
					<Quantity>6569.6799090766908</Quantity>
				</IRP_Roadef_Challenge_Operation_>
				<IRP_Roadef_Challenge_Operation_>
					<point>141</point>
					<arrival>1167</arrival>
					<Quantity>3984.4179978980046</Quantity>
				</IRP_Roadef_Challenge_Operation_>
			</operations>
		</IRP_Roadef_Challenge_Shift_>
		<IRP_Roadef_Challenge_Shift_>
			<index>8</index>
			<driver>1</driver>
			<trailer>9</trailer>
			<start>801</start>
			<operations>
				<IRP_Roadef_Challenge_Operation_>
					<point>149</point>
					<arrival>899</arrival>
					<Quantity>6199.8388574612509</Quantity>
				</IRP_Roadef_Challenge_Operation_>
				<IRP_Roadef_Challenge_Operation_>
					<point>66</point>
					<arrival>929</arrival>
					<Quantity>10975.400000000016</Quantity>
				</IRP_Roadef_Challenge_Operation_>
				<IRP_Roadef_Challenge_Operation_>
					<point>171</point>
					<arrival>1043</arrival>
					<Quantity>4309.5239440735304</Quantity>
				</IRP_Roadef_Challenge_Operation_>
			</operations>
		</IRP_Roadef_Challenge_Shift_>
		<IRP_Roadef_Challenge_Shift_>
			<index>9</index>
			<driver>5</driver>
			<trailer>8</trailer>
			<start>958</start>
			<operations>
				<IRP_Roadef_Challenge_Operation_>
					<point>109</point>
					<arrival>1088</arrival>
					<Quantity>507.50000000000023</Quantity>
				</IRP_Roadef_Challenge_Operation_>
				<IRP_Roadef_Challenge_Operation_>
					<point>7</point>
					<arrival>1199</arrival>
					<Quantity>17321.943246193823</Quantity>
				</IRP_Roadef_Challenge_Operation_>
				<IRP_Roadef_Challenge_Operation_>
					<point>152</point>
					<arrival>1361</arrival>
					<Quantity>2570.5576053011755</Quantity>
				</IRP_Roadef_Challenge_Operation_>
				<IRP_Roadef_Challenge_Operation_>
					<point>1</point>
					<arrival>1454</arrival>
					<Quantity>-20400.000851494999</Quantity>
				</IRP_Roadef_Challenge_Operation_>
				<IRP_Roadef_Challenge_Operation_>
					<point>3</point>
					<arrival>1562</arrival>
					<Quantity>10064.828009999999</Quantity>
				</IRP_Roadef_Challenge_Operation_>
				<IRP_Roadef_Challenge_Operation_>
					<point>103</point>
					<arrival>1609</arrival>
					<Quantity>2661.90484501337</Quantity>
				</IRP_Roadef_Challenge_Operation_>
				<IRP_Roadef_Challenge_Operation_>
					<point>316</point>
					<arrival>1639</arrival>
					<Quantity>3949.3999999999969</Quantity>
				</IRP_Roadef_Challenge_Operation_>
			</operations>
		</IRP_Roadef_Challenge_Shift_>
		<IRP_Roadef_Challenge_Shift_>
			<index>10</index>
			<driver>2</driver>
			<trailer>3</trailer>
			<start>1347</start>
			<operations>
				<IRP_Roadef_Challenge_Operation_>
					<point>1</point>
					<arrival>1350</arrival>
					<Quantity>-26876.1915980013</Quantity>
				</IRP_Roadef_Challenge_Operation_>
				<IRP_Roadef_Challenge_Operation_>
					<point>79</point>
					<arrival>1509</arrival>
					<Quantity>14550.671506793777</Quantity>
				</IRP_Roadef_Challenge_Operation_>
				<IRP_Roadef_Challenge_Operation_>
					<point>176</point>
					<arrival>1582</arrival>
					<Quantity>7621.619440267652</Quantity>
				</IRP_Roadef_Challenge_Operation_>
				<IRP_Roadef_Challenge_Operation_>
					<point>101</point>
					<arrival>1715</arrival>
					<Quantity>4703.9006509398714</Quantity>
				</IRP_Roadef_Challenge_Operation_>
				<IRP_Roadef_Challenge_Operation_>
					<point>1</point>
					<arrival>1824</arrival>
					<Quantity>-26876.1915980013</Quantity>
				</IRP_Roadef_Challenge_Operation_>
				<IRP_Roadef_Challenge_Operation_>
					<point>58</point>
					<arrival>1930</arrival>
					<Quantity>304.76191427702298</Quantity>
				</IRP_Roadef_Challenge_Operation_>
				<IRP_Roadef_Challenge_Operation_>
					<point>154</point>
					<arrival>1960</arrival>
					<Quantity>174.98400993347343</Quantity>
				</IRP_Roadef_Challenge_Operation_>
				<IRP_Roadef_Challenge_Operation_>
					<point>241</point>
					<arrival>2003</arrival>
					<Quantity>8825.9205322266025</Quantity>
				</IRP_Roadef_Challenge_Operation_>
				<IRP_Roadef_Challenge_Operation_>
					<point>225</point>
					<arrival>2046</arrival>
					<Quantity>14160.470147323609</Quantity>
				</IRP_Roadef_Challenge_Operation_>
				<IRP_Roadef_Challenge_Operation_>
					<point>245</point>
					<arrival>2129</arrival>
					<Quantity>3410.0549942405924</Quantity>
				</IRP_Roadef_Challenge_Operation_>
			</operations>
		</IRP_Roadef_Challenge_Shift_>
		<IRP_Roadef_Challenge_Shift_>
			<index>11</index>
			<driver>4</driver>
			<trailer>2</trailer>
			<start>1714</start>
			<operations>
				<IRP_Roadef_Challenge_Operation_>
					<point>1</point>
					<arrival>1717</arrival>
					<Quantity>-4857.1430598797497</Quantity>
				</IRP_Roadef_Challenge_Operation_>
				<IRP_Roadef_Challenge_Operation_>
					<point>289</point>
					<arrival>1836</arrival>
					<Quantity>775.13387484302098</Quantity>
				</IRP_Roadef_Challenge_Operation_>
				<IRP_Roadef_Challenge_Operation_>
					<point>275</point>
					<arrival>1890</arrival>
					<Quantity>259.02985147705067</Quantity>
				</IRP_Roadef_Challenge_Operation_>
				<IRP_Roadef_Challenge_Operation_>
					<point>136</point>
					<arrival>1928</arrival>
					<Quantity>3822.9793335596783</Quantity>
				</IRP_Roadef_Challenge_Operation_>
				<IRP_Roadef_Challenge_Operation_>
					<point>1</point>
					<arrival>2062</arrival>
					<Quantity>-4857.1430598797497</Quantity>
				</IRP_Roadef_Challenge_Operation_>
			</operations>
		</IRP_Roadef_Challenge_Shift_>
		<IRP_Roadef_Challenge_Shift_>
			<index>12</index>
			<driver>8</driver>
			<trailer>0</trailer>
			<start>1844</start>
			<operations>
				<IRP_Roadef_Challenge_Operation_>
					<point>192</point>
					<arrival>1860</arrival>
					<Quantity>3401.9145053797047</Quantity>
				</IRP_Roadef_Challenge_Operation_>
				<IRP_Roadef_Challenge_Operation_>
					<point>185</point>
					<arrival>1890</arrival>
					<Quantity>1233.8000000000056</Quantity>
				</IRP_Roadef_Challenge_Operation_>
				<IRP_Roadef_Challenge_Operation_>
					<point>1</point>
					<arrival>1938</arrival>
					<Quantity>-7123.8098211569704</Quantity>
				</IRP_Roadef_Challenge_Operation_>
				<IRP_Roadef_Challenge_Operation_>
					<point>84</point>
					<arrival>2060</arrival>
					<Quantity>7123.8098211569695</Quantity>
				</IRP_Roadef_Challenge_Operation_>
				<IRP_Roadef_Challenge_Operation_>
					<point>1</point>
					<arrival>2155</arrival>
					<Quantity>-7123.8098211569704</Quantity>
				</IRP_Roadef_Challenge_Operation_>
				<IRP_Roadef_Challenge_Operation_>
					<point>71</point>
					<arrival>2259</arrival>
					<Quantity>7123.8098211569713</Quantity>
				</IRP_Roadef_Challenge_Operation_>
				<IRP_Roadef_Challenge_Operation_>
					<point>1</point>
					<arrival>2335</arrival>
					<Quantity>-7123.8098211569704</Quantity>
				</IRP_Roadef_Challenge_Operation_>
				<IRP_Roadef_Challenge_Operation_>
					<point>314</point>
					<arrival>2436</arrival>
					<Quantity>2406</Quantity>
				</IRP_Roadef_Challenge_Operation_>
				<IRP_Roadef_Challenge_Operation_>
					<point>49</point>
					<arrival>2466</arrival>
					<Quantity>962.39999999999998</Quantity>
				</IRP_Roadef_Challenge_Operation_>
				<IRP_Roadef_Challenge_Operation_>
					<point>124</point>
					<arrival>2496</arrival>
					<Quantity>2169</Quantity>
				</IRP_Roadef_Challenge_Operation_>
			</operations>
		</IRP_Roadef_Challenge_Shift_>
		<IRP_Roadef_Challenge_Shift_>
			<index>13</index>
			<driver>1</driver>
			<trailer>9</trailer>
			<start>1998</start>
			<operations>
				<IRP_Roadef_Challenge_Operation_>
					<point>1</point>
					<arrival>2001</arrival>
					<Quantity>-21484.762801534798</Quantity>
				</IRP_Roadef_Challenge_Operation_>
				<IRP_Roadef_Challenge_Operation_>
					<point>308</point>
					<arrival>2109</arrival>
					<Quantity>21484.762801534802</Quantity>
				</IRP_Roadef_Challenge_Operation_>
			</operations>
		</IRP_Roadef_Challenge_Shift_>
		<IRP_Roadef_Challenge_Shift_>
			<index>14</index>
			<driver>7</driver>
			<trailer>12</trailer>
			<start>2048</start>
			<operations>
				<IRP_Roadef_Challenge_Operation_>
					<point>1</point>
					<arrival>2051</arrival>
					<Quantity>-20642.858004488899</Quantity>
				</IRP_Roadef_Challenge_Operation_>
				<IRP_Roadef_Challenge_Operation_>
					<point>23</point>
					<arrival>2147</arrival>
					<Quantity>4203.4332059812241</Quantity>
				</IRP_Roadef_Challenge_Operation_>
				<IRP_Roadef_Challenge_Operation_>
					<point>281</point>
					<arrival>2206</arrival>
					<Quantity>8763.4000000000015</Quantity>
				</IRP_Roadef_Challenge_Operation_>
				<IRP_Roadef_Challenge_Operation_>
					<point>322</point>
					<arrival>2276</arrival>
					<Quantity>1083.1247985076918</Quantity>
				</IRP_Roadef_Challenge_Operation_>
				<IRP_Roadef_Challenge_Operation_>
					<point>134</point>
					<arrival>2339</arrival>
					<Quantity>6592.8999999999796</Quantity>
				</IRP_Roadef_Challenge_Operation_>
				<IRP_Roadef_Challenge_Operation_>
					<point>1</point>
					<arrival>2415</arrival>
					<Quantity>-20642.858004488899</Quantity>
				</IRP_Roadef_Challenge_Operation_>
			</operations>
		</IRP_Roadef_Challenge_Shift_>
		<IRP_Roadef_Challenge_Shift_>
			<index>15</index>
			<driver>1</driver>
			<trailer>9</trailer>
			<start>2976</start>
			<operations>
				<IRP_Roadef_Challenge_Operation_>
					<point>1</point>
					<arrival>2979</arrival>
					<Quantity>-21484.762801534798</Quantity>
				</IRP_Roadef_Challenge_Operation_>
				<IRP_Roadef_Challenge_Operation_>
					<point>273</point>
					<arrival>3112</arrival>
					<Quantity>5284.9456593534196</Quantity>
				</IRP_Roadef_Challenge_Operation_>
				<IRP_Roadef_Challenge_Operation_>
					<point>137</point>
					<arrival>3240</arrival>
					<Quantity>11219.817142181375</Quantity>
				</IRP_Roadef_Challenge_Operation_>
				<IRP_Roadef_Challenge_Operation_>
					<point>221</point>
					<arrival>3407</arrival>
					<Quantity>4980</Quantity>
				</IRP_Roadef_Challenge_Operation_>
			</operations>
		</IRP_Roadef_Challenge_Shift_>
		<IRP_Roadef_Challenge_Shift_>
			<index>16</index>
			<driver>10</driver>
			<trailer>7</trailer>
			<start>3012</start>
			<operations>
				<IRP_Roadef_Challenge_Operation_>
					<point>127</point>
					<arrival>3140</arrival>
					<Quantity>20983.667542523799</Quantity>
				</IRP_Roadef_Challenge_Operation_>
				<IRP_Roadef_Challenge_Operation_>
					<point>1</point>
					<arrival>3330</arrival>
					<Quantity>-20983.667542523799</Quantity>
				</IRP_Roadef_Challenge_Operation_>
				<IRP_Roadef_Challenge_Operation_>
					<point>88</point>
					<arrival>3438</arrival>
					<Quantity>20983.667542523799</Quantity>
				</IRP_Roadef_Challenge_Operation_>
				<IRP_Roadef_Challenge_Operation_>
					<point>1</point>
					<arrival>3547</arrival>
					<Quantity>-20983.667542523799</Quantity>
				</IRP_Roadef_Challenge_Operation_>
				<IRP_Roadef_Challenge_Operation_>
					<point>38</point>
					<arrival>3648</arrival>
					<Quantity>9849.2892568303978</Quantity>
				</IRP_Roadef_Challenge_Operation_>
				<IRP_Roadef_Challenge_Operation_>
					<point>143</point>
					<arrival>3720</arrival>
					<Quantity>11134.378285693401</Quantity>
				</IRP_Roadef_Challenge_Operation_>
			</operations>
		</IRP_Roadef_Challenge_Shift_>
		<IRP_Roadef_Challenge_Shift_>
			<index>17</index>
			<driver>2</driver>
			<trailer>3</trailer>
			<start>3014</start>
			<operations>
				<IRP_Roadef_Challenge_Operation_>
					<point>1</point>
					<arrival>3017</arrival>
					<Quantity>-26876.1915980013</Quantity>
				</IRP_Roadef_Challenge_Operation_>
				<IRP_Roadef_Challenge_Operation_>
					<point>78</point>
					<arrival>3090</arrival>
					<Quantity>756.79999999999995</Quantity>
				</IRP_Roadef_Challenge_Operation_>
				<IRP_Roadef_Challenge_Operation_>
					<point>201</point>
					<arrival>3191</arrival>
					<Quantity>13543.816324157717</Quantity>
				</IRP_Roadef_Challenge_Operation_>
				<IRP_Roadef_Challenge_Operation_>
					<point>166</point>
					<arrival>3269</arrival>
					<Quantity>12304.384075737</Quantity>
				</IRP_Roadef_Challenge_Operation_>
				<IRP_Roadef_Challenge_Operation_>
					<point>1</point>
					<arrival>3357</arrival>
					<Quantity>-26605.000399894714</Quantity>
				</IRP_Roadef_Challenge_Operation_>
				<IRP_Roadef_Challenge_Operation_>
					<point>46</point>
					<arrival>3468</arrival>
					<Quantity>7157.1000000000049</Quantity>
				</IRP_Roadef_Challenge_Operation_>
				<IRP_Roadef_Challenge_Operation_>
					<point>82</point>
					<arrival>3552</arrival>
					<Quantity>4980</Quantity>
				</IRP_Roadef_Challenge_Operation_>
				<IRP_Roadef_Challenge_Operation_>
					<point>146</point>
					<arrival>3697</arrival>
					<Quantity>14739.091598001283</Quantity>
				</IRP_Roadef_Challenge_Operation_>
				<IRP_Roadef_Challenge_Operation_>
					<point>1</point>
					<arrival>3760</arrival>
					<Quantity>-26876.1915980013</Quantity>
				</IRP_Roadef_Challenge_Operation_>
			</operations>
		</IRP_Roadef_Challenge_Shift_>
		<IRP_Roadef_Challenge_Shift_>
			<index>18</index>
			<driver>11</driver>
			<trailer>6</trailer>
			<start>3091</start>
			<operations>
				<IRP_Roadef_Challenge_Operation_>
					<point>251</point>
					<arrival>3215</arrival>
					<Quantity>1897.875</Quantity>
				</IRP_Roadef_Challenge_Operation_>
				<IRP_Roadef_Challenge_Operation_>
					<point>91</point>
					<arrival>3330</arrival>
					<Quantity>7532.0306911154985</Quantity>
				</IRP_Roadef_Challenge_Operation_>
				<IRP_Roadef_Challenge_Operation_>
					<point>155</point>
					<arrival>3429</arrival>
					<Quantity>12832</Quantity>
				</IRP_Roadef_Challenge_Operation_>
			</operations>
		</IRP_Roadef_Challenge_Shift_>
		<IRP_Roadef_Challenge_Shift_>
			<index>19</index>
			<driver>3</driver>
			<trailer>13</trailer>
			<start>3311</start>
			<operations>
				<IRP_Roadef_Challenge_Operation_>
					<point>1</point>
					<arrival>3314</arrival>
					<Quantity>-19945.846315204893</Quantity>
				</IRP_Roadef_Challenge_Operation_>
				<IRP_Roadef_Challenge_Operation_>
					<point>253</point>
					<arrival>3419</arrival>
					<Quantity>2963.9851524353062</Quantity>
				</IRP_Roadef_Challenge_Operation_>
				<IRP_Roadef_Challenge_Operation_>
					<point>139</point>
					<arrival>3475</arrival>
					<Quantity>5169.4854476259097</Quantity>
				</IRP_Roadef_Challenge_Operation_>
				<IRP_Roadef_Challenge_Operation_>
					<point>16</point>
					<arrival>3506</arrival>
					<Quantity>7655.4453475575247</Quantity>
				</IRP_Roadef_Challenge_Operation_>
				<IRP_Roadef_Challenge_Operation_>
					<point>97</point>
					<arrival>3556</arrival>
					<Quantity>1408.728662109384</Quantity>
				</IRP_Roadef_Challenge_Operation_>
				<IRP_Roadef_Challenge_Operation_>
					<point>208</point>
					<arrival>3590</arrival>
					<Quantity>5898.0706400000699</Quantity>
				</IRP_Roadef_Challenge_Operation_>
			</operations>
		</IRP_Roadef_Challenge_Shift_>
		<IRP_Roadef_Challenge_Shift_>
			<index>20</index>
			<driver>7</driver>
			<trailer>12</trailer>
			<start>3459</start>
			<operations>
				<IRP_Roadef_Challenge_Operation_>
					<point>35</point>
					<arrival>3559</arrival>
					<Quantity>1088.0370590210021</Quantity>
				</IRP_Roadef_Challenge_Operation_>
				<IRP_Roadef_Challenge_Operation_>
					<point>296</point>
					<arrival>3641</arrival>
					<Quantity>2353.3649999999998</Quantity>
				</IRP_Roadef_Challenge_Operation_>
				<IRP_Roadef_Challenge_Operation_>
					<point>268</point>
					<arrival>3750</arrival>
					<Quantity>5832.2999999999993</Quantity>
				</IRP_Roadef_Challenge_Operation_>
				<IRP_Roadef_Challenge_Operation_>
					<point>31</point>
					<arrival>3838</arrival>
					<Quantity>11369.155945467903</Quantity>
				</IRP_Roadef_Challenge_Operation_>
				<IRP_Roadef_Challenge_Operation_>
					<point>1</point>
					<arrival>4006</arrival>
					<Quantity>-20642.858004488899</Quantity>
				</IRP_Roadef_Challenge_Operation_>
				<IRP_Roadef_Challenge_Operation_>
					<point>142</point>
					<arrival>4112</arrival>
					<Quantity>7500.5999999999967</Quantity>
				</IRP_Roadef_Challenge_Operation_>
				<IRP_Roadef_Challenge_Operation_>
					<point>302</point>
					<arrival>4154</arrival>
					<Quantity>1970.1200103759779</Quantity>
				</IRP_Roadef_Challenge_Operation_>
				<IRP_Roadef_Challenge_Operation_>
					<point>5</point>
					<arrival>4184</arrival>
					<Quantity>3535.6000000000004</Quantity>
				</IRP_Roadef_Challenge_Operation_>
				<IRP_Roadef_Challenge_Operation_>
					<point>58</point>
					<arrival>4223</arrival>
					<Quantity>1182.4380857229789</Quantity>
				</IRP_Roadef_Challenge_Operation_>
				<IRP_Roadef_Challenge_Operation_>
					<point>154</point>
					<arrival>4253</arrival>
					<Quantity>465.30000000000007</Quantity>
				</IRP_Roadef_Challenge_Operation_>
				<IRP_Roadef_Challenge_Operation_>
					<point>207</point>
					<arrival>4289</arrival>
					<Quantity>5669.9508079528741</Quantity>
				</IRP_Roadef_Challenge_Operation_>
			</operations>
		</IRP_Roadef_Challenge_Shift_>
		<IRP_Roadef_Challenge_Shift_>
			<index>21</index>
			<driver>5</driver>
			<trailer>8</trailer>
			<start>3517</start>
			<operations>
				<IRP_Roadef_Challenge_Operation_>
					<point>1</point>
					<arrival>3520</arrival>
					<Quantity>-16676.132855013369</Quantity>
				</IRP_Roadef_Challenge_Operation_>
				<IRP_Roadef_Challenge_Operation_>
					<point>118</point>
					<arrival>3736</arrival>
					<Quantity>8151.6864136926379</Quantity>
				</IRP_Roadef_Challenge_Operation_>
				<IRP_Roadef_Challenge_Operation_>
					<point>123</point>
					<arrival>3820</arrival>
					<Quantity>12248.314437802366</Quantity>
				</IRP_Roadef_Challenge_Operation_>
				<IRP_Roadef_Challenge_Operation_>
					<point>1</point>
					<arrival>4029</arrival>
					<Quantity>-20400.000851494999</Quantity>
				</IRP_Roadef_Challenge_Operation_>
			</operations>
		</IRP_Roadef_Challenge_Shift_>
		<IRP_Roadef_Challenge_Shift_>
			<index>22</index>
			<driver>12</driver>
			<trailer>1</trailer>
			<start>3878</start>
			<operations>
				<IRP_Roadef_Challenge_Operation_>
					<point>219</point>
					<arrival>3952</arrival>
					<Quantity>18846.505691115501</Quantity>
				</IRP_Roadef_Challenge_Operation_>
				<IRP_Roadef_Challenge_Operation_>
					<point>72</point>
					<arrival>4049</arrival>
					<Quantity>3415.399999999996</Quantity>
				</IRP_Roadef_Challenge_Operation_>
			</operations>
		</IRP_Roadef_Challenge_Shift_>
		<IRP_Roadef_Challenge_Shift_>
			<index>23</index>
			<driver>8</driver>
			<trailer>0</trailer>
			<start>4089</start>
			<operations>
				<IRP_Roadef_Challenge_Operation_>
					<point>1</point>
					<arrival>4092</arrival>
					<Quantity>-5537.3999999999978</Quantity>
				</IRP_Roadef_Challenge_Operation_>
				<IRP_Roadef_Challenge_Operation_>
					<point>238</point>
					<arrival>4207</arrival>
					<Quantity>1831.9682559999842</Quantity>
				</IRP_Roadef_Challenge_Operation_>
				<IRP_Roadef_Challenge_Operation_>
					<point>289</point>
					<arrival>4255</arrival>
					<Quantity>896.28612515698183</Quantity>
				</IRP_Roadef_Challenge_Operation_>
				<IRP_Roadef_Challenge_Operation_>
					<point>24</point>
					<arrival>4289</arrival>
					<Quantity>820.09999999999945</Quantity>
				</IRP_Roadef_Challenge_Operation_>
				<IRP_Roadef_Challenge_Operation_>
					<point>138</point>
					<arrival>4320</arrival>
					<Quantity>887.69999999999254</Quantity>
				</IRP_Roadef_Challenge_Operation_>
				<IRP_Roadef_Challenge_Operation_>
					<point>196</point>
					<arrival>4367</arrival>
					<Quantity>658.73736000000667</Quantity>
				</IRP_Roadef_Challenge_Operation_>
				<IRP_Roadef_Challenge_Operation_>
					<point>92</point>
					<arrival>4410</arrival>
					<Quantity>2029.018080000001</Quantity>
				</IRP_Roadef_Challenge_Operation_>
				<IRP_Roadef_Challenge_Operation_>
					<point>1</point>
					<arrival>4511</arrival>
					<Quantity>-7123.8098211569704</Quantity>
				</IRP_Roadef_Challenge_Operation_>
				<IRP_Roadef_Challenge_Operation_>
					<point>51</point>
					<arrival>4612</arrival>
					<Quantity>2510.2206920623794</Quantity>
				</IRP_Roadef_Challenge_Operation_>
				<IRP_Roadef_Challenge_Operation_>
					<point>126</point>
					<arrival>4654</arrival>
					<Quantity>2406</Quantity>
				</IRP_Roadef_Challenge_Operation_>
				<IRP_Roadef_Challenge_Operation_>
					<point>125</point>
					<arrival>4695</arrival>
					<Quantity>1855.7288650512633</Quantity>
				</IRP_Roadef_Challenge_Operation_>
				<IRP_Roadef_Challenge_Operation_>
					<point>1</point>
					<arrival>4767</arrival>
					<Quantity>-6771.9495571136395</Quantity>
				</IRP_Roadef_Challenge_Operation_>
			</operations>
		</IRP_Roadef_Challenge_Shift_>
		<IRP_Roadef_Challenge_Shift_>
			<index>24</index>
			<driver>3</driver>
			<trailer>13</trailer>
			<start>4405</start>
			<operations>
				<IRP_Roadef_Challenge_Operation_>
					<point>1</point>
					<arrival>4408</arrival>
					<Quantity>-23095.7152497282</Quantity>
				</IRP_Roadef_Challenge_Operation_>
				<IRP_Roadef_Challenge_Operation_>
					<point>194</point>
					<arrival>4525</arrival>
					<Quantity>8912.199803441079</Quantity>
				</IRP_Roadef_Challenge_Operation_>
				<IRP_Roadef_Challenge_Operation_>
					<point>144</point>
					<arrival>4620</arrival>
					<Quantity>14183.515446287121</Quantity>
				</IRP_Roadef_Challenge_Operation_>
				<IRP_Roadef_Challenge_Operation_>
					<point>1</point>
					<arrival>4758</arrival>
					<Quantity>-23095.7152497282</Quantity>
				</IRP_Roadef_Challenge_Operation_>
				<IRP_Roadef_Challenge_Operation_>
					<point>176</point>
					<arrival>4899</arrival>
					<Quantity>23095.7152497282</Quantity>
				</IRP_Roadef_Challenge_Operation_>
				<IRP_Roadef_Challenge_Operation_>
					<point>1</point>
					<arrival>5044</arrival>
					<Quantity>-23095.7152497282</Quantity>
				</IRP_Roadef_Challenge_Operation_>
				<IRP_Roadef_Challenge_Operation_>
					<point>132</point>
					<arrival>5146</arrival>
					<Quantity>23095.7152497282</Quantity>
				</IRP_Roadef_Challenge_Operation_>
				<IRP_Roadef_Challenge_Operation_>
					<point>1</point>
					<arrival>5248</arrival>
					<Quantity>-23095.7152497282</Quantity>
				</IRP_Roadef_Challenge_Operation_>
			</operations>
		</IRP_Roadef_Challenge_Shift_>
		<IRP_Roadef_Challenge_Shift_>
			<index>25</index>
			<driver>11</driver>
			<trailer>6</trailer>
			<start>4443</start>
			<operations>
				<IRP_Roadef_Challenge_Operation_>
					<point>1</point>
					<arrival>4446</arrival>
					<Quantity>-22261.905691115498</Quantity>
				</IRP_Roadef_Challenge_Operation_>
				<IRP_Roadef_Challenge_Operation_>
					<point>205</point>
					<arrival>4708</arrival>
					<Quantity>6767.7742311155052</Quantity>
				</IRP_Roadef_Challenge_Operation_>
				<IRP_Roadef_Challenge_Operation_>
					<point>265</point>
					<arrival>4754</arrival>
					<Quantity>15494.13145999999</Quantity>
				</IRP_Roadef_Challenge_Operation_>
				<IRP_Roadef_Challenge_Operation_>
					<point>1</point>
					<arrival>5000</arrival>
					<Quantity>-22261.905691115498</Quantity>
				</IRP_Roadef_Challenge_Operation_>
				<IRP_Roadef_Challenge_Operation_>
					<point>74</point>
					<arrival>5102</arrival>
					<Quantity>22261.905691115498</Quantity>
				</IRP_Roadef_Challenge_Operation_>
				<IRP_Roadef_Challenge_Operation_>
					<point>1</point>
					<arrival>5174</arrival>
					<Quantity>-22261.905691115498</Quantity>
				</IRP_Roadef_Challenge_Operation_>
			</operations>
		</IRP_Roadef_Challenge_Shift_>
		<IRP_Roadef_Challenge_Shift_>
			<index>26</index>
			<driver>1</driver>
			<trailer>9</trailer>
			<start>4505</start>
			<operations>
				<IRP_Roadef_Challenge_Operation_>
					<point>1</point>
					<arrival>4508</arrival>
					<Quantity>-21484.762801534798</Quantity>
				</IRP_Roadef_Challenge_Operation_>
				<IRP_Roadef_Challenge_Operation_>
					<point>316</point>
					<arrival>4619</arrival>
					<Quantity>5293.800000000002</Quantity>
				</IRP_Roadef_Challenge_Operation_>
				<IRP_Roadef_Challenge_Operation_>
					<point>177</point>
					<arrival>4649</arrival>
					<Quantity>1070.2381286525101</Quantity>
				</IRP_Roadef_Challenge_Operation_>
				<IRP_Roadef_Challenge_Operation_>
					<point>189</point>
					<arrival>4757</arrival>
					<Quantity>15120.724672882276</Quantity>
				</IRP_Roadef_Challenge_Operation_>
				<IRP_Roadef_Challenge_Operation_>
					<point>1</point>
					<arrival>4903</arrival>
					<Quantity>-21484.762801534798</Quantity>
				</IRP_Roadef_Challenge_Operation_>
				<IRP_Roadef_Challenge_Operation_>
					<point>281</point>
					<arrival>5014</arrival>
					<Quantity>21484.762801534798</Quantity>
				</IRP_Roadef_Challenge_Operation_>
				<IRP_Roadef_Challenge_Operation_>
					<point>1</point>
					<arrival>5124</arrival>
					<Quantity>-21484.762801534798</Quantity>
				</IRP_Roadef_Challenge_Operation_>
			</operations>
		</IRP_Roadef_Challenge_Shift_>
		<IRP_Roadef_Challenge_Shift_>
			<index>27</index>
			<driver>10</driver>
			<trailer>7</trailer>
			<start>4512</start>
			<operations>
				<IRP_Roadef_Challenge_Operation_>
					<point>1</point>
					<arrival>4515</arrival>
					<Quantity>-20983.667542523799</Quantity>
				</IRP_Roadef_Challenge_Operation_>
				<IRP_Roadef_Challenge_Operation_>
					<point>171</point>
					<arrival>4655</arrival>
					<Quantity>20983.667542523799</Quantity>
				</IRP_Roadef_Challenge_Operation_>
				<IRP_Roadef_Challenge_Operation_>
					<point>1</point>
					<arrival>4798</arrival>
					<Quantity>-20983.667542523799</Quantity>
				</IRP_Roadef_Challenge_Operation_>
			</operations>
		</IRP_Roadef_Challenge_Shift_>
		<IRP_Roadef_Challenge_Shift_>
			<index>28</index>
			<driver>5</driver>
			<trailer>8</trailer>
			<start>4812</start>
			<operations>
				<IRP_Roadef_Challenge_Operation_>
					<point>115</point>
					<arrival>4957</arrival>
					<Quantity>20400.000851494995</Quantity>
				</IRP_Roadef_Challenge_Operation_>
				<IRP_Roadef_Challenge_Operation_>
					<point>1</point>
					<arrival>5163</arrival>
					<Quantity>-20400.000851494999</Quantity>
				</IRP_Roadef_Challenge_Operation_>
				<IRP_Roadef_Challenge_Operation_>
					<point>26</point>
					<arrival>5326</arrival>
					<Quantity>8208.9762756347627</Quantity>
				</IRP_Roadef_Challenge_Operation_>
				<IRP_Roadef_Challenge_Operation_>
					<point>16</point>
					<arrival>5413</arrival>
					<Quantity>12191.02457586024</Quantity>
				</IRP_Roadef_Challenge_Operation_>
				<IRP_Roadef_Challenge_Operation_>
					<point>1</point>
					<arrival>5497</arrival>
					<Quantity>-20400.000851494999</Quantity>
				</IRP_Roadef_Challenge_Operation_>
			</operations>
		</IRP_Roadef_Challenge_Shift_>
		<IRP_Roadef_Challenge_Shift_>
			<index>29</index>
			<driver>12</driver>
			<trailer>1</trailer>
			<start>5307</start>
			<operations>
				<IRP_Roadef_Challenge_Operation_>
					<point>1</point>
					<arrival>5310</arrival>
					<Quantity>-22261.905691115498</Quantity>
				</IRP_Roadef_Challenge_Operation_>
				<IRP_Roadef_Challenge_Operation_>
					<point>123</point>
					<arrival>5519</arrival>
					<Quantity>22261.905691115502</Quantity>
				</IRP_Roadef_Challenge_Operation_>
				<IRP_Roadef_Challenge_Operation_>
					<point>1</point>
					<arrival>5728</arrival>
					<Quantity>-22261.905691115498</Quantity>
				</IRP_Roadef_Challenge_Operation_>
				<IRP_Roadef_Challenge_Operation_>
					<point>101</point>
					<arrival>5870</arrival>
					<Quantity>21000.32</Quantity>
				</IRP_Roadef_Challenge_Operation_>
			</operations>
		</IRP_Roadef_Challenge_Shift_>
		<IRP_Roadef_Challenge_Shift_>
			<index>30</index>
			<driver>7</driver>
			<trailer>12</trailer>
			<start>5920</start>
			<operations>
				<IRP_Roadef_Challenge_Operation_>
					<point>1</point>
					<arrival>5923</arrival>
					<Quantity>-20324.008904051829</Quantity>
				</IRP_Roadef_Challenge_Operation_>
			</operations>
		</IRP_Roadef_Challenge_Shift_>
		<IRP_Roadef_Challenge_Shift_>
			<index>31</index>
			<driver>5</driver>
			<trailer>8</trailer>
			<start>6330</start>
			<operations>
				<IRP_Roadef_Challenge_Operation_>
					<point>203</point>
					<arrival>6480</arrival>
					<Quantity>8966.655145318211</Quantity>
				</IRP_Roadef_Challenge_Operation_>
				<IRP_Roadef_Challenge_Operation_>
					<point>163</point>
					<arrival>6568</arrival>
					<Quantity>11433.345706176802</Quantity>
				</IRP_Roadef_Challenge_Operation_>
			</operations>
		</IRP_Roadef_Challenge_Shift_>
		<IRP_Roadef_Challenge_Shift_>
			<index>32</index>
			<driver>9</driver>
			<trailer>11</trailer>
			<start>6381</start>
			<operations>
				<IRP_Roadef_Challenge_Operation_>
					<point>168</point>
					<arrival>6512</arrival>
					<Quantity>20843.800000000003</Quantity>
				</IRP_Roadef_Challenge_Operation_>
			</operations>
		</IRP_Roadef_Challenge_Shift_>
		<IRP_Roadef_Challenge_Shift_>
			<index>33</index>
			<driver>4</driver>
			<trailer>10</trailer>
			<start>6671</start>
			<operations>
				<IRP_Roadef_Challenge_Operation_>
					<point>88</point>
					<arrival>6719</arrival>
					<Quantity>19145.238894359401</Quantity>
				</IRP_Roadef_Challenge_Operation_>
			</operations>
		</IRP_Roadef_Challenge_Shift_>
		<IRP_Roadef_Challenge_Shift_>
			<index>34</index>
			<driver>2</driver>
			<trailer>3</trailer>
			<start>6741</start>
			<operations>
				<IRP_Roadef_Challenge_Operation_>
					<point>115</point>
					<arrival>6886</arrival>
					<Quantity>26876.1915980013</Quantity>
				</IRP_Roadef_Challenge_Operation_>
				<IRP_Roadef_Challenge_Operation_>
					<point>1</point>
					<arrival>7092</arrival>
					<Quantity>-26876.1915980013</Quantity>
				</IRP_Roadef_Challenge_Operation_>
				<IRP_Roadef_Challenge_Operation_>
					<point>284</point>
					<arrival>7206</arrival>
					<Quantity>11007.347477584524</Quantity>
				</IRP_Roadef_Challenge_Operation_>
				<IRP_Roadef_Challenge_Operation_>
					<point>167</point>
					<arrival>7286</arrival>
					<Quantity>15312.247300720195</Quantity>
				</IRP_Roadef_Challenge_Operation_>
			</operations>
		</IRP_Roadef_Challenge_Shift_>
		<IRP_Roadef_Challenge_Shift_>
			<index>35</index>
			<driver>7</driver>
			<trailer>12</trailer>
			<start>6744</start>
			<operations>
				<IRP_Roadef_Challenge_Operation_>
					<point>312</point>
					<arrival>6785</arrival>
					<Quantity>1738</Quantity>
				</IRP_Roadef_Challenge_Operation_>
				<IRP_Roadef_Challenge_Operation_>
					<point>141</point>
					<arrival>6840</arrival>
					<Quantity>9269.9516600000006</Quantity>
				</IRP_Roadef_Challenge_Operation_>
				<IRP_Roadef_Challenge_Operation_>
					<point>260</point>
					<arrival>6892</arrival>
					<Quantity>2152.6934188842806</Quantity>
				</IRP_Roadef_Challenge_Operation_>
			</operations>
		</IRP_Roadef_Challenge_Shift_>
		<IRP_Roadef_Challenge_Shift_>
			<index>36</index>
			<driver>6</driver>
			<trailer>4</trailer>
			<start>7101</start>
			<operations>
				<IRP_Roadef_Challenge_Operation_>
					<point>209</point>
					<arrival>7143</arrival>
					<Quantity>11782.442162062449</Quantity>
				</IRP_Roadef_Challenge_Operation_>
				<IRP_Roadef_Challenge_Operation_>
					<point>1</point>
					<arrival>7214</arrival>
					<Quantity>-20076.191314169599</Quantity>
				</IRP_Roadef_Challenge_Operation_>
			</operations>
		</IRP_Roadef_Challenge_Shift_>
		<IRP_Roadef_Challenge_Shift_>
			<index>37</index>
			<driver>1</driver>
			<trailer>9</trailer>
			<start>7322</start>
			<operations>
				<IRP_Roadef_Challenge_Operation_>
					<point>27</point>
					<arrival>7560</arrival>
					<Quantity>16523.618087465435</Quantity>
				</IRP_Roadef_Challenge_Operation_>
				<IRP_Roadef_Challenge_Operation_>
					<point>150</point>
					<arrival>7590</arrival>
					<Quantity>3822.4197140693677</Quantity>
				</IRP_Roadef_Challenge_Operation_>
				<IRP_Roadef_Challenge_Operation_>
					<point>197</point>
					<arrival>7622</arrival>
					<Quantity>1138.7249999999999</Quantity>
				</IRP_Roadef_Challenge_Operation_>
			</operations>
		</IRP_Roadef_Challenge_Shift_>
		<IRP_Roadef_Challenge_Shift_>
			<index>38</index>
			<driver>9</driver>
			<trailer>11</trailer>
			<start>7393</start>
			<operations>
				<IRP_Roadef_Challenge_Operation_>
					<point>1</point>
					<arrival>7396</arrival>
					<Quantity>-20843.799999999999</Quantity>
				</IRP_Roadef_Challenge_Operation_>
				<IRP_Roadef_Challenge_Operation_>
					<point>206</point>
					<arrival>7650</arrival>
					<Quantity>397.03545000000003</Quantity>
				</IRP_Roadef_Challenge_Operation_>
				<IRP_Roadef_Challenge_Operation_>
					<point>268</point>
					<arrival>7762</arrival>
					<Quantity>2437.4000000000069</Quantity>
				</IRP_Roadef_Challenge_Operation_>
				<IRP_Roadef_Challenge_Operation_>
					<point>127</point>
					<arrival>7792</arrival>
					<Quantity>18456.041629139589</Quantity>
				</IRP_Roadef_Challenge_Operation_>
				<IRP_Roadef_Challenge_Operation_>
					<point>1</point>
					<arrival>7982</arrival>
					<Quantity>-21290.4770791396</Quantity>
				</IRP_Roadef_Challenge_Operation_>
			</operations>
		</IRP_Roadef_Challenge_Shift_>
		<IRP_Roadef_Challenge_Shift_>
			<index>39</index>
			<driver>5</driver>
			<trailer>8</trailer>
			<start>7509</start>
			<operations>
				<IRP_Roadef_Challenge_Operation_>
					<point>1</point>
					<arrival>7512</arrival>
					<Quantity>-20400.000851494999</Quantity>
				</IRP_Roadef_Challenge_Operation_>
				<IRP_Roadef_Challenge_Operation_>
					<point>223</point>
					<arrival>7692</arrival>
					<Quantity>2937.2999999999915</Quantity>
				</IRP_Roadef_Challenge_Operation_>
				<IRP_Roadef_Challenge_Operation_>
					<point>181</point>
					<arrival>7758</arrival>
					<Quantity>11644.689815330499</Quantity>
				</IRP_Roadef_Challenge_Operation_>
				<IRP_Roadef_Challenge_Operation_>
					<point>91</point>
					<arrival>7806</arrival>
					<Quantity>5818.0110361645056</Quantity>
				</IRP_Roadef_Challenge_Operation_>
				<IRP_Roadef_Challenge_Operation_>
					<point>1</point>
					<arrival>7977</arrival>
					<Quantity>-20400.000851494999</Quantity>
				</IRP_Roadef_Challenge_Operation_>
				<IRP_Roadef_Challenge_Operation_>
					<point>88</point>
					<arrival>8085</arrival>
					<Quantity>20400.000851494999</Quantity>
				</IRP_Roadef_Challenge_Operation_>
			</operations>
		</IRP_Roadef_Challenge_Shift_>
		<IRP_Roadef_Challenge_Shift_>
			<index>40</index>
			<driver>11</driver>
			<trailer>6</trailer>
			<start>7531</start>
			<operations>
				<IRP_Roadef_Challenge_Operation_>
					<point>78</point>
					<arrival>7543</arrival>
					<Quantity>1010.1433599999991</Quantity>
				</IRP_Roadef_Challenge_Operation_>
				<IRP_Roadef_Challenge_Operation_>
					<point>272</point>
					<arrival>7619</arrival>
					<Quantity>2363.8000000000002</Quantity>
				</IRP_Roadef_Challenge_Operation_>
				<IRP_Roadef_Challenge_Operation_>
					<point>131</point>
					<arrival>7649</arrival>
					<Quantity>548.52380357686104</Quantity>
				</IRP_Roadef_Challenge_Operation_>
				<IRP_Roadef_Challenge_Operation_>
					<point>79</point>
					<arrival>7744</arrival>
					<Quantity>8467.5103108332987</Quantity>
				</IRP_Roadef_Challenge_Operation_>
				<IRP_Roadef_Challenge_Operation_>
					<point>34</point>
					<arrival>7781</arrival>
					<Quantity>1181.3999999999987</Quantity>
				</IRP_Roadef_Challenge_Operation_>
				<IRP_Roadef_Challenge_Operation_>
					<point>28</point>
					<arrival>7847</arrival>
					<Quantity>1710.4999999999989</Quantity>
				</IRP_Roadef_Challenge_Operation_>
				<IRP_Roadef_Challenge_Operation_>
					<point>296</point>
					<arrival>7879</arrival>
					<Quantity>6980.0282167053228</Quantity>
				</IRP_Roadef_Challenge_Operation_>
			</operations>
		</IRP_Roadef_Challenge_Shift_>
		<IRP_Roadef_Challenge_Shift_>
			<index>41</index>
			<driver>7</driver>
			<trailer>12</trailer>
			<start>7680</start>
			<operations>
				<IRP_Roadef_Challenge_Operation_>
					<point>1</point>
					<arrival>7683</arrival>
					<Quantity>-13160.645078884278</Quantity>
				</IRP_Roadef_Challenge_Operation_>
				<IRP_Roadef_Challenge_Operation_>
					<point>12</point>
					<arrival>7831</arrival>
					<Quantity>5123.7820127765735</Quantity>
				</IRP_Roadef_Challenge_Operation_>
				<IRP_Roadef_Challenge_Operation_>
					<point>5</point>
					<arrival>7911</arrival>
					<Quantity>3080.4337091464004</Quantity>
				</IRP_Roadef_Challenge_Operation_>
				<IRP_Roadef_Challenge_Operation_>
					<point>56</point>
					<arrival>8069</arrival>
					<Quantity>5726.940000000006</Quantity>
				</IRP_Roadef_Challenge_Operation_>
				<IRP_Roadef_Challenge_Operation_>
					<point>199</point>
					<arrival>8125</arrival>
					<Quantity>5265.5114425659203</Quantity>
				</IRP_Roadef_Challenge_Operation_>
				<IRP_Roadef_Challenge_Operation_>
					<point>109</point>
					<arrival>8198</arrival>
					<Quantity>1446.1908400000029</Quantity>
				</IRP_Roadef_Challenge_Operation_>
			</operations>
		</IRP_Roadef_Challenge_Shift_>
		<IRP_Roadef_Challenge_Shift_>
			<index>42</index>
			<driver>12</driver>
			<trailer>1</trailer>
			<start>7681</start>
			<operations>
				<IRP_Roadef_Challenge_Operation_>
					<point>1</point>
					<arrival>7684</arrival>
					<Quantity>-21000.319999999996</Quantity>
				</IRP_Roadef_Challenge_Operation_>
				<IRP_Roadef_Challenge_Operation_>
					<point>31</point>
					<arrival>7846</arrival>
					<Quantity>21062.750670210953</Quantity>
				</IRP_Roadef_Challenge_Operation_>
				<IRP_Roadef_Challenge_Operation_>
					<point>198</point>
					<arrival>7916</arrival>
					<Quantity>1199.1550209045367</Quantity>
				</IRP_Roadef_Challenge_Operation_>
				<IRP_Roadef_Challenge_Operation_>
					<point>1</point>
					<arrival>8080</arrival>
					<Quantity>-22261.905691115498</Quantity>
				</IRP_Roadef_Challenge_Operation_>
				<IRP_Roadef_Challenge_Operation_>
					<point>318</point>
					<arrival>8208</arrival>
					<Quantity>5934.2039558096876</Quantity>
				</IRP_Roadef_Challenge_Operation_>
				<IRP_Roadef_Challenge_Operation_>
					<point>86</point>
					<arrival>8241</arrival>
					<Quantity>6495.4051128387518</Quantity>
				</IRP_Roadef_Challenge_Operation_>
				<IRP_Roadef_Challenge_Operation_>
					<point>278</point>
					<arrival>8271</arrival>
					<Quantity>4748.2996704101788</Quantity>
				</IRP_Roadef_Challenge_Operation_>
				<IRP_Roadef_Challenge_Operation_>
					<point>202</point>
					<arrival>8332</arrival>
					<Quantity>5083.9969520568811</Quantity>
				</IRP_Roadef_Challenge_Operation_>
			</operations>
		</IRP_Roadef_Challenge_Shift_>
		<IRP_Roadef_Challenge_Shift_>
			<index>43</index>
			<driver>3</driver>
			<trailer>13</trailer>
			<start>7946</start>
			<operations>
				<IRP_Roadef_Challenge_Operation_>
					<point>234</point>
					<arrival>8040</arrival>
					<Quantity>23095.7152497282</Quantity>
				</IRP_Roadef_Challenge_Operation_>
				<IRP_Roadef_Challenge_Operation_>
					<point>1</point>
					<arrival>8194</arrival>
					<Quantity>-23095.7152497282</Quantity>
				</IRP_Roadef_Challenge_Operation_>
				<IRP_Roadef_Challenge_Operation_>
					<point>230</point>
					<arrival>8291</arrival>
					<Quantity>1460.4000000000019</Quantity>
				</IRP_Roadef_Challenge_Operation_>
				<IRP_Roadef_Challenge_Operation_>
					<point>16</point>
					<arrival>8348</arrival>
					<Quantity>9207.1652497281939</Quantity>
				</IRP_Roadef_Challenge_Operation_>
				<IRP_Roadef_Challenge_Operation_>
					<point>139</point>
					<arrival>8379</arrival>
					<Quantity>8298</Quantity>
				</IRP_Roadef_Challenge_Operation_>
				<IRP_Roadef_Challenge_Operation_>
					<point>316</point>
					<arrival>8460</arrival>
					<Quantity>4130.1499999999951</Quantity>
				</IRP_Roadef_Challenge_Operation_>
			</operations>
		</IRP_Roadef_Challenge_Shift_>
		<IRP_Roadef_Challenge_Shift_>
			<index>44</index>
			<driver>6</driver>
			<trailer>4</trailer>
			<start>7998</start>
			<operations>
				<IRP_Roadef_Challenge_Operation_>
					<point>218</point>
					<arrival>8069</arrival>
					<Quantity>2694.7525867462214</Quantity>
				</IRP_Roadef_Challenge_Operation_>
				<IRP_Roadef_Challenge_Operation_>
					<point>255</point>
					<arrival>8109</arrival>
					<Quantity>9106.9895249784786</Quantity>
				</IRP_Roadef_Challenge_Operation_>
				<IRP_Roadef_Challenge_Operation_>
					<point>174</point>
					<arrival>8140</arrival>
					<Quantity>2173.7049350738521</Quantity>
				</IRP_Roadef_Challenge_Operation_>
				<IRP_Roadef_Challenge_Operation_>
					<point>176</point>
					<arrival>8189</arrival>
					<Quantity>6100.744267371043</Quantity>
				</IRP_Roadef_Challenge_Operation_>
			</operations>
		</IRP_Roadef_Challenge_Shift_>
		<IRP_Roadef_Challenge_Shift_>
			<index>45</index>
			<driver>2</driver>
			<trailer>3</trailer>
			<start>8119</start>
			<operations>
				<IRP_Roadef_Challenge_Operation_>
					<point>1</point>
					<arrival>8122</arrival>
					<Quantity>-26319.594778304712</Quantity>
				</IRP_Roadef_Challenge_Operation_>
				<IRP_Roadef_Challenge_Operation_>
					<point>83</point>
					<arrival>8337</arrival>
					<Quantity>13838.402386718866</Quantity>
				</IRP_Roadef_Challenge_Operation_>
				<IRP_Roadef_Challenge_Operation_>
					<point>7</point>
					<arrival>8398</arrival>
					<Quantity>13037.78921128243</Quantity>
				</IRP_Roadef_Challenge_Operation_>
			</operations>
		</IRP_Roadef_Challenge_Shift_>
		<IRP_Roadef_Challenge_Shift_>
			<index>46</index>
			<driver>4</driver>
			<trailer>2</trailer>
			<start>8272</start>
			<operations>
				<IRP_Roadef_Challenge_Operation_>
					<point>92</point>
					<arrival>8340</arrival>
					<Quantity>2107.1094831844302</Quantity>
				</IRP_Roadef_Challenge_Operation_>
				<IRP_Roadef_Challenge_Operation_>
					<point>220</point>
					<arrival>8386</arrival>
					<Quantity>180.59999999999999</Quantity>
				</IRP_Roadef_Challenge_Operation_>
				<IRP_Roadef_Challenge_Operation_>
					<point>45</point>
					<arrival>8431</arrival>
					<Quantity>1090.8000000000002</Quantity>
				</IRP_Roadef_Challenge_Operation_>
				<IRP_Roadef_Challenge_Operation_>
					<point>53</point>
					<arrival>8471</arrival>
					<Quantity>202.10400000000001</Quantity>
				</IRP_Roadef_Challenge_Operation_>
				<IRP_Roadef_Challenge_Operation_>
					<point>289</point>
					<arrival>8508</arrival>
					<Quantity>1276.5295766953191</Quantity>
				</IRP_Roadef_Challenge_Operation_>
			</operations>
		</IRP_Roadef_Challenge_Shift_>
		<IRP_Roadef_Challenge_Shift_>
			<index>47</index>
			<driver>0</driver>
			<trailer>5</trailer>
			<start>8397</start>
			<operations>
				<IRP_Roadef_Challenge_Operation_>
					<point>1</point>
					<arrival>8400</arrival>
					<Quantity>-4761.9049105784834</Quantity>
				</IRP_Roadef_Challenge_Operation_>
				<IRP_Roadef_Challenge_Operation_>
					<point>165</point>
					<arrival>8500</arrival>
					<Quantity>3369.4568398797537</Quantity>
				</IRP_Roadef_Challenge_Operation_>
				<IRP_Roadef_Challenge_Operation_>
					<point>13</point>
					<arrival>8634</arrival>
					<Quantity>378</Quantity>
				</IRP_Roadef_Challenge_Operation_>
				<IRP_Roadef_Challenge_Operation_>
					<point>160</point>
					<arrival>8737</arrival>
					<Quantity>1109.686219999996</Quantity>
				</IRP_Roadef_Challenge_Operation_>
			</operations>
		</IRP_Roadef_Challenge_Shift_>
		<IRP_Roadef_Challenge_Shift_>
			<index>48</index>
			<driver>11</driver>
			<trailer>6</trailer>
			<start>9052</start>
			<operations>
				<IRP_Roadef_Challenge_Operation_>
					<point>1</point>
					<arrival>9055</arrival>
					<Quantity>-22261.905691115498</Quantity>
				</IRP_Roadef_Challenge_Operation_>
				<IRP_Roadef_Challenge_Operation_>
					<point>23</point>
					<arrival>9151</arrival>
					<Quantity>6011.7084926503048</Quantity>
				</IRP_Roadef_Challenge_Operation_>
				<IRP_Roadef_Challenge_Operation_>
					<point>281</point>
					<arrival>9210</arrival>
					<Quantity>16250.197198465201</Quantity>
				</IRP_Roadef_Challenge_Operation_>
			</operations>
		</IRP_Roadef_Challenge_Shift_>
		<IRP_Roadef_Challenge_Shift_>
			<index>49</index>
			<driver>12</driver>
			<trailer>1</trailer>
			<start>9123</start>
			<operations>
				<IRP_Roadef_Challenge_Operation_>
					<point>1</point>
					<arrival>9126</arrival>
					<Quantity>-22261.905691115498</Quantity>
				</IRP_Roadef_Challenge_Operation_>
				<IRP_Roadef_Challenge_Operation_>
					<point>228</point>
					<arrival>9336</arrival>
					<Quantity>1311.5219999999999</Quantity>
				</IRP_Roadef_Challenge_Operation_>
				<IRP_Roadef_Challenge_Operation_>
					<point>18</point>
					<arrival>9488</arrival>
					<Quantity>5348.6836911155006</Quantity>
				</IRP_Roadef_Challenge_Operation_>
				<IRP_Roadef_Challenge_Operation_>
					<point>77</point>
					<arrival>9569</arrival>
					<Quantity>15601.699999999993</Quantity>
				</IRP_Roadef_Challenge_Operation_>
				<IRP_Roadef_Challenge_Operation_>
					<point>1</point>
					<arrival>9767</arrival>
					<Quantity>-22261.905691115498</Quantity>
				</IRP_Roadef_Challenge_Operation_>
			</operations>
		</IRP_Roadef_Challenge_Shift_>
		<IRP_Roadef_Challenge_Shift_>
			<index>50</index>
			<driver>8</driver>
			<trailer>0</trailer>
			<start>9129</start>
			<operations>
				<IRP_Roadef_Challenge_Operation_>
					<point>2</point>
					<arrival>9180</arrival>
					<Quantity>2704.5353996176418</Quantity>
				</IRP_Roadef_Challenge_Operation_>
				<IRP_Roadef_Challenge_Operation_>
					<point>325</point>
					<arrival>9244</arrival>
					<Quantity>168.41999999999999</Quantity>
				</IRP_Roadef_Challenge_Operation_>
				<IRP_Roadef_Challenge_Operation_>
					<point>286</point>
					<arrival>9292</arrival>
					<Quantity>1537.4134236145201</Quantity>
				</IRP_Roadef_Challenge_Operation_>
				<IRP_Roadef_Challenge_Operation_>
					<point>153</point>
					<arrival>9336</arrival>
					<Quantity>788.64099792480397</Quantity>
				</IRP_Roadef_Challenge_Operation_>
				<IRP_Roadef_Challenge_Operation_>
					<point>180</point>
					<arrival>9413</arrival>
					<Quantity>1924.8</Quantity>
				</IRP_Roadef_Challenge_Operation_>
				<IRP_Roadef_Challenge_Operation_>
					<point>1</point>
					<arrival>9491</arrival>
					<Quantity>-7123.8098211569704</Quantity>
				</IRP_Roadef_Challenge_Operation_>
				<IRP_Roadef_Challenge_Operation_>
					<point>88</point>
					<arrival>9599</arrival>
					<Quantity>6718.2898211569773</Quantity>
				</IRP_Roadef_Challenge_Operation_>
				<IRP_Roadef_Challenge_Operation_>
					<point>170</point>
					<arrival>9686</arrival>
					<Quantity>405.51999999999998</Quantity>
				</IRP_Roadef_Challenge_Operation_>
				<IRP_Roadef_Challenge_Operation_>
					<point>1</point>
					<arrival>9744</arrival>
					<Quantity>-7123.8098211569704</Quantity>
				</IRP_Roadef_Challenge_Operation_>
				<IRP_Roadef_Challenge_Operation_>
					<point>142</point>
					<arrival>9850</arrival>
					<Quantity>3756.2435303033653</Quantity>
				</IRP_Roadef_Challenge_Operation_>
				<IRP_Roadef_Challenge_Operation_>
					<point>126</point>
					<arrival>9888</arrival>
					<Quantity>2406</Quantity>
				</IRP_Roadef_Challenge_Operation_>
				<IRP_Roadef_Challenge_Operation_>
					<point>5</point>
					<arrival>9918</arrival>
					<Quantity>961.56629085360873</Quantity>
				</IRP_Roadef_Challenge_Operation_>
			</operations>
		</IRP_Roadef_Challenge_Shift_>
		<IRP_Roadef_Challenge_Shift_>
			<index>51</index>
			<driver>1</driver>
			<trailer>9</trailer>
			<start>9170</start>
			<operations>
				<IRP_Roadef_Challenge_Operation_>
					<point>1</point>
					<arrival>9173</arrival>
					<Quantity>-21484.762801534798</Quantity>
				</IRP_Roadef_Challenge_Operation_>
				<IRP_Roadef_Challenge_Operation_>
					<point>276</point>
					<arrival>9455</arrival>
					<Quantity>17139.402171995669</Quantity>
				</IRP_Roadef_Challenge_Operation_>
				<IRP_Roadef_Challenge_Operation_>
					<point>248</point>
					<arrival>9498</arrival>
					<Quantity>485.10000000000002</Quantity>
				</IRP_Roadef_Challenge_Operation_>
				<IRP_Roadef_Challenge_Operation_>
					<point>310</point>
					<arrival>9547</arrival>
					<Quantity>1289.28575453912</Quantity>
				</IRP_Roadef_Challenge_Operation_>
				<IRP_Roadef_Challenge_Operation_>
					<point>33</point>
					<arrival>9629</arrival>
					<Quantity>145.474875</Quantity>
				</IRP_Roadef_Challenge_Operation_>
				<IRP_Roadef_Challenge_Operation_>
					<point>20</point>
					<arrival>10473</arrival>
					<Quantity>2425.5</Quantity>
				</IRP_Roadef_Challenge_Operation_>
				<IRP_Roadef_Challenge_Operation_>
					<point>1</point>
					<arrival>10720</arrival>
					<Quantity>-21484.762801534798</Quantity>
				</IRP_Roadef_Challenge_Operation_>
				<IRP_Roadef_Challenge_Operation_>
					<point>68</point>
					<arrival>10807</arrival>
					<Quantity>20000</Quantity>
				</IRP_Roadef_Challenge_Operation_>
				<IRP_Roadef_Challenge_Operation_>
					<point>78</point>
					<arrival>10887</arrival>
					<Quantity>1210.9566400000003</Quantity>
				</IRP_Roadef_Challenge_Operation_>
				<IRP_Roadef_Challenge_Operation_>
					<point>1</point>
					<arrival>10930</arrival>
					<Quantity>-21210.956640000008</Quantity>
				</IRP_Roadef_Challenge_Operation_>
			</operations>
		</IRP_Roadef_Challenge_Shift_>
		<IRP_Roadef_Challenge_Shift_>
			<index>52</index>
			<driver>2</driver>
			<trailer>3</trailer>
			<start>9331</start>
			<operations>
				<IRP_Roadef_Challenge_Operation_>
					<point>1</point>
					<arrival>9334</arrival>
					<Quantity>-26876.1915980013</Quantity>
				</IRP_Roadef_Challenge_Operation_>
				<IRP_Roadef_Challenge_Operation_>
					<point>305</point>
					<arrival>9568</arrival>
					<Quantity>11239.709950256252</Quantity>
				</IRP_Roadef_Challenge_Operation_>
				<IRP_Roadef_Challenge_Operation_>
					<point>195</point>
					<arrival>9598</arrival>
					<Quantity>11868.62438724982</Quantity>
				</IRP_Roadef_Challenge_Operation_>
				<IRP_Roadef_Challenge_Operation_>
					<point>168</point>
					<arrival>9697</arrival>
					<Quantity>3767.8572604952301</Quantity>
				</IRP_Roadef_Challenge_Operation_>
			</operations>
		</IRP_Roadef_Challenge_Shift_>
		<IRP_Roadef_Challenge_Shift_>
			<index>53</index>
			<driver>6</driver>
			<trailer>4</trailer>
			<start>9352</start>
			<operations>
				<IRP_Roadef_Challenge_Operation_>
					<point>1</point>
					<arrival>9355</arrival>
					<Quantity>-20076.191314169599</Quantity>
				</IRP_Roadef_Challenge_Operation_>
				<IRP_Roadef_Challenge_Operation_>
					<point>189</point>
					<arrival>9500</arrival>
					<Quantity>18569.875327117694</Quantity>
				</IRP_Roadef_Challenge_Operation_>
			</operations>
		</IRP_Roadef_Challenge_Shift_>
		<IRP_Roadef_Challenge_Shift_>
			<index>54</index>
			<driver>7</driver>
			<trailer>12</trailer>
			<start>9465</start>
			<operations>
				<IRP_Roadef_Challenge_Operation_>
					<point>1</point>
					<arrival>9468</arrival>
					<Quantity>-20642.858004488899</Quantity>
				</IRP_Roadef_Challenge_Operation_>
				<IRP_Roadef_Challenge_Operation_>
					<point>38</point>
					<arrival>9569</arrival>
					<Quantity>20642.858004488891</Quantity>
				</IRP_Roadef_Challenge_Operation_>
			</operations>
		</IRP_Roadef_Challenge_Shift_>
		<IRP_Roadef_Challenge_Shift_>
			<index>55</index>
			<driver>10</driver>
			<trailer>7</trailer>
			<start>9468</start>
			<operations>
				<IRP_Roadef_Challenge_Operation_>
					<point>40</point>
					<arrival>9594</arrival>
					<Quantity>3213.3759919062559</Quantity>
				</IRP_Roadef_Challenge_Operation_>
				<IRP_Roadef_Challenge_Operation_>
					<point>119</point>
					<arrival>9689</arrival>
					<Quantity>237.90000000000236</Quantity>
				</IRP_Roadef_Challenge_Operation_>
				<IRP_Roadef_Challenge_Operation_>
					<point>323</point>
					<arrival>9737</arrival>
					<Quantity>17532.391550617533</Quantity>
				</IRP_Roadef_Challenge_Operation_>
			</operations>
		</IRP_Roadef_Challenge_Shift_>
		<IRP_Roadef_Challenge_Shift_>
			<index>56</index>
			<driver>3</driver>
			<trailer>13</trailer>
			<start>9500</start>
			<operations>
				<IRP_Roadef_Challenge_Operation_>
					<point>1</point>
					<arrival>9503</arrival>
					<Quantity>-23095.7152497282</Quantity>
				</IRP_Roadef_Challenge_Operation_>
				<IRP_Roadef_Challenge_Operation_>
					<point>52</point>
					<arrival>9627</arrival>
					<Quantity>9880.9926941861304</Quantity>
				</IRP_Roadef_Challenge_Operation_>
				<IRP_Roadef_Challenge_Operation_>
					<point>299</point>
					<arrival>9657</arrival>
					<Quantity>13214.722555542074</Quantity>
				</IRP_Roadef_Challenge_Operation_>
			</operations>
		</IRP_Roadef_Challenge_Shift_>
		<IRP_Roadef_Challenge_Shift_>
			<index>57</index>
			<driver>0</driver>
			<trailer>5</trailer>
			<start>9545</start>
			<operations>
				<IRP_Roadef_Challenge_Operation_>
					<point>1</point>
					<arrival>9548</arrival>
					<Quantity>-4857.1430598797497</Quantity>
				</IRP_Roadef_Challenge_Operation_>
			</operations>
		</IRP_Roadef_Challenge_Shift_>
		<IRP_Roadef_Challenge_Shift_>
			<index>58</index>
			<driver>4</driver>
			<trailer>10</trailer>
			<start>9678</start>
			<operations>
				<IRP_Roadef_Challenge_Operation_>
					<point>1</point>
					<arrival>9681</arrival>
					<Quantity>-19145.238894359401</Quantity>
				</IRP_Roadef_Challenge_Operation_>
				<IRP_Roadef_Challenge_Operation_>
					<point>273</point>
					<arrival>9814</arrival>
					<Quantity>5518.7543406465811</Quantity>
				</IRP_Roadef_Challenge_Operation_>
				<IRP_Roadef_Challenge_Operation_>
					<point>144</point>
					<arrival>9907</arrival>
					<Quantity>13626.48455371282</Quantity>
				</IRP_Roadef_Challenge_Operation_>
			</operations>
		</IRP_Roadef_Challenge_Shift_>
		<IRP_Roadef_Challenge_Shift_>
			<index>59</index>
			<driver>11</driver>
			<trailer>6</trailer>
			<start>10040</start>
			<operations>
				<IRP_Roadef_Challenge_Operation_>
					<point>1</point>
					<arrival>10043</arrival>
					<Quantity>-22261.905691115498</Quantity>
				</IRP_Roadef_Challenge_Operation_>
			</operations>
		</IRP_Roadef_Challenge_Shift_>
		<IRP_Roadef_Challenge_Shift_>
			<index>60</index>
			<driver>7</driver>
			<trailer>12</trailer>
			<start>10390</start>
			<operations>
				<IRP_Roadef_Challenge_Operation_>
					<point>1</point>
					<arrival>10393</arrival>
					<Quantity>-20642.858004488899</Quantity>
				</IRP_Roadef_Challenge_Operation_>
				<IRP_Roadef_Challenge_Operation_>
					<point>88</point>
					<arrival>10501</arrival>
					<Quantity>20642.858004488899</Quantity>
				</IRP_Roadef_Challenge_Operation_>
				<IRP_Roadef_Challenge_Operation_>
					<point>1</point>
					<arrival>10610</arrival>
					<Quantity>-20642.858004488899</Quantity>
				</IRP_Roadef_Challenge_Operation_>
				<IRP_Roadef_Challenge_Operation_>
					<point>127</point>
					<arrival>10801</arrival>
					<Quantity>6894.3580044888804</Quantity>
				</IRP_Roadef_Challenge_Operation_>
				<IRP_Roadef_Challenge_Operation_>
					<point>268</point>
					<arrival>10861</arrival>
					<Quantity>13748.500000000004</Quantity>
				</IRP_Roadef_Challenge_Operation_>
			</operations>
		</IRP_Roadef_Challenge_Shift_>
		<IRP_Roadef_Challenge_Shift_>
			<index>61</index>
			<driver>9</driver>
			<trailer>11</trailer>
			<start>10790</start>
			<operations>
				<IRP_Roadef_Challenge_Operation_>
					<point>16</point>
					<arrival>10846</arrival>
					<Quantity>21290.477079139593</Quantity>
				</IRP_Roadef_Challenge_Operation_>
				<IRP_Roadef_Challenge_Operation_>
					<point>1</point>
					<arrival>10930</arrival>
					<Quantity>-21290.4770791396</Quantity>
				</IRP_Roadef_Challenge_Operation_>
				<IRP_Roadef_Challenge_Operation_>
					<point>73</point>
					<arrival>11069</arrival>
					<Quantity>1435.0334063720727</Quantity>
				</IRP_Roadef_Challenge_Operation_>
				<IRP_Roadef_Challenge_Operation_>
					<point>219</point>
					<arrival>11118</arrival>
					<Quantity>8977.5172297448698</Quantity>
				</IRP_Roadef_Challenge_Operation_>
				<IRP_Roadef_Challenge_Operation_>
					<point>318</point>
					<arrival>11190</arrival>
					<Quantity>10877.926443022658</Quantity>
				</IRP_Roadef_Challenge_Operation_>
			</operations>
		</IRP_Roadef_Challenge_Shift_>
		<IRP_Roadef_Challenge_Shift_>
			<index>62</index>
			<driver>2</driver>
			<trailer>3</trailer>
			<start>10870</start>
			<operations>
				<IRP_Roadef_Challenge_Operation_>
					<point>1</point>
					<arrival>10873</arrival>
					<Quantity>-26876.1915980013</Quantity>
				</IRP_Roadef_Challenge_Operation_>
				<IRP_Roadef_Challenge_Operation_>
					<point>31</point>
					<arrival>11035</arrival>
					<Quantity>8657.6468780012947</Quantity>
				</IRP_Roadef_Challenge_Operation_>
				<IRP_Roadef_Challenge_Operation_>
					<point>205</point>
					<arrival>11220</arrival>
					<Quantity>18218.544720000002</Quantity>
				</IRP_Roadef_Challenge_Operation_>
			</operations>
		</IRP_Roadef_Challenge_Shift_>
		<IRP_Roadef_Challenge_Shift_>
			<index>63</index>
			<driver>3</driver>
			<trailer>13</trailer>
			<start>10944</start>
			<operations>
				<IRP_Roadef_Challenge_Operation_>
					<point>1</point>
					<arrival>10947</arrival>
					<Quantity>-23095.7152497282</Quantity>
				</IRP_Roadef_Challenge_Operation_>
				<IRP_Roadef_Challenge_Operation_>
					<point>39</point>
					<arrival>11058</arrival>
					<Quantity>2984.5000000000009</Quantity>
				</IRP_Roadef_Challenge_Operation_>
				<IRP_Roadef_Challenge_Operation_>
					<point>76</point>
					<arrival>11118</arrival>
					<Quantity>1592.0526008606025</Quantity>
				</IRP_Roadef_Challenge_Operation_>
				<IRP_Roadef_Challenge_Operation_>
					<point>113</point>
					<arrival>11160</arrival>
					<Quantity>5137.162648867612</Quantity>
				</IRP_Roadef_Challenge_Operation_>
				<IRP_Roadef_Challenge_Operation_>
					<point>90</point>
					<arrival>11229</arrival>
					<Quantity>7690.7999999999993</Quantity>
				</IRP_Roadef_Challenge_Operation_>
				<IRP_Roadef_Challenge_Operation_>
					<point>166</point>
					<arrival>11280</arrival>
					<Quantity>5691.1999999999989</Quantity>
				</IRP_Roadef_Challenge_Operation_>
			</operations>
		</IRP_Roadef_Challenge_Shift_>
		<IRP_Roadef_Challenge_Shift_>
			<index>64</index>
			<driver>10</driver>
			<trailer>7</trailer>
			<start>11063</start>
			<operations>
				<IRP_Roadef_Challenge_Operation_>
					<point>1</point>
					<arrival>11066</arrival>
					<Quantity>-20983.667542523799</Quantity>
				</IRP_Roadef_Challenge_Operation_>
				<IRP_Roadef_Challenge_Operation_>
					<point>7</point>
					<arrival>11279</arrival>
					<Quantity>20983.66754252377</Quantity>
				</IRP_Roadef_Challenge_Operation_>
			</operations>
		</IRP_Roadef_Challenge_Shift_>
		<IRP_Roadef_Challenge_Shift_>
			<index>65</index>
			<driver>0</driver>
			<trailer>5</trailer>
			<start>11152</start>
			<operations>
				<IRP_Roadef_Challenge_Operation_>
					<point>92</point>
					<arrival>11220</arrival>
					<Quantity>1301.1905168155699</Quantity>
				</IRP_Roadef_Challenge_Operation_>
				<IRP_Roadef_Challenge_Operation_>
					<point>100</point>
					<arrival>11263</arrival>
					<Quantity>850.00002653825902</Quantity>
				</IRP_Roadef_Challenge_Operation_>
				<IRP_Roadef_Challenge_Operation_>
					<point>24</point>
					<arrival>11306</arrival>
					<Quantity>1004</Quantity>
				</IRP_Roadef_Challenge_Operation_>
				<IRP_Roadef_Challenge_Operation_>
					<point>289</point>
					<arrival>11341</arrival>
					<Quantity>846.99042330468319</Quantity>
				</IRP_Roadef_Challenge_Operation_>
				<IRP_Roadef_Challenge_Operation_>
					<point>22</point>
					<arrival>11374</arrival>
					<Quantity>854.96209322123741</Quantity>
				</IRP_Roadef_Challenge_Operation_>
			</operations>
		</IRP_Roadef_Challenge_Shift_>
		<IRP_Roadef_Challenge_Shift_>
			<index>66</index>
			<driver>4</driver>
			<trailer>10</trailer>
			<start>11237</start>
			<operations>
				<IRP_Roadef_Challenge_Operation_>
					<point>1</point>
					<arrival>11240</arrival>
					<Quantity>-19145.238894359401</Quantity>
				</IRP_Roadef_Challenge_Operation_>
				<IRP_Roadef_Challenge_Operation_>
					<point>151</point>
					<arrival>11351</arrival>
					<Quantity>10819.038894359404</Quantity>
				</IRP_Roadef_Challenge_Operation_>
				<IRP_Roadef_Challenge_Operation_>
					<point>207</point>
					<arrival>11433</arrival>
					<Quantity>2458.1000000000013</Quantity>
				</IRP_Roadef_Challenge_Operation_>
				<IRP_Roadef_Challenge_Operation_>
					<point>58</point>
					<arrival>11468</arrival>
					<Quantity>977.29999999999927</Quantity>
				</IRP_Roadef_Challenge_Operation_>
				<IRP_Roadef_Challenge_Operation_>
					<point>316</point>
					<arrival>11534</arrival>
					<Quantity>4890.7999999999947</Quantity>
				</IRP_Roadef_Challenge_Operation_>
			</operations>
		</IRP_Roadef_Challenge_Shift_>
		<IRP_Roadef_Challenge_Shift_>
			<index>67</index>
			<driver>7</driver>
			<trailer>12</trailer>
			<start>11794</start>
			<operations>
				<IRP_Roadef_Challenge_Operation_>
					<point>1</point>
					<arrival>11797</arrival>
					<Quantity>-20642.858004488899</Quantity>
				</IRP_Roadef_Challenge_Operation_>
				<IRP_Roadef_Challenge_Operation_>
					<point>41</point>
					<arrival>11913</arrival>
					<Quantity>6039.7004058837883</Quantity>
				</IRP_Roadef_Challenge_Operation_>
				<IRP_Roadef_Challenge_Operation_>
					<point>141</point>
					<arrival>11969</arrival>
					<Quantity>3622.815127291622</Quantity>
				</IRP_Roadef_Challenge_Operation_>
				<IRP_Roadef_Challenge_Operation_>
					<point>110</point>
					<arrival>12021</arrival>
					<Quantity>10980.342471313472</Quantity>
				</IRP_Roadef_Challenge_Operation_>
			</operations>
		</IRP_Roadef_Challenge_Shift_>
		<IRP_Roadef_Challenge_Shift_>
			<index>68</index>
			<driver>9</driver>
			<trailer>11</trailer>
			<start>12011</start>
			<operations>
				<IRP_Roadef_Challenge_Operation_>
					<point>1</point>
					<arrival>12014</arrival>
					<Quantity>-21290.4770791396</Quantity>
				</IRP_Roadef_Challenge_Operation_>
				<IRP_Roadef_Challenge_Operation_>
					<point>158</point>
					<arrival>12115</arrival>
					<Quantity>4660.3631469726024</Quantity>
				</IRP_Roadef_Challenge_Operation_>
				<IRP_Roadef_Challenge_Operation_>
					<point>88</point>
					<arrival>12173</arrival>
					<Quantity>16630.113932167013</Quantity>
				</IRP_Roadef_Challenge_Operation_>
			</operations>
		</IRP_Roadef_Challenge_Shift_>
		<IRP_Roadef_Challenge_Shift_>
			<index>69</index>
			<driver>5</driver>
			<trailer>8</trailer>
			<start>12063</start>
			<operations>
				<IRP_Roadef_Challenge_Operation_>
					<point>1</point>
					<arrival>12066</arrival>
					<Quantity>-20400.000851494999</Quantity>
				</IRP_Roadef_Challenge_Operation_>
				<IRP_Roadef_Challenge_Operation_>
					<point>241</point>
					<arrival>12179</arrival>
					<Quantity>9207.2000000000007</Quantity>
				</IRP_Roadef_Challenge_Operation_>
				<IRP_Roadef_Challenge_Operation_>
					<point>297</point>
					<arrival>12209</arrival>
					<Quantity>11192.800851494998</Quantity>
				</IRP_Roadef_Challenge_Operation_>
				<IRP_Roadef_Challenge_Operation_>
					<point>1</point>
					<arrival>12291</arrival>
					<Quantity>-20400.000851494999</Quantity>
				</IRP_Roadef_Challenge_Operation_>
				<IRP_Roadef_Challenge_Operation_>
					<point>292</point>
					<arrival>12394</arrival>
					<Quantity>20400.00085149498</Quantity>
				</IRP_Roadef_Challenge_Operation_>
			</operations>
		</IRP_Roadef_Challenge_Shift_>
		<IRP_Roadef_Challenge_Shift_>
			<index>70</index>
			<driver>10</driver>
			<trailer>7</trailer>
			<start>12306</start>
			<operations>
				<IRP_Roadef_Challenge_Operation_>
					<point>1</point>
					<arrival>12309</arrival>
					<Quantity>-20983.667542523799</Quantity>
				</IRP_Roadef_Challenge_Operation_>
				<IRP_Roadef_Challenge_Operation_>
					<point>111</point>
					<arrival>12449</arrival>
					<Quantity>8027.4924228668078</Quantity>
				</IRP_Roadef_Challenge_Operation_>
				<IRP_Roadef_Challenge_Operation_>
					<point>251</point>
					<arrival>12532</arrival>
					<Quantity>8602.7271199999996</Quantity>
				</IRP_Roadef_Challenge_Operation_>
				<IRP_Roadef_Challenge_Operation_>
					<point>318</point>
					<arrival>12625</arrival>
					<Quantity>4353.4479996569789</Quantity>
				</IRP_Roadef_Challenge_Operation_>
			</operations>
		</IRP_Roadef_Challenge_Shift_>
		<IRP_Roadef_Challenge_Shift_>
			<index>71</index>
			<driver>1</driver>
			<trailer>9</trailer>
			<start>12330</start>
			<operations>
				<IRP_Roadef_Challenge_Operation_>
					<point>281</point>
					<arrival>12379</arrival>
					<Quantity>18746.143281260069</Quantity>
				</IRP_Roadef_Challenge_Operation_>
				<IRP_Roadef_Challenge_Operation_>
					<point>162</point>
					<arrival>12479</arrival>
					<Quantity>2541.0000000000064</Quantity>
				</IRP_Roadef_Challenge_Operation_>
				<IRP_Roadef_Challenge_Operation_>
					<point>1</point>
					<arrival>12532</arrival>
					<Quantity>-21287.143281260065</Quantity>
				</IRP_Roadef_Challenge_Operation_>
				<IRP_Roadef_Challenge_Operation_>
					<point>139</point>
					<arrival>12649</arrival>
					<Quantity>5099.6724979862956</Quantity>
				</IRP_Roadef_Challenge_Operation_>
				<IRP_Roadef_Challenge_Operation_>
					<point>194</point>
					<arrival>12680</arrival>
					<Quantity>6300.9945942945087</Quantity>
				</IRP_Roadef_Challenge_Operation_>
				<IRP_Roadef_Challenge_Operation_>
					<point>74</point>
					<arrival>12729</arrival>
					<Quantity>10024.628215439716</Quantity>
				</IRP_Roadef_Challenge_Operation_>
			</operations>
		</IRP_Roadef_Challenge_Shift_>
		<IRP_Roadef_Challenge_Shift_>
			<index>72</index>
			<driver>3</driver>
			<trailer>13</trailer>
			<start>12412</start>
			<operations>
				<IRP_Roadef_Challenge_Operation_>
					<point>1</point>
					<arrival>12415</arrival>
					<Quantity>-23095.7152497282</Quantity>
				</IRP_Roadef_Challenge_Operation_>
				<IRP_Roadef_Challenge_Operation_>
					<point>234</point>
					<arrival>12569</arrival>
					<Quantity>23095.715249728226</Quantity>
				</IRP_Roadef_Challenge_Operation_>
			</operations>
		</IRP_Roadef_Challenge_Shift_>
		<IRP_Roadef_Challenge_Shift_>
			<index>73</index>
			<driver>7</driver>
			<trailer>12</trailer>
			<start>12833</start>
			<operations>
				<IRP_Roadef_Challenge_Operation_>
					<point>1</point>
					<arrival>12836</arrival>
					<Quantity>-20642.858004488899</Quantity>
				</IRP_Roadef_Challenge_Operation_>
				<IRP_Roadef_Challenge_Operation_>
					<point>255</point>
					<arrival>12969</arrival>
					<Quantity>6733.8432637369006</Quantity>
				</IRP_Roadef_Challenge_Operation_>
				<IRP_Roadef_Challenge_Operation_>
					<point>288</point>
					<arrival>13001</arrival>
					<Quantity>4313.6997200000005</Quantity>
				</IRP_Roadef_Challenge_Operation_>
				<IRP_Roadef_Challenge_Operation_>
					<point>257</point>
					<arrival>13032</arrival>
					<Quantity>6059.7150207519971</Quantity>
				</IRP_Roadef_Challenge_Operation_>
				<IRP_Roadef_Challenge_Operation_>
					<point>5</point>
					<arrival>13125</arrival>
					<Quantity>3535.6000000000004</Quantity>
				</IRP_Roadef_Challenge_Operation_>
			</operations>
		</IRP_Roadef_Challenge_Shift_>
		<IRP_Roadef_Challenge_Shift_>
			<index>74</index>
			<driver>12</driver>
			<trailer>1</trailer>
			<start>12860</start>
			<operations>
				<IRP_Roadef_Challenge_Operation_>
					<point>171</point>
					<arrival>12939</arrival>
					<Quantity>20630.28151679007</Quantity>
				</IRP_Roadef_Challenge_Operation_>
			</operations>
		</IRP_Roadef_Challenge_Shift_>
		<IRP_Roadef_Challenge_Shift_>
			<index>75</index>
			<driver>6</driver>
			<trailer>4</trailer>
			<start>13084</start>
			<operations>
				<IRP_Roadef_Challenge_Operation_>
					<point>1</point>
					<arrival>13087</arrival>
					<Quantity>-18569.87532711769</Quantity>
				</IRP_Roadef_Challenge_Operation_>
			</operations>
		</IRP_Roadef_Challenge_Shift_>
		<IRP_Roadef_Challenge_Shift_>
			<index>76</index>
			<driver>11</driver>
			<trailer>6</trailer>
			<start>13155</start>
			<operations>
				<IRP_Roadef_Challenge_Operation_>
					<point>132</point>
					<arrival>13196</arrival>
					<Quantity>22261.905691115498</Quantity>
				</IRP_Roadef_Challenge_Operation_>
			</operations>
		</IRP_Roadef_Challenge_Shift_>
		<IRP_Roadef_Challenge_Shift_>
			<index>77</index>
			<driver>2</driver>
			<trailer>3</trailer>
			<start>13415</start>
			<operations>
				<IRP_Roadef_Challenge_Operation_>
					<point>1</point>
					<arrival>13418</arrival>
					<Quantity>-26876.1915980013</Quantity>
				</IRP_Roadef_Challenge_Operation_>
			</operations>
		</IRP_Roadef_Challenge_Shift_>
		<IRP_Roadef_Challenge_Shift_>
			<index>78</index>
			<driver>10</driver>
			<trailer>7</trailer>
			<start>13479</start>
			<operations>
				<IRP_Roadef_Challenge_Operation_>
					<point>1</point>
					<arrival>13482</arrival>
					<Quantity>-20983.667542523799</Quantity>
				</IRP_Roadef_Challenge_Operation_>
				<IRP_Roadef_Challenge_Operation_>
					<point>23</point>
					<arrival>13578</arrival>
					<Quantity>6134.7383013684721</Quantity>
				</IRP_Roadef_Challenge_Operation_>
				<IRP_Roadef_Challenge_Operation_>
					<point>281</point>
					<arrival>13637</arrival>
					<Quantity>10317.976718739936</Quantity>
				</IRP_Roadef_Challenge_Operation_>
				<IRP_Roadef_Challenge_Operation_>
					<point>284</point>
					<arrival>13704</arrival>
					<Quantity>4530.9525224154304</Quantity>
				</IRP_Roadef_Challenge_Operation_>
				<IRP_Roadef_Challenge_Operation_>
					<point>1</point>
					<arrival>13786</arrival>
					<Quantity>-20983.667542523799</Quantity>
				</IRP_Roadef_Challenge_Operation_>
				<IRP_Roadef_Challenge_Operation_>
					<point>143</point>
					<arrival>13889</arrival>
					<Quantity>9512.5804392821883</Quantity>
				</IRP_Roadef_Challenge_Operation_>
				<IRP_Roadef_Challenge_Operation_>
					<point>261</point>
					<arrival>13933</arrival>
					<Quantity>4941.3306335449888</Quantity>
				</IRP_Roadef_Challenge_Operation_>
				<IRP_Roadef_Challenge_Operation_>
					<point>142</point>
					<arrival>13970</arrival>
					<Quantity>6529.7564696966219</Quantity>
				</IRP_Roadef_Challenge_Operation_>
			</operations>
		</IRP_Roadef_Challenge_Shift_>
		<IRP_Roadef_Challenge_Shift_>
			<index>79</index>
			<driver>12</driver>
			<trailer>1</trailer>
			<start>13803</start>
			<operations>
				<IRP_Roadef_Challenge_Operation_>
					<point>1</point>
					<arrival>13806</arrival>
					<Quantity>-20630.28151679007</Quantity>
				</IRP_Roadef_Challenge_Operation_>
				<IRP_Roadef_Challenge_Operation_>
					<point>308</point>
					<arrival>13914</arrival>
					<Quantity>21750.483215158289</Quantity>
				</IRP_Roadef_Challenge_Operation_>
				<IRP_Roadef_Challenge_Operation_>
					<point>1</point>
					<arrival>14023</arrival>
					<Quantity>-21750.483215158289</Quantity>
				</IRP_Roadef_Challenge_Operation_>
				<IRP_Roadef_Challenge_Operation_>
					<point>209</point>
					<arrival>14124</arrival>
					<Quantity>11583.141407273462</Quantity>
				</IRP_Roadef_Challenge_Operation_>
				<IRP_Roadef_Challenge_Operation_>
					<point>243</point>
					<arrival>14188</arrival>
					<Quantity>8358.1999999999971</Quantity>
				</IRP_Roadef_Challenge_Operation_>
			</operations>
		</IRP_Roadef_Challenge_Shift_>
		<IRP_Roadef_Challenge_Shift_>
			<index>80</index>
			<driver>6</driver>
			<trailer>4</trailer>
			<start>13871</start>
			<operations>
				<IRP_Roadef_Challenge_Operation_>
					<point>88</point>
					<arrival>13919</arrival>
					<Quantity>20076.191314169599</Quantity>
				</IRP_Roadef_Challenge_Operation_>
				<IRP_Roadef_Challenge_Operation_>
					<point>1</point>
					<arrival>14028</arrival>
					<Quantity>-20076.191314169599</Quantity>
				</IRP_Roadef_Challenge_Operation_>
				<IRP_Roadef_Challenge_Operation_>
					<point>146</point>
					<arrival>14122</arrival>
					<Quantity>17546.866486105151</Quantity>
				</IRP_Roadef_Challenge_Operation_>
			</operations>
		</IRP_Roadef_Challenge_Shift_>
		<IRP_Roadef_Challenge_Shift_>
			<index>81</index>
			<driver>7</driver>
			<trailer>12</trailer>
			<start>13927</start>
			<operations>
				<IRP_Roadef_Challenge_Operation_>
					<point>1</point>
					<arrival>13930</arrival>
					<Quantity>-20642.858004488899</Quantity>
				</IRP_Roadef_Challenge_Operation_>
				<IRP_Roadef_Challenge_Operation_>
					<point>44</point>
					<arrival>14038</arrival>
					<Quantity>7824.6000000000076</Quantity>
				</IRP_Roadef_Challenge_Operation_>
				<IRP_Roadef_Challenge_Operation_>
					<point>230</point>
					<arrival>14076</arrival>
					<Quantity>1482.300000000002</Quantity>
				</IRP_Roadef_Challenge_Operation_>
				<IRP_Roadef_Challenge_Operation_>
					<point>38</point>
					<arrival>14118</arrival>
					<Quantity>11335.958004488879</Quantity>
				</IRP_Roadef_Challenge_Operation_>
			</operations>
		</IRP_Roadef_Challenge_Shift_>
		<IRP_Roadef_Challenge_Shift_>
			<index>82</index>
			<driver>5</driver>
			<trailer>8</trailer>
			<start>14106</start>
			<operations>
				<IRP_Roadef_Challenge_Operation_>
					<point>1</point>
					<arrival>14109</arrival>
					<Quantity>-20400.000851494999</Quantity>
				</IRP_Roadef_Challenge_Operation_>
				<IRP_Roadef_Challenge_Operation_>
					<point>103</point>
					<arrival>14220</arrival>
					<Quantity>7297.8758747437296</Quantity>
				</IRP_Roadef_Challenge_Operation_>
				<IRP_Roadef_Challenge_Operation_>
					<point>177</point>
					<arrival>14250</arrival>
					<Quantity>7322.4579654790268</Quantity>
				</IRP_Roadef_Challenge_Operation_>
				<IRP_Roadef_Challenge_Operation_>
					<point>316</point>
					<arrival>14280</arrival>
					<Quantity>5737.2500000000009</Quantity>
				</IRP_Roadef_Challenge_Operation_>
			</operations>
		</IRP_Roadef_Challenge_Shift_>
		<IRP_Roadef_Challenge_Shift_>
			<index>83</index>
			<driver>9</driver>
			<trailer>11</trailer>
			<start>14128</start>
			<operations>
				<IRP_Roadef_Challenge_Operation_>
					<point>1</point>
					<arrival>14131</arrival>
					<Quantity>-21290.4770791396</Quantity>
				</IRP_Roadef_Challenge_Operation_>
				<IRP_Roadef_Challenge_Operation_>
					<point>219</point>
					<arrival>14265</arrival>
					<Quantity>21290.4770791396</Quantity>
				</IRP_Roadef_Challenge_Operation_>
			</operations>
		</IRP_Roadef_Challenge_Shift_>
		<IRP_Roadef_Challenge_Shift_>
			<index>84</index>
			<driver>3</driver>
			<trailer>13</trailer>
			<start>14131</start>
			<operations>
				<IRP_Roadef_Challenge_Operation_>
					<point>1</point>
					<arrival>14134</arrival>
					<Quantity>-23095.7152497282</Quantity>
				</IRP_Roadef_Challenge_Operation_>
				<IRP_Roadef_Challenge_Operation_>
					<point>107</point>
					<arrival>14245</arrival>
					<Quantity>2762.5999999999881</Quantity>
				</IRP_Roadef_Challenge_Operation_>
				<IRP_Roadef_Challenge_Operation_>
					<point>139</point>
					<arrival>14284</arrival>
					<Quantity>3913.5275020137051</Quantity>
				</IRP_Roadef_Challenge_Operation_>
				<IRP_Roadef_Challenge_Operation_>
					<point>16</point>
					<arrival>14315</arrival>
					<Quantity>16419.587747714522</Quantity>
				</IRP_Roadef_Challenge_Operation_>
			</operations>
		</IRP_Roadef_Challenge_Shift_>
		<IRP_Roadef_Challenge_Shift_>
			<index>85</index>
			<driver>2</driver>
			<trailer>3</trailer>
			<start>14208</start>
			<operations>
				<IRP_Roadef_Challenge_Operation_>
					<point>46</point>
					<arrival>14259</arrival>
					<Quantity>7600.8999999999987</Quantity>
				</IRP_Roadef_Challenge_Operation_>
				<IRP_Roadef_Challenge_Operation_>
					<point>151</point>
					<arrival>14289</arrival>
					<Quantity>19091.617614401577</Quantity>
				</IRP_Roadef_Challenge_Operation_>
			</operations>
		</IRP_Roadef_Challenge_Shift_>
	</Shifts>
</IRP_Roadef_Challenge_Output>
