<?xml version="1.0"?>
<IRP_Roadef_Challenge_Output>
	<Shifts>
		<IRP_Roadef_Challenge_Shift_>
			<index>0</index>
			<driver>1</driver>
			<trailer>1</trailer>
			<start>330</start>
			<operations>
				<IRP_Roadef_Challenge_Operation_>
					<point>174</point>
					<arrival>385</arrival>
					<Quantity>6523.449999999968</Quantity>
				</IRP_Roadef_Challenge_Operation_>
				<IRP_Roadef_Challenge_Operation_>
					<point>47</point>
					<arrival>480</arrival>
					<Quantity>4614.401904296913</Quantity>
				</IRP_Roadef_Challenge_Operation_>
				<IRP_Roadef_Challenge_Operation_>
					<point>56</point>
					<arrival>551</arrival>
					<Quantity>2646.7360839843691</Quantity>
				</IRP_Roadef_Challenge_Operation_>
				<IRP_Roadef_Challenge_Operation_>
					<point>60</point>
					<arrival>634</arrival>
					<Quantity>5480.7002197265592</Quantity>
				</IRP_Roadef_Challenge_Operation_>
				<IRP_Roadef_Challenge_Operation_>
					<point>51</point>
					<arrival>754</arrival>
					<Quantity>3594.7117919921902</Quantity>
				</IRP_Roadef_Challenge_Operation_>
			</operations>
		</IRP_Roadef_Challenge_Shift_>
		<IRP_Roadef_Challenge_Shift_>
			<index>1</index>
			<driver>4</driver>
			<trailer>0</trailer>
			<start>348</start>
			<operations>
				<IRP_Roadef_Challenge_Operation_>
					<point>158</point>
					<arrival>374</arrival>
					<Quantity>729.72972032534506</Quantity>
				</IRP_Roadef_Challenge_Operation_>
				<IRP_Roadef_Challenge_Operation_>
					<point>184</point>
					<arrival>449</arrival>
					<Quantity>390.540535507453</Quantity>
				</IRP_Roadef_Challenge_Operation_>
				<IRP_Roadef_Challenge_Operation_>
					<point>157</point>
					<arrival>579</arrival>
					<Quantity>5634.1799438476601</Quantity>
				</IRP_Roadef_Challenge_Operation_>
				<IRP_Roadef_Challenge_Operation_>
					<point>182</point>
					<arrival>635</arrival>
					<Quantity>622.97296494441503</Quantity>
				</IRP_Roadef_Challenge_Operation_>
				<IRP_Roadef_Challenge_Operation_>
					<point>48</point>
					<arrival>692</arrival>
					<Quantity>1622.5768353751273</Quantity>
				</IRP_Roadef_Challenge_Operation_>
				<IRP_Roadef_Challenge_Operation_>
					<point>1</point>
					<arrival>788</arrival>
					<Quantity>-9000</Quantity>
				</IRP_Roadef_Challenge_Operation_>
				<IRP_Roadef_Challenge_Operation_>
					<point>144</point>
					<arrival>863</arrival>
					<Quantity>553.66612770633083</Quantity>
				</IRP_Roadef_Challenge_Operation_>
				<IRP_Roadef_Challenge_Operation_>
					<point>3</point>
					<arrival>902</arrival>
					<Quantity>309.29103576660191</Quantity>
				</IRP_Roadef_Challenge_Operation_>
				<IRP_Roadef_Challenge_Operation_>
					<point>63</point>
					<arrival>988</arrival>
					<Quantity>2382.9708150426959</Quantity>
				</IRP_Roadef_Challenge_Operation_>
				<IRP_Roadef_Challenge_Operation_>
					<point>171</point>
					<arrival>1044</arrival>
					<Quantity>5754.0720214843714</Quantity>
				</IRP_Roadef_Challenge_Operation_>
			</operations>
		</IRP_Roadef_Challenge_Shift_>
		<IRP_Roadef_Challenge_Shift_>
			<index>2</index>
			<driver>5</driver>
			<trailer>2</trailer>
			<start>350</start>
			<operations>
				<IRP_Roadef_Challenge_Operation_>
					<point>2</point>
					<arrival>434</arrival>
					<Quantity>6072.7188720703107</Quantity>
				</IRP_Roadef_Challenge_Operation_>
				<IRP_Roadef_Challenge_Operation_>
					<point>54</point>
					<arrival>484</arrival>
					<Quantity>833.71472167968841</Quantity>
				</IRP_Roadef_Challenge_Operation_>
				<IRP_Roadef_Challenge_Operation_>
					<point>53</point>
					<arrival>518</arrival>
					<Quantity>6415.5664062500009</Quantity>
				</IRP_Roadef_Challenge_Operation_>
				<IRP_Roadef_Challenge_Operation_>
					<point>1</point>
					<arrival>622</arrival>
					<Quantity>-13350</Quantity>
				</IRP_Roadef_Challenge_Operation_>
				<IRP_Roadef_Challenge_Operation_>
					<point>120</point>
					<arrival>772</arrival>
					<Quantity>2391.8920331143718</Quantity>
				</IRP_Roadef_Challenge_Operation_>
				<IRP_Roadef_Challenge_Operation_>
					<point>128</point>
					<arrival>869</arrival>
					<Quantity>10417.5674333113</Quantity>
				</IRP_Roadef_Challenge_Operation_>
				<IRP_Roadef_Challenge_Operation_>
					<point>85</point>
					<arrival>1002</arrival>
					<Quantity>540.54053357432895</Quantity>
				</IRP_Roadef_Challenge_Operation_>
				<IRP_Roadef_Challenge_Operation_>
					<point>1</point>
					<arrival>1099</arrival>
					<Quantity>-13350</Quantity>
				</IRP_Roadef_Challenge_Operation_>
			</operations>
		</IRP_Roadef_Challenge_Shift_>
		<IRP_Roadef_Challenge_Shift_>
			<index>3</index>
			<driver>2</driver>
			<trailer>3</trailer>
			<start>563</start>
			<operations>
				<IRP_Roadef_Challenge_Operation_>
					<point>10</point>
					<arrival>660</arrival>
					<Quantity>11398.39772129059</Quantity>
				</IRP_Roadef_Challenge_Operation_>
				<IRP_Roadef_Challenge_Operation_>
					<point>42</point>
					<arrival>890</arrival>
					<Quantity>6196.1285482406583</Quantity>
				</IRP_Roadef_Challenge_Operation_>
				<IRP_Roadef_Challenge_Operation_>
					<point>95</point>
					<arrival>945</arrival>
					<Quantity>3405.4737304687496</Quantity>
				</IRP_Roadef_Challenge_Operation_>
			</operations>
		</IRP_Roadef_Challenge_Shift_>
		<IRP_Roadef_Challenge_Shift_>
			<index>4</index>
			<driver>0</driver>
			<trailer>1</trailer>
			<start>1412</start>
			<operations>
				<IRP_Roadef_Challenge_Operation_>
					<point>1</point>
					<arrival>1445</arrival>
					<Quantity>-22860</Quantity>
				</IRP_Roadef_Challenge_Operation_>
				<IRP_Roadef_Challenge_Operation_>
					<point>175</point>
					<arrival>1553</arrival>
					<Quantity>3420.6492797851565</Quantity>
				</IRP_Roadef_Challenge_Operation_>
				<IRP_Roadef_Challenge_Operation_>
					<point>14</point>
					<arrival>1602</arrival>
					<Quantity>1288.8397338867271</Quantity>
				</IRP_Roadef_Challenge_Operation_>
				<IRP_Roadef_Challenge_Operation_>
					<point>11</point>
					<arrival>1661</arrival>
					<Quantity>10351.978320312499</Quantity>
				</IRP_Roadef_Challenge_Operation_>
				<IRP_Roadef_Challenge_Operation_>
					<point>32</point>
					<arrival>1755</arrival>
					<Quantity>798.53266601562063</Quantity>
				</IRP_Roadef_Challenge_Operation_>
				<IRP_Roadef_Challenge_Operation_>
					<point>8</point>
					<arrival>1813</arrival>
					<Quantity>7000</Quantity>
				</IRP_Roadef_Challenge_Operation_>
			</operations>
		</IRP_Roadef_Challenge_Shift_>
		<IRP_Roadef_Challenge_Shift_>
			<index>5</index>
			<driver>3</driver>
			<trailer>2</trailer>
			<start>1597</start>
			<operations>
				<IRP_Roadef_Challenge_Operation_>
					<point>108</point>
					<arrival>1640</arrival>
					<Quantity>6.6524658203099989</Quantity>
				</IRP_Roadef_Challenge_Operation_>
				<IRP_Roadef_Challenge_Operation_>
					<point>185</point>
					<arrival>1704</arrival>
					<Quantity>716.21620698598701</Quantity>
				</IRP_Roadef_Challenge_Operation_>
				<IRP_Roadef_Challenge_Operation_>
					<point>138</point>
					<arrival>1740</arrival>
					<Quantity>459.45945353818001</Quantity>
				</IRP_Roadef_Challenge_Operation_>
				<IRP_Roadef_Challenge_Operation_>
					<point>4</point>
					<arrival>1799</arrival>
					<Quantity>12167.671873655523</Quantity>
				</IRP_Roadef_Challenge_Operation_>
			</operations>
		</IRP_Roadef_Challenge_Shift_>
		<IRP_Roadef_Challenge_Shift_>
			<index>6</index>
			<driver>1</driver>
			<trailer>1</trailer>
			<start>2281</start>
			<operations>
				<IRP_Roadef_Challenge_Operation_>
					<point>1</point>
					<arrival>2314</arrival>
					<Quantity>-22860</Quantity>
				</IRP_Roadef_Challenge_Operation_>
				<IRP_Roadef_Challenge_Operation_>
					<point>1</point>
					<arrival>2374</arrival>
					<Quantity>0</Quantity>
				</IRP_Roadef_Challenge_Operation_>
				<IRP_Roadef_Challenge_Operation_>
					<point>118</point>
					<arrival>2449</arrival>
					<Quantity>14922.170996093746</Quantity>
				</IRP_Roadef_Challenge_Operation_>
			</operations>
		</IRP_Roadef_Challenge_Shift_>
		<IRP_Roadef_Challenge_Shift_>
			<index>7</index>
			<driver>2</driver>
			<trailer>3</trailer>
			<start>2401</start>
			<operations>
				<IRP_Roadef_Challenge_Operation_>
					<point>1</point>
					<arrival>2434</arrival>
					<Quantity>-21000</Quantity>
				</IRP_Roadef_Challenge_Operation_>
				<IRP_Roadef_Challenge_Operation_>
					<point>7</point>
					<arrival>2624</arrival>
					<Quantity>2839.5999999999831</Quantity>
				</IRP_Roadef_Challenge_Operation_>
				<IRP_Roadef_Challenge_Operation_>
					<point>73</point>
					<arrival>2868</arrival>
					<Quantity>5173.7969335937605</Quantity>
				</IRP_Roadef_Challenge_Operation_>
				<IRP_Roadef_Challenge_Operation_>
					<point>125</point>
					<arrival>3580</arrival>
					<Quantity>831.45673828124927</Quantity>
				</IRP_Roadef_Challenge_Operation_>
				<IRP_Roadef_Challenge_Operation_>
					<point>146</point>
					<arrival>3746</arrival>
					<Quantity>12155.146328125013</Quantity>
				</IRP_Roadef_Challenge_Operation_>
				<IRP_Roadef_Challenge_Operation_>
					<point>1</point>
					<arrival>3951</arrival>
					<Quantity>-21000</Quantity>
				</IRP_Roadef_Challenge_Operation_>
				<IRP_Roadef_Challenge_Operation_>
					<point>24</point>
					<arrival>4079</arrival>
					<Quantity>11457.732778546653</Quantity>
				</IRP_Roadef_Challenge_Operation_>
				<IRP_Roadef_Challenge_Operation_>
					<point>46</point>
					<arrival>4205</arrival>
					<Quantity>9542.267221453345</Quantity>
				</IRP_Roadef_Challenge_Operation_>
				<IRP_Roadef_Challenge_Operation_>
					<point>1</point>
					<arrival>4274</arrival>
					<Quantity>-21000</Quantity>
				</IRP_Roadef_Challenge_Operation_>
			</operations>
		</IRP_Roadef_Challenge_Shift_>
		<IRP_Roadef_Challenge_Shift_>
			<index>8</index>
			<driver>0</driver>
			<trailer>1</trailer>
			<start>2549</start>
			<operations>
				<IRP_Roadef_Challenge_Operation_>
					<point>1</point>
					<arrival>2582</arrival>
					<Quantity>-14922.170996093746</Quantity>
				</IRP_Roadef_Challenge_Operation_>
				<IRP_Roadef_Challenge_Operation_>
					<point>57</point>
					<arrival>2696</arrival>
					<Quantity>19248.690917968746</Quantity>
				</IRP_Roadef_Challenge_Operation_>
				<IRP_Roadef_Challenge_Operation_>
					<point>178</point>
					<arrival>2777</arrival>
					<Quantity>1</Quantity>
				</IRP_Roadef_Challenge_Operation_>
				<IRP_Roadef_Challenge_Operation_>
					<point>178</point>
					<arrival>2807</arrival>
					<Quantity>1204.903707625479</Quantity>
				</IRP_Roadef_Challenge_Operation_>
				<IRP_Roadef_Challenge_Operation_>
					<point>84</point>
					<arrival>2872</arrival>
					<Quantity>2405.4053744057701</Quantity>
				</IRP_Roadef_Challenge_Operation_>
				<IRP_Roadef_Challenge_Operation_>
					<point>1</point>
					<arrival>2930</arrival>
					<Quantity>-22860</Quantity>
				</IRP_Roadef_Challenge_Operation_>
				<IRP_Roadef_Challenge_Operation_>
					<point>164</point>
					<arrival>3073</arrival>
					<Quantity>7370.2533300781242</Quantity>
				</IRP_Roadef_Challenge_Operation_>
				<IRP_Roadef_Challenge_Operation_>
					<point>151</point>
					<arrival>3173</arrival>
					<Quantity>15489.746669921882</Quantity>
				</IRP_Roadef_Challenge_Operation_>
				<IRP_Roadef_Challenge_Operation_>
					<point>1</point>
					<arrival>3273</arrival>
					<Quantity>-22860</Quantity>
				</IRP_Roadef_Challenge_Operation_>
			</operations>
		</IRP_Roadef_Challenge_Shift_>
		<IRP_Roadef_Challenge_Shift_>
			<index>9</index>
			<driver>3</driver>
			<trailer>2</trailer>
			<start>2649</start>
			<operations>
				<IRP_Roadef_Challenge_Operation_>
					<point>1</point>
					<arrival>2682</arrival>
					<Quantity>-13350</Quantity>
				</IRP_Roadef_Challenge_Operation_>
				<IRP_Roadef_Challenge_Operation_>
					<point>26</point>
					<arrival>2760</arrival>
					<Quantity>2111.4121093749995</Quantity>
				</IRP_Roadef_Challenge_Operation_>
				<IRP_Roadef_Challenge_Operation_>
					<point>109</point>
					<arrival>2809</arrival>
					<Quantity>382.43242750383803</Quantity>
				</IRP_Roadef_Challenge_Operation_>
				<IRP_Roadef_Challenge_Operation_>
					<point>62</point>
					<arrival>2890</arrival>
					<Quantity>2402.425707809407</Quantity>
				</IRP_Roadef_Challenge_Operation_>
				<IRP_Roadef_Challenge_Operation_>
					<point>162</point>
					<arrival>2940</arrival>
					<Quantity>7384.2609635504286</Quantity>
				</IRP_Roadef_Challenge_Operation_>
				<IRP_Roadef_Challenge_Operation_>
					<point>150</point>
					<arrival>2993</arrival>
					<Quantity>445.94594019882197</Quantity>
				</IRP_Roadef_Challenge_Operation_>
				<IRP_Roadef_Challenge_Operation_>
					<point>122</point>
					<arrival>3045</arrival>
					<Quantity>623.52285156250173</Quantity>
				</IRP_Roadef_Challenge_Operation_>
			</operations>
		</IRP_Roadef_Challenge_Shift_>
		<IRP_Roadef_Challenge_Shift_>
			<index>10</index>
			<driver>6</driver>
			<trailer>0</trailer>
			<start>2716</start>
			<operations>
				<IRP_Roadef_Challenge_Operation_>
					<point>1</point>
					<arrival>2749</arrival>
					<Quantity>-9000</Quantity>
				</IRP_Roadef_Challenge_Operation_>
				<IRP_Roadef_Challenge_Operation_>
					<point>161</point>
					<arrival>2867</arrival>
					<Quantity>792.5802734374995</Quantity>
				</IRP_Roadef_Challenge_Operation_>
				<IRP_Roadef_Challenge_Operation_>
					<point>23</point>
					<arrival>2913</arrival>
					<Quantity>1989.1787231445294</Quantity>
				</IRP_Roadef_Challenge_Operation_>
				<IRP_Roadef_Challenge_Operation_>
					<point>29</point>
					<arrival>2946</arrival>
					<Quantity>978.6254272460892</Quantity>
				</IRP_Roadef_Challenge_Operation_>
				<IRP_Roadef_Challenge_Operation_>
					<point>145</point>
					<arrival>2995</arrival>
					<Quantity>688.71341552734452</Quantity>
				</IRP_Roadef_Challenge_Operation_>
				<IRP_Roadef_Challenge_Operation_>
					<point>58</point>
					<arrival>3054</arrival>
					<Quantity>555.37661132812593</Quantity>
				</IRP_Roadef_Challenge_Operation_>
				<IRP_Roadef_Challenge_Operation_>
					<point>167</point>
					<arrival>3118</arrival>
					<Quantity>1</Quantity>
				</IRP_Roadef_Challenge_Operation_>
				<IRP_Roadef_Challenge_Operation_>
					<point>167</point>
					<arrival>3148</arrival>
					<Quantity>1170.9382966446115</Quantity>
				</IRP_Roadef_Challenge_Operation_>
				<IRP_Roadef_Challenge_Operation_>
					<point>21</point>
					<arrival>3179</arrival>
					<Quantity>2823.5872526718008</Quantity>
				</IRP_Roadef_Challenge_Operation_>
				<IRP_Roadef_Challenge_Operation_>
					<point>1</point>
					<arrival>3292</arrival>
					<Quantity>-9000</Quantity>
				</IRP_Roadef_Challenge_Operation_>
			</operations>
		</IRP_Roadef_Challenge_Shift_>
		<IRP_Roadef_Challenge_Shift_>
			<index>11</index>
			<driver>5</driver>
			<trailer>2</trailer>
			<start>3213</start>
			<operations>
				<IRP_Roadef_Challenge_Operation_>
					<point>1</point>
					<arrival>3246</arrival>
					<Quantity>-13350</Quantity>
				</IRP_Roadef_Challenge_Operation_>
				<IRP_Roadef_Challenge_Operation_>
					<point>44</point>
					<arrival>3450</arrival>
					<Quantity>11068.662496261668</Quantity>
				</IRP_Roadef_Challenge_Operation_>
				<IRP_Roadef_Challenge_Operation_>
					<point>30</point>
					<arrival>3522</arrival>
					<Quantity>1957.0131835937395</Quantity>
				</IRP_Roadef_Challenge_Operation_>
				<IRP_Roadef_Challenge_Operation_>
					<point>130</point>
					<arrival>3575</arrival>
					<Quantity>324.324320144598</Quantity>
				</IRP_Roadef_Challenge_Operation_>
				<IRP_Roadef_Challenge_Operation_>
					<point>1</point>
					<arrival>3742</arrival>
					<Quantity>-13350</Quantity>
				</IRP_Roadef_Challenge_Operation_>
				<IRP_Roadef_Challenge_Operation_>
					<point>6</point>
					<arrival>3870</arrival>
					<Quantity>10522.016992187515</Quantity>
				</IRP_Roadef_Challenge_Operation_>
				<IRP_Roadef_Challenge_Operation_>
					<point>47</point>
					<arrival>3937</arrival>
					<Quantity>2195.7310553523203</Quantity>
				</IRP_Roadef_Challenge_Operation_>
				<IRP_Roadef_Challenge_Operation_>
					<point>40</point>
					<arrival>3994</arrival>
					<Quantity>466.00308912301625</Quantity>
				</IRP_Roadef_Challenge_Operation_>
			</operations>
		</IRP_Roadef_Challenge_Shift_>
		<IRP_Roadef_Challenge_Shift_>
			<index>12</index>
			<driver>1</driver>
			<trailer>1</trailer>
			<start>3388</start>
			<operations>
				<IRP_Roadef_Challenge_Operation_>
					<point>133</point>
					<arrival>3569</arrival>
					<Quantity>6729.1745117187511</Quantity>
				</IRP_Roadef_Challenge_Operation_>
				<IRP_Roadef_Challenge_Operation_>
					<point>153</point>
					<arrival>3769</arrival>
					<Quantity>11648.023157482399</Quantity>
				</IRP_Roadef_Challenge_Operation_>
				<IRP_Roadef_Challenge_Operation_>
					<point>40</point>
					<arrival>3851</arrival>
					<Quantity>4482.8023307988478</Quantity>
				</IRP_Roadef_Challenge_Operation_>
				<IRP_Roadef_Challenge_Operation_>
					<point>1</point>
					<arrival>3951</arrival>
					<Quantity>-22860</Quantity>
				</IRP_Roadef_Challenge_Operation_>
			</operations>
		</IRP_Roadef_Challenge_Shift_>
		<IRP_Roadef_Challenge_Shift_>
			<index>13</index>
			<driver>4</driver>
			<trailer>0</trailer>
			<start>3614</start>
			<operations>
				<IRP_Roadef_Challenge_Operation_>
					<point>117</point>
					<arrival>3694</arrival>
					<Quantity>1584.1381835937359</Quantity>
				</IRP_Roadef_Challenge_Operation_>
				<IRP_Roadef_Challenge_Operation_>
					<point>121</point>
					<arrival>3750</arrival>
					<Quantity>7415.8618164062627</Quantity>
				</IRP_Roadef_Challenge_Operation_>
				<IRP_Roadef_Challenge_Operation_>
					<point>1</point>
					<arrival>3866</arrival>
					<Quantity>-9000</Quantity>
				</IRP_Roadef_Challenge_Operation_>
				<IRP_Roadef_Challenge_Operation_>
					<point>180</point>
					<arrival>3972</arrival>
					<Quantity>1027.9771972656224</Quantity>
				</IRP_Roadef_Challenge_Operation_>
				<IRP_Roadef_Challenge_Operation_>
					<point>143</point>
					<arrival>4007</arrival>
					<Quantity>3344.8510375976603</Quantity>
				</IRP_Roadef_Challenge_Operation_>
				<IRP_Roadef_Challenge_Operation_>
					<point>151</point>
					<arrival>4080</arrival>
					<Quantity>4521.4533300779476</Quantity>
				</IRP_Roadef_Challenge_Operation_>
			</operations>
		</IRP_Roadef_Challenge_Shift_>
		<IRP_Roadef_Challenge_Shift_>
			<index>14</index>
			<driver>3</driver>
			<trailer>2</trailer>
			<start>4198</start>
			<operations>
				<IRP_Roadef_Challenge_Operation_>
					<point>1</point>
					<arrival>4231</arrival>
					<Quantity>-13183.751136662855</Quantity>
				</IRP_Roadef_Challenge_Operation_>
				<IRP_Roadef_Challenge_Operation_>
					<point>178</point>
					<arrival>4330</arrival>
					<Quantity>1218.8876009682713</Quantity>
				</IRP_Roadef_Challenge_Operation_>
				<IRP_Roadef_Challenge_Operation_>
					<point>140</point>
					<arrival>4369</arrival>
					<Quantity>2409.7004882812462</Quantity>
				</IRP_Roadef_Challenge_Operation_>
				<IRP_Roadef_Challenge_Operation_>
					<point>127</point>
					<arrival>4428</arrival>
					<Quantity>979.22167968750023</Quantity>
				</IRP_Roadef_Challenge_Operation_>
				<IRP_Roadef_Challenge_Operation_>
					<point>54</point>
					<arrival>4488</arrival>
					<Quantity>39.315281334813335</Quantity>
				</IRP_Roadef_Challenge_Operation_>
				<IRP_Roadef_Challenge_Operation_>
					<point>96</point>
					<arrival>4530</arrival>
					<Quantity>7053.3609374999633</Quantity>
				</IRP_Roadef_Challenge_Operation_>
				<IRP_Roadef_Challenge_Operation_>
					<point>99</point>
					<arrival>4605</arrival>
					<Quantity>897.97502746623786</Quantity>
				</IRP_Roadef_Challenge_Operation_>
				<IRP_Roadef_Challenge_Operation_>
					<point>102</point>
					<arrival>4649</arrival>
					<Quantity>751.53898476195809</Quantity>
				</IRP_Roadef_Challenge_Operation_>
			</operations>
		</IRP_Roadef_Challenge_Shift_>
		<IRP_Roadef_Challenge_Shift_>
			<index>15</index>
			<driver>6</driver>
			<trailer>0</trailer>
			<start>4323</start>
			<operations>
				<IRP_Roadef_Challenge_Operation_>
					<point>1</point>
					<arrival>4356</arrival>
					<Quantity>-8894.2815649412314</Quantity>
				</IRP_Roadef_Challenge_Operation_>
				<IRP_Roadef_Challenge_Operation_>
					<point>110</point>
					<arrival>4463</arrival>
					<Quantity>316.21621214098298</Quantity>
				</IRP_Roadef_Challenge_Operation_>
				<IRP_Roadef_Challenge_Operation_>
					<point>126</point>
					<arrival>4519</arrival>
					<Quantity>1653.5115722656196</Quantity>
				</IRP_Roadef_Challenge_Operation_>
				<IRP_Roadef_Challenge_Operation_>
					<point>20</point>
					<arrival>4564</arrival>
					<Quantity>6508.5362304687551</Quantity>
				</IRP_Roadef_Challenge_Operation_>
				<IRP_Roadef_Challenge_Operation_>
					<point>80</point>
					<arrival>4633</arrival>
					<Quantity>521.73598512463923</Quantity>
				</IRP_Roadef_Challenge_Operation_>
				<IRP_Roadef_Challenge_Operation_>
					<point>1</point>
					<arrival>4710</arrival>
					<Quantity>-9000</Quantity>
				</IRP_Roadef_Challenge_Operation_>
			</operations>
		</IRP_Roadef_Challenge_Shift_>
		<IRP_Roadef_Challenge_Shift_>
			<index>16</index>
			<driver>4</driver>
			<trailer>0</trailer>
			<start>4807</start>
			<operations>
				<IRP_Roadef_Challenge_Operation_>
					<point>90</point>
					<arrival>4888</arrival>
					<Quantity>1</Quantity>
				</IRP_Roadef_Challenge_Operation_>
				<IRP_Roadef_Challenge_Operation_>
					<point>181</point>
					<arrival>4941</arrival>
					<Quantity>8699.0000038662329</Quantity>
				</IRP_Roadef_Challenge_Operation_>
				<IRP_Roadef_Challenge_Operation_>
					<point>88</point>
					<arrival>5023</arrival>
					<Quantity>299.99999613375297</Quantity>
				</IRP_Roadef_Challenge_Operation_>
				<IRP_Roadef_Challenge_Operation_>
					<point>1</point>
					<arrival>5105</arrival>
					<Quantity>-9000</Quantity>
				</IRP_Roadef_Challenge_Operation_>
			</operations>
		</IRP_Roadef_Challenge_Shift_>
		<IRP_Roadef_Challenge_Shift_>
			<index>17</index>
			<driver>5</driver>
			<trailer>2</trailer>
			<start>5065</start>
			<operations>
				<IRP_Roadef_Challenge_Operation_>
					<point>1</point>
					<arrival>5098</arrival>
					<Quantity>-13350</Quantity>
				</IRP_Roadef_Challenge_Operation_>
				<IRP_Roadef_Challenge_Operation_>
					<point>3</point>
					<arrival>5181</arrival>
					<Quantity>478.28540791324099</Quantity>
				</IRP_Roadef_Challenge_Operation_>
				<IRP_Roadef_Challenge_Operation_>
					<point>138</point>
					<arrival>5223</arrival>
					<Quantity>520.94054646182462</Quantity>
				</IRP_Roadef_Challenge_Operation_>
				<IRP_Roadef_Challenge_Operation_>
					<point>71</point>
					<arrival>5339</arrival>
					<Quantity>12309.781982421866</Quantity>
				</IRP_Roadef_Challenge_Operation_>
			</operations>
		</IRP_Roadef_Challenge_Shift_>
		<IRP_Roadef_Challenge_Shift_>
			<index>18</index>
			<driver>2</driver>
			<trailer>3</trailer>
			<start>5555</start>
			<operations>
				<IRP_Roadef_Challenge_Operation_>
					<point>19</point>
					<arrival>5824</arrival>
					<Quantity>8401.9735546875036</Quantity>
				</IRP_Roadef_Challenge_Operation_>
				<IRP_Roadef_Challenge_Operation_>
					<point>94</point>
					<arrival>5908</arrival>
					<Quantity>12408.837258561478</Quantity>
				</IRP_Roadef_Challenge_Operation_>
				<IRP_Roadef_Challenge_Operation_>
					<point>142</point>
					<arrival>6072</arrival>
					<Quantity>189.189186751015</Quantity>
				</IRP_Roadef_Challenge_Operation_>
				<IRP_Roadef_Challenge_Operation_>
					<point>1</point>
					<arrival>6824</arrival>
					<Quantity>-20999.999999999993</Quantity>
				</IRP_Roadef_Challenge_Operation_>
				<IRP_Roadef_Challenge_Operation_>
					<point>153</point>
					<arrival>6959</arrival>
					<Quantity>10160.498083496095</Quantity>
				</IRP_Roadef_Challenge_Operation_>
				<IRP_Roadef_Challenge_Operation_>
					<point>45</point>
					<arrival>7035</arrival>
					<Quantity>10010.544921874985</Quantity>
				</IRP_Roadef_Challenge_Operation_>
				<IRP_Roadef_Challenge_Operation_>
					<point>81</point>
					<arrival>7120</arrival>
					<Quantity>828.95699462890559</Quantity>
				</IRP_Roadef_Challenge_Operation_>
				<IRP_Roadef_Challenge_Operation_>
					<point>1</point>
					<arrival>7222</arrival>
					<Quantity>-21000</Quantity>
				</IRP_Roadef_Challenge_Operation_>
			</operations>
		</IRP_Roadef_Challenge_Shift_>
		<IRP_Roadef_Challenge_Shift_>
			<index>19</index>
			<driver>6</driver>
			<trailer>0</trailer>
			<start>5774</start>
			<operations>
				<IRP_Roadef_Challenge_Operation_>
					<point>124</point>
					<arrival>5836</arrival>
					<Quantity>7148.5626708984382</Quantity>
				</IRP_Roadef_Challenge_Operation_>
				<IRP_Roadef_Challenge_Operation_>
					<point>166</point>
					<arrival>5924</arrival>
					<Quantity>1459.4594406506901</Quantity>
				</IRP_Roadef_Challenge_Operation_>
				<IRP_Roadef_Challenge_Operation_>
					<point>137</point>
					<arrival>5964</arrival>
					<Quantity>391.97788845088508</Quantity>
				</IRP_Roadef_Challenge_Operation_>
				<IRP_Roadef_Challenge_Operation_>
					<point>1</point>
					<arrival>6020</arrival>
					<Quantity>-9000</Quantity>
				</IRP_Roadef_Challenge_Operation_>
				<IRP_Roadef_Challenge_Operation_>
					<point>4</point>
					<arrival>6119</arrival>
					<Quantity>9000.0000000000036</Quantity>
				</IRP_Roadef_Challenge_Operation_>
			</operations>
		</IRP_Roadef_Challenge_Shift_>
		<IRP_Roadef_Challenge_Shift_>
			<index>20</index>
			<driver>3</driver>
			<trailer>2</trailer>
			<start>5853</start>
			<operations>
				<IRP_Roadef_Challenge_Operation_>
					<point>1</point>
					<arrival>5886</arrival>
					<Quantity>-13309.007936796936</Quantity>
				</IRP_Roadef_Challenge_Operation_>
				<IRP_Roadef_Challenge_Operation_>
					<point>69</point>
					<arrival>6001</arrival>
					<Quantity>6742.7850097656174</Quantity>
				</IRP_Roadef_Challenge_Operation_>
				<IRP_Roadef_Challenge_Operation_>
					<point>28</point>
					<arrival>6054</arrival>
					<Quantity>1260.3378804724034</Quantity>
				</IRP_Roadef_Challenge_Operation_>
				<IRP_Roadef_Challenge_Operation_>
					<point>35</point>
					<arrival>6087</arrival>
					<Quantity>2399.9523681640644</Quantity>
				</IRP_Roadef_Challenge_Operation_>
				<IRP_Roadef_Challenge_Operation_>
					<point>63</point>
					<arrival>6144</arrival>
					<Quantity>2946.924741597928</Quantity>
				</IRP_Roadef_Challenge_Operation_>
			</operations>
		</IRP_Roadef_Challenge_Shift_>
		<IRP_Roadef_Challenge_Shift_>
			<index>21</index>
			<driver>4</driver>
			<trailer>0</trailer>
			<start>6323</start>
			<operations>
				<IRP_Roadef_Challenge_Operation_>
					<point>1</point>
					<arrival>6356</arrival>
					<Quantity>-9000</Quantity>
				</IRP_Roadef_Challenge_Operation_>
				<IRP_Roadef_Challenge_Operation_>
					<point>3</point>
					<arrival>6439</arrival>
					<Quantity>194.59459208675901</Quantity>
				</IRP_Roadef_Challenge_Operation_>
				<IRP_Roadef_Challenge_Operation_>
					<point>79</point>
					<arrival>6482</arrival>
					<Quantity>788.05541992187671</Quantity>
				</IRP_Roadef_Challenge_Operation_>
				<IRP_Roadef_Challenge_Operation_>
					<point>62</point>
					<arrival>6547</arrival>
					<Quantity>2445.4534425812162</Quantity>
				</IRP_Roadef_Challenge_Operation_>
				<IRP_Roadef_Challenge_Operation_>
					<point>148</point>
					<arrival>6598</arrival>
					<Quantity>704.95668945312434</Quantity>
				</IRP_Roadef_Challenge_Operation_>
				<IRP_Roadef_Challenge_Operation_>
					<point>93</point>
					<arrival>6635</arrival>
					<Quantity>474.58599853515653</Quantity>
				</IRP_Roadef_Challenge_Operation_>
				<IRP_Roadef_Challenge_Operation_>
					<point>68</point>
					<arrival>6670</arrival>
					<Quantity>944.19780273437539</Quantity>
				</IRP_Roadef_Challenge_Operation_>
				<IRP_Roadef_Challenge_Operation_>
					<point>172</point>
					<arrival>6711</arrival>
					<Quantity>1581.1247314453096</Quantity>
				</IRP_Roadef_Challenge_Operation_>
				<IRP_Roadef_Challenge_Operation_>
					<point>83</point>
					<arrival>6803</arrival>
					<Quantity>468.93132324218681</Quantity>
				</IRP_Roadef_Challenge_Operation_>
				<IRP_Roadef_Challenge_Operation_>
					<point>118</point>
					<arrival>6869</arrival>
					<Quantity>1398.0999999999967</Quantity>
				</IRP_Roadef_Challenge_Operation_>
				<IRP_Roadef_Challenge_Operation_>
					<point>1</point>
					<arrival>6943</arrival>
					<Quantity>-9000</Quantity>
				</IRP_Roadef_Challenge_Operation_>
			</operations>
		</IRP_Roadef_Challenge_Shift_>
		<IRP_Roadef_Challenge_Shift_>
			<index>22</index>
			<driver>5</driver>
			<trailer>2</trailer>
			<start>7974</start>
			<operations>
				<IRP_Roadef_Challenge_Operation_>
					<point>1</point>
					<arrival>8007</arrival>
					<Quantity>-13350</Quantity>
				</IRP_Roadef_Challenge_Operation_>
				<IRP_Roadef_Challenge_Operation_>
					<point>80</point>
					<arrival>8121</arrival>
					<Quantity>532.20631617538311</Quantity>
				</IRP_Roadef_Challenge_Operation_>
				<IRP_Roadef_Challenge_Operation_>
					<point>179</point>
					<arrival>8157</arrival>
					<Quantity>734.08135986327932</Quantity>
				</IRP_Roadef_Challenge_Operation_>
				<IRP_Roadef_Challenge_Operation_>
					<point>57</point>
					<arrival>8191</arrival>
					<Quantity>5406.9000000000015</Quantity>
				</IRP_Roadef_Challenge_Operation_>
				<IRP_Roadef_Challenge_Operation_>
					<point>150</point>
					<arrival>8254</arrival>
					<Quantity>653.03480931289664</Quantity>
				</IRP_Roadef_Challenge_Operation_>
				<IRP_Roadef_Challenge_Operation_>
					<point>14</point>
					<arrival>8293</arrival>
					<Quantity>1358.7396362304617</Quantity>
				</IRP_Roadef_Challenge_Operation_>
			</operations>
		</IRP_Roadef_Challenge_Shift_>
		<IRP_Roadef_Challenge_Shift_>
			<index>23</index>
			<driver>5</driver>
			<trailer>2</trailer>
			<start>9013</start>
			<operations>
				<IRP_Roadef_Challenge_Operation_>
					<point>178</point>
					<arrival>9076</arrival>
					<Quantity>1430.9000000000005</Quantity>
				</IRP_Roadef_Challenge_Operation_>
				<IRP_Roadef_Challenge_Operation_>
					<point>55</point>
					<arrival>9134</arrival>
					<Quantity>684.83787841796914</Quantity>
				</IRP_Roadef_Challenge_Operation_>
				<IRP_Roadef_Challenge_Operation_>
					<point>108</point>
					<arrival>9194</arrival>
					<Quantity>2549.3000000000002</Quantity>
				</IRP_Roadef_Challenge_Operation_>
				<IRP_Roadef_Challenge_Operation_>
					<point>1</point>
					<arrival>9256</arrival>
					<Quantity>-13350</Quantity>
				</IRP_Roadef_Challenge_Operation_>
			</operations>
		</IRP_Roadef_Challenge_Shift_>
		<IRP_Roadef_Challenge_Shift_>
			<index>24</index>
			<driver>0</driver>
			<trailer>1</trailer>
			<start>9965</start>
			<operations>
				<IRP_Roadef_Challenge_Operation_>
					<point>113</point>
					<arrival>10060</arrival>
					<Quantity>2087.7025268554676</Quantity>
				</IRP_Roadef_Challenge_Operation_>
				<IRP_Roadef_Challenge_Operation_>
					<point>104</point>
					<arrival>10125</arrival>
					<Quantity>2471.215344238281</Quantity>
				</IRP_Roadef_Challenge_Operation_>
				<IRP_Roadef_Challenge_Operation_>
					<point>36</point>
					<arrival>10175</arrival>
					<Quantity>3342.8889282226642</Quantity>
				</IRP_Roadef_Challenge_Operation_>
				<IRP_Roadef_Challenge_Operation_>
					<point>31</point>
					<arrival>10264</arrival>
					<Quantity>6018.9501953125109</Quantity>
				</IRP_Roadef_Challenge_Operation_>
				<IRP_Roadef_Challenge_Operation_>
					<point>37</point>
					<arrival>10335</arrival>
					<Quantity>3902.7979776382426</Quantity>
				</IRP_Roadef_Challenge_Operation_>
				<IRP_Roadef_Challenge_Operation_>
					<point>1</point>
					<arrival>10492</arrival>
					<Quantity>-17823.554972267171</Quantity>
				</IRP_Roadef_Challenge_Operation_>
			</operations>
		</IRP_Roadef_Challenge_Shift_>
		<IRP_Roadef_Challenge_Shift_>
			<index>25</index>
			<driver>3</driver>
			<trailer>2</trailer>
			<start>10045</start>
			<operations>
				<IRP_Roadef_Challenge_Operation_>
					<point>92</point>
					<arrival>10132</arrival>
					<Quantity>857.05650634765584</Quantity>
				</IRP_Roadef_Challenge_Operation_>
				<IRP_Roadef_Challenge_Operation_>
					<point>76</point>
					<arrival>10240</arrival>
					<Quantity>5917.4686523437449</Quantity>
				</IRP_Roadef_Challenge_Operation_>
				<IRP_Roadef_Challenge_Operation_>
					<point>99</point>
					<arrival>10300</arrival>
					<Quantity>582.43242492633999</Quantity>
				</IRP_Roadef_Challenge_Operation_>
				<IRP_Roadef_Challenge_Operation_>
					<point>53</point>
					<arrival>10334</arrival>
					<Quantity>1906.3815804752885</Quantity>
				</IRP_Roadef_Challenge_Operation_>
				<IRP_Roadef_Challenge_Operation_>
					<point>80</point>
					<arrival>10399</arrival>
					<Quantity>2374.2043051452893</Quantity>
				</IRP_Roadef_Challenge_Operation_>
				<IRP_Roadef_Challenge_Operation_>
					<point>91</point>
					<arrival>10438</arrival>
					<Quantity>918.92956542968693</Quantity>
				</IRP_Roadef_Challenge_Operation_>
				<IRP_Roadef_Challenge_Operation_>
					<point>160</point>
					<arrival>10481</arrival>
					<Quantity>793.52696533203243</Quantity>
				</IRP_Roadef_Challenge_Operation_>
			</operations>
		</IRP_Roadef_Challenge_Shift_>
		<IRP_Roadef_Challenge_Shift_>
			<index>26</index>
			<driver>6</driver>
			<trailer>0</trailer>
			<start>10301</start>
			<operations>
				<IRP_Roadef_Challenge_Operation_>
					<point>27</point>
					<arrival>10379</arrival>
					<Quantity>2318.1577636718698</Quantity>
				</IRP_Roadef_Challenge_Operation_>
				<IRP_Roadef_Challenge_Operation_>
					<point>67</point>
					<arrival>10450</arrival>
					<Quantity>6681.8422363281497</Quantity>
				</IRP_Roadef_Challenge_Operation_>
			</operations>
		</IRP_Roadef_Challenge_Shift_>
		<IRP_Roadef_Challenge_Shift_>
			<index>27</index>
			<driver>4</driver>
			<trailer>0</trailer>
			<start>10620</start>
			<operations>
				<IRP_Roadef_Challenge_Operation_>
					<point>1</point>
					<arrival>10653</arrival>
					<Quantity>-9000</Quantity>
				</IRP_Roadef_Challenge_Operation_>
				<IRP_Roadef_Challenge_Operation_>
					<point>136</point>
					<arrival>10748</arrival>
					<Quantity>1498.2614990234381</Quantity>
				</IRP_Roadef_Challenge_Operation_>
				<IRP_Roadef_Challenge_Operation_>
					<point>183</point>
					<arrival>10818</arrival>
					<Quantity>7137.4570312499854</Quantity>
				</IRP_Roadef_Challenge_Operation_>
				<IRP_Roadef_Challenge_Operation_>
					<point>1</point>
					<arrival>10920</arrival>
					<Quantity>-8635.7185302734179</Quantity>
				</IRP_Roadef_Challenge_Operation_>
				<IRP_Roadef_Challenge_Operation_>
					<point>101</point>
					<arrival>11045</arrival>
					<Quantity>1857.8360107421468</Quantity>
				</IRP_Roadef_Challenge_Operation_>
				<IRP_Roadef_Challenge_Operation_>
					<point>107</point>
					<arrival>11087</arrival>
					<Quantity>6349.4821289062675</Quantity>
				</IRP_Roadef_Challenge_Operation_>
				<IRP_Roadef_Challenge_Operation_>
					<point>68</point>
					<arrival>11149</arrival>
					<Quantity>1</Quantity>
				</IRP_Roadef_Challenge_Operation_>
				<IRP_Roadef_Challenge_Operation_>
					<point>29</point>
					<arrival>11191</arrival>
					<Quantity>177.29999999999927</Quantity>
				</IRP_Roadef_Challenge_Operation_>
				<IRP_Roadef_Challenge_Operation_>
					<point>159</point>
					<arrival>11223</arrival>
					<Quantity>614.3818603515615</Quantity>
				</IRP_Roadef_Challenge_Operation_>
			</operations>
		</IRP_Roadef_Challenge_Shift_>
		<IRP_Roadef_Challenge_Shift_>
			<index>28</index>
			<driver>5</driver>
			<trailer>2</trailer>
			<start>10860</start>
			<operations>
				<IRP_Roadef_Challenge_Operation_>
					<point>1</point>
					<arrival>10893</arrival>
					<Quantity>-13350</Quantity>
				</IRP_Roadef_Challenge_Operation_>
				<IRP_Roadef_Challenge_Operation_>
					<point>28</point>
					<arrival>11006</arrival>
					<Quantity>1</Quantity>
				</IRP_Roadef_Challenge_Operation_>
				<IRP_Roadef_Challenge_Operation_>
					<point>128</point>
					<arrival>11114</arrival>
					<Quantity>13348.999999999998</Quantity>
				</IRP_Roadef_Challenge_Operation_>
				<IRP_Roadef_Challenge_Operation_>
					<point>1</point>
					<arrival>11302</arrival>
					<Quantity>-13350</Quantity>
				</IRP_Roadef_Challenge_Operation_>
			</operations>
		</IRP_Roadef_Challenge_Shift_>
		<IRP_Roadef_Challenge_Shift_>
			<index>29</index>
			<driver>6</driver>
			<trailer>0</trailer>
			<start>11339</start>
			<operations>
				<IRP_Roadef_Challenge_Operation_>
					<point>1</point>
					<arrival>11372</arrival>
					<Quantity>-9000</Quantity>
				</IRP_Roadef_Challenge_Operation_>
				<IRP_Roadef_Challenge_Operation_>
					<point>174</point>
					<arrival>11471</arrival>
					<Quantity>9000</Quantity>
				</IRP_Roadef_Challenge_Operation_>
			</operations>
		</IRP_Roadef_Challenge_Shift_>
		<IRP_Roadef_Challenge_Shift_>
			<index>30</index>
			<driver>3</driver>
			<trailer>2</trailer>
			<start>11716</start>
			<operations>
				<IRP_Roadef_Challenge_Operation_>
					<point>106</point>
					<arrival>11791</arrival>
					<Quantity>5076.1429687499985</Quantity>
				</IRP_Roadef_Challenge_Operation_>
				<IRP_Roadef_Challenge_Operation_>
					<point>28</point>
					<arrival>11837</arrival>
					<Quantity>1290.1964823205653</Quantity>
				</IRP_Roadef_Challenge_Operation_>
				<IRP_Roadef_Challenge_Operation_>
					<point>102</point>
					<arrival>11879</arrival>
					<Quantity>495.94593955444702</Quantity>
				</IRP_Roadef_Challenge_Operation_>
				<IRP_Roadef_Challenge_Operation_>
					<point>25</point>
					<arrival>11920</arrival>
					<Quantity>6487.714609374998</Quantity>
				</IRP_Roadef_Challenge_Operation_>
			</operations>
		</IRP_Roadef_Challenge_Shift_>
		<IRP_Roadef_Challenge_Shift_>
			<index>31</index>
			<driver>1</driver>
			<trailer>1</trailer>
			<start>11884</start>
			<operations>
				<IRP_Roadef_Challenge_Operation_>
					<point>151</point>
					<arrival>11939</arrival>
					<Quantity>22860</Quantity>
				</IRP_Roadef_Challenge_Operation_>
				<IRP_Roadef_Challenge_Operation_>
					<point>1</point>
					<arrival>12039</arrival>
					<Quantity>-22860</Quantity>
				</IRP_Roadef_Challenge_Operation_>
				<IRP_Roadef_Challenge_Operation_>
					<point>153</point>
					<arrival>12174</arrival>
					<Quantity>7891.1537590216249</Quantity>
				</IRP_Roadef_Challenge_Operation_>
				<IRP_Roadef_Challenge_Operation_>
					<point>100</point>
					<arrival>12253</arrival>
					<Quantity>13966.756249999991</Quantity>
				</IRP_Roadef_Challenge_Operation_>
			</operations>
		</IRP_Roadef_Challenge_Shift_>
		<IRP_Roadef_Challenge_Shift_>
			<index>32</index>
			<driver>5</driver>
			<trailer>2</trailer>
			<start>12048</start>
			<operations>
				<IRP_Roadef_Challenge_Operation_>
					<point>1</point>
					<arrival>12081</arrival>
					<Quantity>-13350</Quantity>
				</IRP_Roadef_Challenge_Operation_>
				<IRP_Roadef_Challenge_Operation_>
					<point>144</point>
					<arrival>12156</arrival>
					<Quantity>60.589536356168651</Quantity>
				</IRP_Roadef_Challenge_Operation_>
				<IRP_Roadef_Challenge_Operation_>
					<point>185</point>
					<arrival>12200</arrival>
					<Quantity>719.50459301401304</Quantity>
				</IRP_Roadef_Challenge_Operation_>
				<IRP_Roadef_Challenge_Operation_>
					<point>138</point>
					<arrival>12236</arrival>
					<Quantity>661.19999999999936</Quantity>
				</IRP_Roadef_Challenge_Operation_>
				<IRP_Roadef_Challenge_Operation_>
					<point>9</point>
					<arrival>12323</arrival>
					<Quantity>1979.3057861328164</Quantity>
				</IRP_Roadef_Challenge_Operation_>
				<IRP_Roadef_Challenge_Operation_>
					<point>24</point>
					<arrival>12369</arrival>
					<Quantity>7605.4053073908199</Quantity>
				</IRP_Roadef_Challenge_Operation_>
				<IRP_Roadef_Challenge_Operation_>
					<point>33</point>
					<arrival>12444</arrival>
					<Quantity>2207.8403808593662</Quantity>
				</IRP_Roadef_Challenge_Operation_>
				<IRP_Roadef_Challenge_Operation_>
					<point>1</point>
					<arrival>12535</arrival>
					<Quantity>-13233.845603753196</Quantity>
				</IRP_Roadef_Challenge_Operation_>
				<IRP_Roadef_Challenge_Operation_>
					<point>84</point>
					<arrival>12608</arrival>
					<Quantity>3853.094625594289</Quantity>
				</IRP_Roadef_Challenge_Operation_>
				<IRP_Roadef_Challenge_Operation_>
					<point>46</point>
					<arrival>12670</arrival>
					<Quantity>9403.3796535466499</Quantity>
				</IRP_Roadef_Challenge_Operation_>
			</operations>
		</IRP_Roadef_Challenge_Shift_>
		<IRP_Roadef_Challenge_Shift_>
			<index>33</index>
			<driver>2</driver>
			<trailer>3</trailer>
			<start>12609</start>
			<operations>
				<IRP_Roadef_Challenge_Operation_>
					<point>16</point>
					<arrival>12855</arrival>
					<Quantity>1058.705310058594</Quantity>
				</IRP_Roadef_Challenge_Operation_>
				<IRP_Roadef_Challenge_Operation_>
					<point>77</point>
					<arrival>12943</arrival>
					<Quantity>37.300000000003365</Quantity>
				</IRP_Roadef_Challenge_Operation_>
				<IRP_Roadef_Challenge_Operation_>
					<point>22</point>
					<arrival>13067</arrival>
					<Quantity>2771.6397216796895</Quantity>
				</IRP_Roadef_Challenge_Operation_>
				<IRP_Roadef_Challenge_Operation_>
					<point>44</point>
					<arrival>13834</arrival>
					<Quantity>8315.7232262421167</Quantity>
				</IRP_Roadef_Challenge_Operation_>
				<IRP_Roadef_Challenge_Operation_>
					<point>130</point>
					<arrival>13899</arrival>
					<Quantity>324.324320144598</Quantity>
				</IRP_Roadef_Challenge_Operation_>
				<IRP_Roadef_Challenge_Operation_>
					<point>170</point>
					<arrival>13949</arrival>
					<Quantity>8492.3074218749971</Quantity>
				</IRP_Roadef_Challenge_Operation_>
				<IRP_Roadef_Challenge_Operation_>
					<point>1</point>
					<arrival>14120</arrival>
					<Quantity>-21000</Quantity>
				</IRP_Roadef_Challenge_Operation_>
				<IRP_Roadef_Challenge_Operation_>
					<point>4</point>
					<arrival>14219</arrival>
					<Quantity>13542.298126344394</Quantity>
				</IRP_Roadef_Challenge_Operation_>
				<IRP_Roadef_Challenge_Operation_>
					<point>174</point>
					<arrival>14280</arrival>
					<Quantity>7457.7018736556129</Quantity>
				</IRP_Roadef_Challenge_Operation_>
			</operations>
		</IRP_Roadef_Challenge_Shift_>
		<IRP_Roadef_Challenge_Shift_>
			<index>34</index>
			<driver>6</driver>
			<trailer>0</trailer>
			<start>12656</start>
			<operations>
				<IRP_Roadef_Challenge_Operation_>
					<point>1</point>
					<arrival>12689</arrival>
					<Quantity>-9000</Quantity>
				</IRP_Roadef_Challenge_Operation_>
				<IRP_Roadef_Challenge_Operation_>
					<point>105</point>
					<arrival>12795</arrival>
					<Quantity>783.20000000001301</Quantity>
				</IRP_Roadef_Challenge_Operation_>
				<IRP_Roadef_Challenge_Operation_>
					<point>20</point>
					<arrival>12840</arrival>
					<Quantity>6378.6909667968612</Quantity>
				</IRP_Roadef_Challenge_Operation_>
				<IRP_Roadef_Challenge_Operation_>
					<point>90</point>
					<arrival>12906</arrival>
					<Quantity>1838.1090332031206</Quantity>
				</IRP_Roadef_Challenge_Operation_>
				<IRP_Roadef_Challenge_Operation_>
					<point>1</point>
					<arrival>12989</arrival>
					<Quantity>-9000</Quantity>
				</IRP_Roadef_Challenge_Operation_>
				<IRP_Roadef_Challenge_Operation_>
					<point>131</point>
					<arrival>13072</arrival>
					<Quantity>1298.6486319123301</Quantity>
				</IRP_Roadef_Challenge_Operation_>
				<IRP_Roadef_Challenge_Operation_>
					<point>96</point>
					<arrival>13157</arrival>
					<Quantity>7701.3513680876567</Quantity>
				</IRP_Roadef_Challenge_Operation_>
			</operations>
		</IRP_Roadef_Challenge_Shift_>
		<IRP_Roadef_Challenge_Shift_>
			<index>35</index>
			<driver>3</driver>
			<trailer>2</trailer>
			<start>12809</start>
			<operations>
				<IRP_Roadef_Challenge_Operation_>
					<point>1</point>
					<arrival>12842</arrival>
					<Quantity>-13256.47427914095</Quantity>
				</IRP_Roadef_Challenge_Operation_>
				<IRP_Roadef_Challenge_Operation_>
					<point>110</point>
					<arrival>12949</arrival>
					<Quantity>479.32234987073582</Quantity>
				</IRP_Roadef_Challenge_Operation_>
				<IRP_Roadef_Challenge_Operation_>
					<point>47</point>
					<arrival>12996</arrival>
					<Quantity>3935.1413079288859</Quantity>
				</IRP_Roadef_Challenge_Operation_>
				<IRP_Roadef_Challenge_Operation_>
					<point>6</point>
					<arrival>13049</arrival>
					<Quantity>6939.0000000000091</Quantity>
				</IRP_Roadef_Challenge_Operation_>
				<IRP_Roadef_Challenge_Operation_>
					<point>54</point>
					<arrival>13120</arrival>
					<Quantity>1996.5363422003379</Quantity>
				</IRP_Roadef_Challenge_Operation_>
				<IRP_Roadef_Challenge_Operation_>
					<point>1</point>
					<arrival>13213</arrival>
					<Quantity>-13350</Quantity>
				</IRP_Roadef_Challenge_Operation_>
				<IRP_Roadef_Challenge_Operation_>
					<point>70</point>
					<arrival>13312</arrival>
					<Quantity>12379.943749999984</Quantity>
				</IRP_Roadef_Challenge_Operation_>
				<IRP_Roadef_Challenge_Operation_>
					<point>123</point>
					<arrival>13377</arrival>
					<Quantity>842.75731201171789</Quantity>
				</IRP_Roadef_Challenge_Operation_>
			</operations>
		</IRP_Roadef_Challenge_Shift_>
		<IRP_Roadef_Challenge_Shift_>
			<index>36</index>
			<driver>0</driver>
			<trailer>1</trailer>
			<start>12814</start>
			<operations>
				<IRP_Roadef_Challenge_Operation_>
					<point>158</point>
					<arrival>12840</arrival>
					<Quantity>1002.0899909783653</Quantity>
				</IRP_Roadef_Challenge_Operation_>
				<IRP_Roadef_Challenge_Operation_>
					<point>1</point>
					<arrival>12889</arrival>
					<Quantity>-22860</Quantity>
				</IRP_Roadef_Challenge_Operation_>
				<IRP_Roadef_Challenge_Operation_>
					<point>142</point>
					<arrival>13071</arrival>
					<Quantity>433.36929713570476</Quantity>
				</IRP_Roadef_Challenge_Operation_>
				<IRP_Roadef_Challenge_Operation_>
					<point>18</point>
					<arrival>13111</arrival>
					<Quantity>2830.3307028643321</Quantity>
				</IRP_Roadef_Challenge_Operation_>
				<IRP_Roadef_Challenge_Operation_>
					<point>146</point>
					<arrival>13178</arrival>
					<Quantity>10766.799999999987</Quantity>
				</IRP_Roadef_Challenge_Operation_>
				<IRP_Roadef_Challenge_Operation_>
					<point>30</point>
					<arrival>13252</arrival>
					<Quantity>8829.5</Quantity>
				</IRP_Roadef_Challenge_Operation_>
			</operations>
		</IRP_Roadef_Challenge_Shift_>
		<IRP_Roadef_Challenge_Shift_>
			<index>37</index>
			<driver>5</driver>
			<trailer>2</trailer>
			<start>13673</start>
			<operations>
				<IRP_Roadef_Challenge_Operation_>
					<point>1</point>
					<arrival>13706</arrival>
					<Quantity>-13222.701062011673</Quantity>
				</IRP_Roadef_Challenge_Operation_>
				<IRP_Roadef_Challenge_Operation_>
					<point>40</point>
					<arrival>13821</arrival>
					<Quantity>3341.7999999999865</Quantity>
				</IRP_Roadef_Challenge_Operation_>
				<IRP_Roadef_Challenge_Operation_>
					<point>69</point>
					<arrival>13871</arrival>
					<Quantity>3685.7000000000007</Quantity>
				</IRP_Roadef_Challenge_Operation_>
				<IRP_Roadef_Challenge_Operation_>
					<point>57</point>
					<arrival>13917</arrival>
					<Quantity>5470.1000000000022</Quantity>
				</IRP_Roadef_Challenge_Operation_>
				<IRP_Roadef_Challenge_Operation_>
					<point>80</point>
					<arrival>13984</arrival>
					<Quantity>852.39999999999964</Quantity>
				</IRP_Roadef_Challenge_Operation_>
				<IRP_Roadef_Challenge_Operation_>
					<point>1</point>
					<arrival>14061</arrival>
					<Quantity>-13350</Quantity>
				</IRP_Roadef_Challenge_Operation_>
				<IRP_Roadef_Challenge_Operation_>
					<point>151</point>
					<arrival>14160</arrival>
					<Quantity>13350</Quantity>
				</IRP_Roadef_Challenge_Operation_>
			</operations>
		</IRP_Roadef_Challenge_Shift_>
		<IRP_Roadef_Challenge_Shift_>
			<index>38</index>
			<driver>4</driver>
			<trailer>0</trailer>
			<start>14090</start>
			<operations>
				<IRP_Roadef_Challenge_Operation_>
					<point>1</point>
					<arrival>14123</arrival>
					<Quantity>-9000</Quantity>
				</IRP_Roadef_Challenge_Operation_>
				<IRP_Roadef_Challenge_Operation_>
					<point>134</point>
					<arrival>14194</arrival>
					<Quantity>8485.0363281249847</Quantity>
				</IRP_Roadef_Challenge_Operation_>
			</operations>
		</IRP_Roadef_Challenge_Shift_>
	</Shifts>
</IRP_Roadef_Challenge_Output>
