<?xml version="1.0"?>
<IRP_Roadef_Challenge_Output>
	<Shifts>
		<IRP_Roadef_Challenge_Shift_>
			<index>0</index>
			<driver>1</driver>
			<trailer>0</trailer>
			<start>1320</start>
			<operations>
				<IRP_Roadef_Challenge_Operation_>
					<point>119</point>
					<arrival>1459</arrival>
					<Quantity>3339.6000000000126</Quantity>
				</IRP_Roadef_Challenge_Operation_>
				<IRP_Roadef_Challenge_Operation_>
					<point>37</point>
					<arrival>1579</arrival>
					<Quantity>8000</Quantity>
				</IRP_Roadef_Challenge_Operation_>
				<IRP_Roadef_Challenge_Operation_>
					<point>43</point>
					<arrival>1648</arrival>
					<Quantity>3534.9490320205441</Quantity>
				</IRP_Roadef_Challenge_Operation_>
			</operations>
		</IRP_Roadef_Challenge_Shift_>
		<IRP_Roadef_Challenge_Shift_>
			<index>1</index>
			<driver>0</driver>
			<trailer>1</trailer>
			<start>1440</start>
			<operations>
				<IRP_Roadef_Challenge_Operation_>
					<point>101</point>
					<arrival>1720</arrival>
					<Quantity>5377.5695641517605</Quantity>
				</IRP_Roadef_Challenge_Operation_>
				<IRP_Roadef_Challenge_Operation_>
					<point>88</point>
					<arrival>1893</arrival>
					<Quantity>1019.0780967330934</Quantity>
				</IRP_Roadef_Challenge_Operation_>
				<IRP_Roadef_Challenge_Operation_>
					<point>68</point>
					<arrival>2079</arrival>
					<Quantity>6067.3523391151466</Quantity>
				</IRP_Roadef_Challenge_Operation_>
				<IRP_Roadef_Challenge_Operation_>
					<point>1</point>
					<arrival>3100</arrival>
					<Quantity>-12620</Quantity>
				</IRP_Roadef_Challenge_Operation_>
				<IRP_Roadef_Challenge_Operation_>
					<point>50</point>
					<arrival>3301</arrival>
					<Quantity>2931</Quantity>
				</IRP_Roadef_Challenge_Operation_>
				<IRP_Roadef_Challenge_Operation_>
					<point>92</point>
					<arrival>4020</arrival>
					<Quantity>250.4300000000012</Quantity>
				</IRP_Roadef_Challenge_Operation_>
				<IRP_Roadef_Challenge_Operation_>
					<point>117</point>
					<arrival>4068</arrival>
					<Quantity>6221.2629135131774</Quantity>
				</IRP_Roadef_Challenge_Operation_>
				<IRP_Roadef_Challenge_Operation_>
					<point>1</point>
					<arrival>4278</arrival>
					<Quantity>-9402.6929135131795</Quantity>
				</IRP_Roadef_Challenge_Operation_>
			</operations>
		</IRP_Roadef_Challenge_Shift_>
		<IRP_Roadef_Challenge_Shift_>
			<index>2</index>
			<driver>3</driver>
			<trailer>2</trailer>
			<start>1440</start>
			<operations>
				<IRP_Roadef_Challenge_Operation_>
					<point>54</point>
					<arrival>1545</arrival>
					<Quantity>735.32967709350669</Quantity>
				</IRP_Roadef_Challenge_Operation_>
				<IRP_Roadef_Challenge_Operation_>
					<point>126</point>
					<arrival>1713</arrival>
					<Quantity>4524.6703229064933</Quantity>
				</IRP_Roadef_Challenge_Operation_>
				<IRP_Roadef_Challenge_Operation_>
					<point>1</point>
					<arrival>1860</arrival>
					<Quantity>-5380</Quantity>
				</IRP_Roadef_Challenge_Operation_>
				<IRP_Roadef_Challenge_Operation_>
					<point>71</point>
					<arrival>2012</arrival>
					<Quantity>1973.3488405328162</Quantity>
				</IRP_Roadef_Challenge_Operation_>
				<IRP_Roadef_Challenge_Operation_>
					<point>39</point>
					<arrival>2580</arrival>
					<Quantity>3406.6511594671838</Quantity>
				</IRP_Roadef_Challenge_Operation_>
				<IRP_Roadef_Challenge_Operation_>
					<point>1</point>
					<arrival>2720</arrival>
					<Quantity>-5380</Quantity>
				</IRP_Roadef_Challenge_Operation_>
				<IRP_Roadef_Challenge_Operation_>
					<point>129</point>
					<arrival>3789</arrival>
					<Quantity>837.55683764648484</Quantity>
				</IRP_Roadef_Challenge_Operation_>
				<IRP_Roadef_Challenge_Operation_>
					<point>42</point>
					<arrival>3901</arrival>
					<Quantity>3990.0503389358346</Quantity>
				</IRP_Roadef_Challenge_Operation_>
				<IRP_Roadef_Challenge_Operation_>
					<point>1</point>
					<arrival>4203</arrival>
					<Quantity>-4827.6071765823199</Quantity>
				</IRP_Roadef_Challenge_Operation_>
				<IRP_Roadef_Challenge_Operation_>
					<point>23</point>
					<arrival>4289</arrival>
					<Quantity>2173.9748982620167</Quantity>
				</IRP_Roadef_Challenge_Operation_>
			</operations>
		</IRP_Roadef_Challenge_Shift_>
		<IRP_Roadef_Challenge_Shift_>
			<index>3</index>
			<driver>2</driver>
			<trailer>0</trailer>
			<start>1738</start>
			<operations>
				<IRP_Roadef_Challenge_Operation_>
					<point>1</point>
					<arrival>1785</arrival>
					<Quantity>-18974.549032020557</Quantity>
				</IRP_Roadef_Challenge_Operation_>
				<IRP_Roadef_Challenge_Operation_>
					<point>64</point>
					<arrival>2580</arrival>
					<Quantity>1283.1620025444042</Quantity>
				</IRP_Roadef_Challenge_Operation_>
				<IRP_Roadef_Challenge_Operation_>
					<point>60</point>
					<arrival>2959</arrival>
					<Quantity>3116.9322048187296</Quantity>
				</IRP_Roadef_Challenge_Operation_>
				<IRP_Roadef_Challenge_Operation_>
					<point>3</point>
					<arrival>3965</arrival>
					<Quantity>4400</Quantity>
				</IRP_Roadef_Challenge_Operation_>
				<IRP_Roadef_Challenge_Operation_>
					<point>45</point>
					<arrival>4019</arrival>
					<Quantity>2090.4499999999707</Quantity>
				</IRP_Roadef_Challenge_Operation_>
				<IRP_Roadef_Challenge_Operation_>
					<point>105</point>
					<arrival>4214</arrival>
					<Quantity>596.33141448974629</Quantity>
				</IRP_Roadef_Challenge_Operation_>
				<IRP_Roadef_Challenge_Operation_>
					<point>98</point>
					<arrival>4268</arrival>
					<Quantity>707.5790676727313</Quantity>
				</IRP_Roadef_Challenge_Operation_>
				<IRP_Roadef_Challenge_Operation_>
					<point>73</point>
					<arrival>4386</arrival>
					<Quantity>3505.309527206432</Quantity>
				</IRP_Roadef_Challenge_Operation_>
			</operations>
		</IRP_Roadef_Challenge_Shift_>
		<IRP_Roadef_Challenge_Shift_>
			<index>4</index>
			<driver>1</driver>
			<trailer>2</trailer>
			<start>4357</start>
			<operations>
				<IRP_Roadef_Challenge_Operation_>
					<point>124</point>
					<arrival>4459</arrival>
					<Quantity>2277.2033255767819</Quantity>
				</IRP_Roadef_Challenge_Operation_>
			</operations>
		</IRP_Roadef_Challenge_Shift_>
		<IRP_Roadef_Challenge_Shift_>
			<index>5</index>
			<driver>3</driver>
			<trailer>2</trailer>
			<start>5077</start>
			<operations>
				<IRP_Roadef_Challenge_Operation_>
					<point>52</point>
					<arrival>5226</arrival>
					<Quantity>889.10293122863823</Quantity>
				</IRP_Roadef_Challenge_Operation_>
				<IRP_Roadef_Challenge_Operation_>
					<point>1</point>
					<arrival>5460</arrival>
					<Quantity>-5340.281155067436</Quantity>
				</IRP_Roadef_Challenge_Operation_>
				<IRP_Roadef_Challenge_Operation_>
					<point>18</point>
					<arrival>5661</arrival>
					<Quantity>859.00517687988281</Quantity>
				</IRP_Roadef_Challenge_Operation_>
				<IRP_Roadef_Challenge_Operation_>
					<point>85</point>
					<arrival>5771</arrival>
					<Quantity>1779.3105763626099</Quantity>
				</IRP_Roadef_Challenge_Operation_>
				<IRP_Roadef_Challenge_Operation_>
					<point>49</point>
					<arrival>5823</arrival>
					<Quantity>701.88105853271531</Quantity>
				</IRP_Roadef_Challenge_Operation_>
				<IRP_Roadef_Challenge_Operation_>
					<point>38</point>
					<arrival>6914</arrival>
					<Quantity>800.99999999999841</Quantity>
				</IRP_Roadef_Challenge_Operation_>
				<IRP_Roadef_Challenge_Operation_>
					<point>94</point>
					<arrival>7129</arrival>
					<Quantity>783.69999999999914</Quantity>
				</IRP_Roadef_Challenge_Operation_>
				<IRP_Roadef_Challenge_Operation_>
					<point>1</point>
					<arrival>7286</arrival>
					<Quantity>-4924.8968117752065</Quantity>
				</IRP_Roadef_Challenge_Operation_>
			</operations>
		</IRP_Roadef_Challenge_Shift_>
		<IRP_Roadef_Challenge_Shift_>
			<index>6</index>
			<driver>2</driver>
			<trailer>0</trailer>
			<start>5444</start>
			<operations>
				<IRP_Roadef_Challenge_Operation_>
					<point>1</point>
					<arrival>5491</arrival>
					<Quantity>-15699.764216732015</Quantity>
				</IRP_Roadef_Challenge_Operation_>
				<IRP_Roadef_Challenge_Operation_>
					<point>106</point>
					<arrival>5623</arrival>
					<Quantity>3341.0937112121937</Quantity>
				</IRP_Roadef_Challenge_Operation_>
				<IRP_Roadef_Challenge_Operation_>
					<point>121</point>
					<arrival>5758</arrival>
					<Quantity>461.6037642211918</Quantity>
				</IRP_Roadef_Challenge_Operation_>
				<IRP_Roadef_Challenge_Operation_>
					<point>80</point>
					<arrival>5887</arrival>
					<Quantity>6945.4025245666089</Quantity>
				</IRP_Roadef_Challenge_Operation_>
			</operations>
		</IRP_Roadef_Challenge_Shift_>
		<IRP_Roadef_Challenge_Shift_>
			<index>7</index>
			<driver>0</driver>
			<trailer>1</trailer>
			<start>5939</start>
			<operations>
				<IRP_Roadef_Challenge_Operation_>
					<point>10</point>
					<arrival>6000</arrival>
					<Quantity>1256.8212700500499</Quantity>
				</IRP_Roadef_Challenge_Operation_>
				<IRP_Roadef_Challenge_Operation_>
					<point>51</point>
					<arrival>6060</arrival>
					<Quantity>711.8659210968018</Quantity>
				</IRP_Roadef_Challenge_Operation_>
				<IRP_Roadef_Challenge_Operation_>
					<point>37</point>
					<arrival>6129</arrival>
					<Quantity>8000</Quantity>
				</IRP_Roadef_Challenge_Operation_>
				<IRP_Roadef_Challenge_Operation_>
					<point>130</point>
					<arrival>6218</arrival>
					<Quantity>1720.3572303009023</Quantity>
				</IRP_Roadef_Challenge_Operation_>
				<IRP_Roadef_Challenge_Operation_>
					<point>115</point>
					<arrival>6263</arrival>
					<Quantity>930.95557855224661</Quantity>
				</IRP_Roadef_Challenge_Operation_>
				<IRP_Roadef_Challenge_Operation_>
					<point>1</point>
					<arrival>6409</arrival>
					<Quantity>-12620</Quantity>
				</IRP_Roadef_Challenge_Operation_>
				<IRP_Roadef_Challenge_Operation_>
					<point>8</point>
					<arrival>6637</arrival>
					<Quantity>726.00136242675831</Quantity>
				</IRP_Roadef_Challenge_Operation_>
				<IRP_Roadef_Challenge_Operation_>
					<point>134</point>
					<arrival>7427</arrival>
					<Quantity>1</Quantity>
				</IRP_Roadef_Challenge_Operation_>
				<IRP_Roadef_Challenge_Operation_>
					<point>19</point>
					<arrival>7673</arrival>
					<Quantity>10855.443816703821</Quantity>
				</IRP_Roadef_Challenge_Operation_>
				<IRP_Roadef_Challenge_Operation_>
					<point>76</point>
					<arrival>7966</arrival>
					<Quantity>1037.5548208694236</Quantity>
				</IRP_Roadef_Challenge_Operation_>
				<IRP_Roadef_Challenge_Operation_>
					<point>1</point>
					<arrival>8107</arrival>
					<Quantity>-12620</Quantity>
				</IRP_Roadef_Challenge_Operation_>
			</operations>
		</IRP_Roadef_Challenge_Shift_>
		<IRP_Roadef_Challenge_Shift_>
			<index>8</index>
			<driver>2</driver>
			<trailer>0</trailer>
			<start>6852</start>
			<operations>
				<IRP_Roadef_Challenge_Operation_>
					<point>127</point>
					<arrival>7244</arrival>
					<Quantity>2611.600000000004</Quantity>
				</IRP_Roadef_Challenge_Operation_>
				<IRP_Roadef_Challenge_Operation_>
					<point>2</point>
					<arrival>8285</arrival>
					<Quantity>3383.5000000000041</Quantity>
				</IRP_Roadef_Challenge_Operation_>
				<IRP_Roadef_Challenge_Operation_>
					<point>119</point>
					<arrival>8551</arrival>
					<Quantity>3256.799999999997</Quantity>
				</IRP_Roadef_Challenge_Operation_>
				<IRP_Roadef_Challenge_Operation_>
					<point>1</point>
					<arrival>8776</arrival>
					<Quantity>-20000</Quantity>
				</IRP_Roadef_Challenge_Operation_>
				<IRP_Roadef_Challenge_Operation_>
					<point>106</point>
					<arrival>8908</arrival>
					<Quantity>4788.9347320100424</Quantity>
				</IRP_Roadef_Challenge_Operation_>
			</operations>
		</IRP_Roadef_Challenge_Shift_>
		<IRP_Roadef_Challenge_Shift_>
			<index>9</index>
			<driver>3</driver>
			<trailer>2</trailer>
			<start>8180</start>
			<operations>
				<IRP_Roadef_Challenge_Operation_>
					<point>64</point>
					<arrival>8340</arrival>
					<Quantity>825.01494883727719</Quantity>
				</IRP_Roadef_Challenge_Operation_>
				<IRP_Roadef_Challenge_Operation_>
					<point>17</point>
					<arrival>8452</arrival>
					<Quantity>3889.8850511627243</Quantity>
				</IRP_Roadef_Challenge_Operation_>
				<IRP_Roadef_Challenge_Operation_>
					<point>113</point>
					<arrival>8511</arrival>
					<Quantity>665.09999999999923</Quantity>
				</IRP_Roadef_Challenge_Operation_>
				<IRP_Roadef_Challenge_Operation_>
					<point>1</point>
					<arrival>8623</arrival>
					<Quantity>-5380</Quantity>
				</IRP_Roadef_Challenge_Operation_>
				<IRP_Roadef_Challenge_Operation_>
					<point>26</point>
					<arrival>8747</arrival>
					<Quantity>5042.2805816650371</Quantity>
				</IRP_Roadef_Challenge_Operation_>
			</operations>
		</IRP_Roadef_Challenge_Shift_>
		<IRP_Roadef_Challenge_Shift_>
			<index>10</index>
			<driver>1</driver>
			<trailer>1</trailer>
			<start>8340</start>
			<operations>
				<IRP_Roadef_Challenge_Operation_>
					<point>75</point>
					<arrival>8558</arrival>
					<Quantity>6406.2587401199089</Quantity>
				</IRP_Roadef_Challenge_Operation_>
				<IRP_Roadef_Challenge_Operation_>
					<point>11</point>
					<arrival>8627</arrival>
					<Quantity>6213.7412598800875</Quantity>
				</IRP_Roadef_Challenge_Operation_>
			</operations>
		</IRP_Roadef_Challenge_Shift_>
		<IRP_Roadef_Challenge_Shift_>
			<index>11</index>
			<driver>0</driver>
			<trailer>1</trailer>
			<start>8959</start>
			<operations>
				<IRP_Roadef_Challenge_Operation_>
					<point>1</point>
					<arrival>9006</arrival>
					<Quantity>-12620</Quantity>
				</IRP_Roadef_Challenge_Operation_>
				<IRP_Roadef_Challenge_Operation_>
					<point>97</point>
					<arrival>9190</arrival>
					<Quantity>2330.6326774597273</Quantity>
				</IRP_Roadef_Challenge_Operation_>
			</operations>
		</IRP_Roadef_Challenge_Shift_>
		<IRP_Roadef_Challenge_Shift_>
			<index>12</index>
			<driver>0</driver>
			<trailer>1</trailer>
			<start>11520</start>
			<operations>
				<IRP_Roadef_Challenge_Operation_>
					<point>25</point>
					<arrival>11587</arrival>
					<Quantity>3950.2347537994365</Quantity>
				</IRP_Roadef_Challenge_Operation_>
				<IRP_Roadef_Challenge_Operation_>
					<point>92</point>
					<arrival>11703</arrival>
					<Quantity>943.42000000000007</Quantity>
				</IRP_Roadef_Challenge_Operation_>
				<IRP_Roadef_Challenge_Operation_>
					<point>5</point>
					<arrival>11818</arrival>
					<Quantity>4639.486951255798</Quantity>
				</IRP_Roadef_Challenge_Operation_>
				<IRP_Roadef_Challenge_Operation_>
					<point>93</point>
					<arrival>11959</arrival>
					<Quantity>753.82167642212141</Quantity>
				</IRP_Roadef_Challenge_Operation_>
				<IRP_Roadef_Challenge_Operation_>
					<point>1</point>
					<arrival>12099</arrival>
					<Quantity>-12617.596058937079</Quantity>
				</IRP_Roadef_Challenge_Operation_>
				<IRP_Roadef_Challenge_Operation_>
					<point>96</point>
					<arrival>12262</arrival>
					<Quantity>6928.094490051275</Quantity>
				</IRP_Roadef_Challenge_Operation_>
				<IRP_Roadef_Challenge_Operation_>
					<point>86</point>
					<arrival>13370</arrival>
					<Quantity>936.7200000000081</Quantity>
				</IRP_Roadef_Challenge_Operation_>
				<IRP_Roadef_Challenge_Operation_>
					<point>70</point>
					<arrival>13670</arrival>
					<Quantity>876.02533380127056</Quantity>
				</IRP_Roadef_Challenge_Operation_>
				<IRP_Roadef_Challenge_Operation_>
					<point>1</point>
					<arrival>13780</arrival>
					<Quantity>-8740.8398238525533</Quantity>
				</IRP_Roadef_Challenge_Operation_>
			</operations>
		</IRP_Roadef_Challenge_Shift_>
		<IRP_Roadef_Challenge_Shift_>
			<index>13</index>
			<driver>2</driver>
			<trailer>0</trailer>
			<start>11520</start>
			<operations>
				<IRP_Roadef_Challenge_Operation_>
					<point>48</point>
					<arrival>11675</arrival>
					<Quantity>15211.065267989965</Quantity>
				</IRP_Roadef_Challenge_Operation_>
				<IRP_Roadef_Challenge_Operation_>
					<point>1</point>
					<arrival>11845</arrival>
					<Quantity>-20000</Quantity>
				</IRP_Roadef_Challenge_Operation_>
				<IRP_Roadef_Challenge_Operation_>
					<point>74</point>
					<arrival>12011</arrival>
					<Quantity>13929.874017333999</Quantity>
				</IRP_Roadef_Challenge_Operation_>
				<IRP_Roadef_Challenge_Operation_>
					<point>45</point>
					<arrival>12084</arrival>
					<Quantity>1470.8077748414689</Quantity>
				</IRP_Roadef_Challenge_Operation_>
				<IRP_Roadef_Challenge_Operation_>
					<point>103</point>
					<arrival>12660</arrival>
					<Quantity>1865.611903533943</Quantity>
				</IRP_Roadef_Challenge_Operation_>
				<IRP_Roadef_Challenge_Operation_>
					<point>1</point>
					<arrival>12827</arrival>
					<Quantity>-17266.293695709413</Quantity>
				</IRP_Roadef_Challenge_Operation_>
				<IRP_Roadef_Challenge_Operation_>
					<point>123</point>
					<arrival>13923</arrival>
					<Quantity>12494.999999999847</Quantity>
				</IRP_Roadef_Challenge_Operation_>
				<IRP_Roadef_Challenge_Operation_>
					<point>73</point>
					<arrival>14116</arrival>
					<Quantity>2458.9999999999982</Quantity>
				</IRP_Roadef_Challenge_Operation_>
				<IRP_Roadef_Challenge_Operation_>
					<point>24</point>
					<arrival>14169</arrival>
					<Quantity>2048.6611518859959</Quantity>
				</IRP_Roadef_Challenge_Operation_>
			</operations>
		</IRP_Roadef_Challenge_Shift_>
		<IRP_Roadef_Challenge_Shift_>
			<index>14</index>
			<driver>3</driver>
			<trailer>2</trailer>
			<start>11588</start>
			<operations>
				<IRP_Roadef_Challenge_Operation_>
					<point>1</point>
					<arrival>11635</arrival>
					<Quantity>-5042.2805816650362</Quantity>
				</IRP_Roadef_Challenge_Operation_>
				<IRP_Roadef_Challenge_Operation_>
					<point>10</point>
					<arrival>11781</arrival>
					<Quantity>1643.3417056364115</Quantity>
				</IRP_Roadef_Challenge_Operation_>
				<IRP_Roadef_Challenge_Operation_>
					<point>99</point>
					<arrival>11883</arrival>
					<Quantity>2301.2147861480735</Quantity>
				</IRP_Roadef_Challenge_Operation_>
				<IRP_Roadef_Challenge_Operation_>
					<point>111</point>
					<arrival>11983</arrival>
					<Quantity>1435.4435082155169</Quantity>
				</IRP_Roadef_Challenge_Operation_>
			</operations>
		</IRP_Roadef_Challenge_Shift_>
		<IRP_Roadef_Challenge_Shift_>
			<index>15</index>
			<driver>3</driver>
			<trailer>2</trailer>
			<start>12808</start>
			<operations>
				<IRP_Roadef_Challenge_Operation_>
					<point>1</point>
					<arrival>12855</arrival>
					<Quantity>-5380</Quantity>
				</IRP_Roadef_Challenge_Operation_>
				<IRP_Roadef_Challenge_Operation_>
					<point>66</point>
					<arrival>12960</arrival>
					<Quantity>2079.9300000000003</Quantity>
				</IRP_Roadef_Challenge_Operation_>
				<IRP_Roadef_Challenge_Operation_>
					<point>95</point>
					<arrival>13062</arrival>
					<Quantity>825.48458630371329</Quantity>
				</IRP_Roadef_Challenge_Operation_>
				<IRP_Roadef_Challenge_Operation_>
					<point>135</point>
					<arrival>13311</arrival>
					<Quantity>1009.9869107055684</Quantity>
				</IRP_Roadef_Challenge_Operation_>
				<IRP_Roadef_Challenge_Operation_>
					<point>1</point>
					<arrival>13572</arrival>
					<Quantity>-3915.4014970092812</Quantity>
				</IRP_Roadef_Challenge_Operation_>
			</operations>
		</IRP_Roadef_Challenge_Shift_>
		<IRP_Roadef_Challenge_Shift_>
			<index>16</index>
			<driver>1</driver>
			<trailer>1</trailer>
			<start>14100</start>
			<operations>
				<IRP_Roadef_Challenge_Operation_>
					<point>76</point>
					<arrival>14231</arrival>
					<Quantity>2702.4103723068433</Quantity>
				</IRP_Roadef_Challenge_Operation_>
				<IRP_Roadef_Challenge_Operation_>
					<point>65</point>
					<arrival>14314</arrival>
					<Quantity>3041.2680382232429</Quantity>
				</IRP_Roadef_Challenge_Operation_>
				<IRP_Roadef_Challenge_Operation_>
					<point>62</point>
					<arrival>14419</arrival>
					<Quantity>1149.8924957275403</Quantity>
				</IRP_Roadef_Challenge_Operation_>
				<IRP_Roadef_Challenge_Operation_>
					<point>4</point>
					<arrival>14468</arrival>
					<Quantity>5726.4290937423739</Quantity>
				</IRP_Roadef_Challenge_Operation_>
			</operations>
		</IRP_Roadef_Challenge_Shift_>
		<IRP_Roadef_Challenge_Shift_>
			<index>17</index>
			<driver>3</driver>
			<trailer>2</trailer>
			<start>14383</start>
			<operations>
				<IRP_Roadef_Challenge_Operation_>
					<point>30</point>
					<arrival>14450</arrival>
					<Quantity>840.43948536682115</Quantity>
				</IRP_Roadef_Challenge_Operation_>
				<IRP_Roadef_Challenge_Operation_>
					<point>28</point>
					<arrival>14563</arrival>
					<Quantity>1000.4450623931903</Quantity>
				</IRP_Roadef_Challenge_Operation_>
				<IRP_Roadef_Challenge_Operation_>
					<point>110</point>
					<arrival>14616</arrival>
					<Quantity>886.67925621032646</Quantity>
				</IRP_Roadef_Challenge_Operation_>
				<IRP_Roadef_Challenge_Operation_>
					<point>6</point>
					<arrival>14760</arrival>
					<Quantity>292.34758862304813</Quantity>
				</IRP_Roadef_Challenge_Operation_>
				<IRP_Roadef_Challenge_Operation_>
					<point>16</point>
					<arrival>14889</arrival>
					<Quantity>2360.0886074066148</Quantity>
				</IRP_Roadef_Challenge_Operation_>
			</operations>
		</IRP_Roadef_Challenge_Shift_>
		<IRP_Roadef_Challenge_Shift_>
			<index>18</index>
			<driver>0</driver>
			<trailer>1</trailer>
			<start>14692</start>
			<operations>
				<IRP_Roadef_Challenge_Operation_>
					<point>1</point>
					<arrival>14739</arrival>
					<Quantity>-12620</Quantity>
				</IRP_Roadef_Challenge_Operation_>
				<IRP_Roadef_Challenge_Operation_>
					<point>114</point>
					<arrival>15540</arrival>
					<Quantity>12620</Quantity>
				</IRP_Roadef_Challenge_Operation_>
				<IRP_Roadef_Challenge_Operation_>
					<point>1</point>
					<arrival>15843</arrival>
					<Quantity>-12620</Quantity>
				</IRP_Roadef_Challenge_Operation_>
				<IRP_Roadef_Challenge_Operation_>
					<point>132</point>
					<arrival>16937</arrival>
					<Quantity>2028.4887525230388</Quantity>
				</IRP_Roadef_Challenge_Operation_>
				<IRP_Roadef_Challenge_Operation_>
					<point>113</point>
					<arrival>17236</arrival>
					<Quantity>291.05999999999915</Quantity>
				</IRP_Roadef_Challenge_Operation_>
			</operations>
		</IRP_Roadef_Challenge_Shift_>
		<IRP_Roadef_Challenge_Shift_>
			<index>19</index>
			<driver>2</driver>
			<trailer>0</trailer>
			<start>15207</start>
			<operations>
				<IRP_Roadef_Challenge_Operation_>
					<point>1</point>
					<arrival>15254</arrival>
					<Quantity>-17002.661151885852</Quantity>
				</IRP_Roadef_Challenge_Operation_>
				<IRP_Roadef_Challenge_Operation_>
					<point>44</point>
					<arrival>15433</arrival>
					<Quantity>595.05999999999926</Quantity>
				</IRP_Roadef_Challenge_Operation_>
				<IRP_Roadef_Challenge_Operation_>
					<point>59</point>
					<arrival>15663</arrival>
					<Quantity>4248.0020256042571</Quantity>
				</IRP_Roadef_Challenge_Operation_>
				<IRP_Roadef_Challenge_Operation_>
					<point>7</point>
					<arrival>15726</arrival>
					<Quantity>11842.092351531988</Quantity>
				</IRP_Roadef_Challenge_Operation_>
				<IRP_Roadef_Challenge_Operation_>
					<point>117</point>
					<arrival>15790</arrival>
					<Quantity>3314.8456228637697</Quantity>
				</IRP_Roadef_Challenge_Operation_>
			</operations>
		</IRP_Roadef_Challenge_Shift_>
		<IRP_Roadef_Challenge_Shift_>
			<index>20</index>
			<driver>1</driver>
			<trailer>0</trailer>
			<start>15958</start>
			<operations>
				<IRP_Roadef_Challenge_Operation_>
					<point>1</point>
					<arrival>16005</arrival>
					<Quantity>-20000</Quantity>
				</IRP_Roadef_Challenge_Operation_>
			</operations>
		</IRP_Roadef_Challenge_Shift_>
		<IRP_Roadef_Challenge_Shift_>
			<index>21</index>
			<driver>2</driver>
			<trailer>0</trailer>
			<start>16678</start>
			<operations>
				<IRP_Roadef_Challenge_Operation_>
					<point>79</point>
					<arrival>16980</arrival>
					<Quantity>15859.283708953904</Quantity>
				</IRP_Roadef_Challenge_Operation_>
				<IRP_Roadef_Challenge_Operation_>
					<point>108</point>
					<arrival>17176</arrival>
					<Quantity>4001.4959920883221</Quantity>
				</IRP_Roadef_Challenge_Operation_>
				<IRP_Roadef_Challenge_Operation_>
					<point>1</point>
					<arrival>17452</arrival>
					<Quantity>-19860.779701042229</Quantity>
				</IRP_Roadef_Challenge_Operation_>
				<IRP_Roadef_Challenge_Operation_>
					<point>77</point>
					<arrival>18531</arrival>
					<Quantity>10908.107774841479</Quantity>
				</IRP_Roadef_Challenge_Operation_>
				<IRP_Roadef_Challenge_Operation_>
					<point>45</point>
					<arrival>18767</arrival>
					<Quantity>3761.1922251585265</Quantity>
				</IRP_Roadef_Challenge_Operation_>
				<IRP_Roadef_Challenge_Operation_>
					<point>2</point>
					<arrival>18837</arrival>
					<Quantity>5330.7000000000007</Quantity>
				</IRP_Roadef_Challenge_Operation_>
				<IRP_Roadef_Challenge_Operation_>
					<point>1</point>
					<arrival>18981</arrival>
					<Quantity>-20000</Quantity>
				</IRP_Roadef_Challenge_Operation_>
			</operations>
		</IRP_Roadef_Challenge_Shift_>
		<IRP_Roadef_Challenge_Shift_>
			<index>22</index>
			<driver>1</driver>
			<trailer>2</trailer>
			<start>16980</start>
			<operations>
				<IRP_Roadef_Challenge_Operation_>
					<point>1</point>
					<arrival>17027</arrival>
					<Quantity>-5380</Quantity>
				</IRP_Roadef_Challenge_Operation_>
			</operations>
		</IRP_Roadef_Challenge_Shift_>
		<IRP_Roadef_Challenge_Shift_>
			<index>23</index>
			<driver>3</driver>
			<trailer>2</trailer>
			<start>17118</start>
			<operations>
				<IRP_Roadef_Challenge_Operation_>
					<point>71</point>
					<arrival>17186</arrival>
					<Quantity>1462.1735131353907</Quantity>
				</IRP_Roadef_Challenge_Operation_>
				<IRP_Roadef_Challenge_Operation_>
					<point>69</point>
					<arrival>17327</arrival>
					<Quantity>1439.882222643414</Quantity>
				</IRP_Roadef_Challenge_Operation_>
				<IRP_Roadef_Challenge_Operation_>
					<point>13</point>
					<arrival>17373</arrival>
					<Quantity>1758.4842642211947</Quantity>
				</IRP_Roadef_Challenge_Operation_>
				<IRP_Roadef_Challenge_Operation_>
					<point>92</point>
					<arrival>17443</arrival>
					<Quantity>326.98000000000047</Quantity>
				</IRP_Roadef_Challenge_Operation_>
				<IRP_Roadef_Challenge_Operation_>
					<point>94</point>
					<arrival>17710</arrival>
					<Quantity>392.47999999999888</Quantity>
				</IRP_Roadef_Challenge_Operation_>
				<IRP_Roadef_Challenge_Operation_>
					<point>1</point>
					<arrival>17867</arrival>
					<Quantity>-5380</Quantity>
				</IRP_Roadef_Challenge_Operation_>
			</operations>
		</IRP_Roadef_Challenge_Shift_>
		<IRP_Roadef_Challenge_Shift_>
			<index>24</index>
			<driver>0</driver>
			<trailer>1</trailer>
			<start>18086</start>
			<operations>
				<IRP_Roadef_Challenge_Operation_>
					<point>106</point>
					<arrival>18134</arrival>
					<Quantity>4604.0074873159174</Quantity>
				</IRP_Roadef_Challenge_Operation_>
				<IRP_Roadef_Challenge_Operation_>
					<point>107</point>
					<arrival>18318</arrival>
					<Quantity>4000.8591567993199</Quantity>
				</IRP_Roadef_Challenge_Operation_>
				<IRP_Roadef_Challenge_Operation_>
					<point>54</point>
					<arrival>18554</arrival>
					<Quantity>597.43955219899772</Quantity>
				</IRP_Roadef_Challenge_Operation_>
				<IRP_Roadef_Challenge_Operation_>
					<point>64</point>
					<arrival>18662</arrival>
					<Quantity>1098.1450511627252</Quantity>
				</IRP_Roadef_Challenge_Operation_>
			</operations>
		</IRP_Roadef_Challenge_Shift_>
		<IRP_Roadef_Challenge_Shift_>
			<index>25</index>
			<driver>2</driver>
			<trailer>0</trailer>
			<start>19797</start>
			<operations>
				<IRP_Roadef_Challenge_Operation_>
					<point>43</point>
					<arrival>19850</arrival>
					<Quantity>3456.1476501465058</Quantity>
				</IRP_Roadef_Challenge_Operation_>
				<IRP_Roadef_Challenge_Operation_>
					<point>21</point>
					<arrival>19920</arrival>
					<Quantity>8645.1999999999825</Quantity>
				</IRP_Roadef_Challenge_Operation_>
			</operations>
		</IRP_Roadef_Challenge_Shift_>
		<IRP_Roadef_Challenge_Shift_>
			<index>26</index>
			<driver>1</driver>
			<trailer>0</trailer>
			<start>21480</start>
			<operations>
				<IRP_Roadef_Challenge_Operation_>
					<point>102</point>
					<arrival>21630</arrival>
					<Quantity>7898.6523498535007</Quantity>
				</IRP_Roadef_Challenge_Operation_>
				<IRP_Roadef_Challenge_Operation_>
					<point>1</point>
					<arrival>21796</arrival>
					<Quantity>-20000</Quantity>
				</IRP_Roadef_Challenge_Operation_>
			</operations>
		</IRP_Roadef_Challenge_Shift_>
		<IRP_Roadef_Challenge_Shift_>
			<index>27</index>
			<driver>0</driver>
			<trailer>1</trailer>
			<start>21600</start>
			<operations>
				<IRP_Roadef_Challenge_Operation_>
					<point>1</point>
					<arrival>21647</arrival>
					<Quantity>-12620</Quantity>
				</IRP_Roadef_Challenge_Operation_>
				<IRP_Roadef_Challenge_Operation_>
					<point>127</point>
					<arrival>22065</arrival>
					<Quantity>3108.3999999999969</Quantity>
				</IRP_Roadef_Challenge_Operation_>
				<IRP_Roadef_Challenge_Operation_>
					<point>128</point>
					<arrival>22204</arrival>
					<Quantity>5400.0333095550532</Quantity>
				</IRP_Roadef_Challenge_Operation_>
				<IRP_Roadef_Challenge_Operation_>
					<point>60</point>
					<arrival>22740</arrival>
					<Quantity>3473.0000000000073</Quantity>
				</IRP_Roadef_Challenge_Operation_>
				<IRP_Roadef_Challenge_Operation_>
					<point>1</point>
					<arrival>23839</arrival>
					<Quantity>-11981.433309555056</Quantity>
				</IRP_Roadef_Challenge_Operation_>
				<IRP_Roadef_Challenge_Operation_>
					<point>54</point>
					<arrival>24004</arrival>
					<Quantity>653.30444780100242</Quantity>
				</IRP_Roadef_Challenge_Operation_>
				<IRP_Roadef_Challenge_Operation_>
					<point>85</point>
					<arrival>24180</arrival>
					<Quantity>634.88000000000102</Quantity>
				</IRP_Roadef_Challenge_Operation_>
				<IRP_Roadef_Challenge_Operation_>
					<point>10</point>
					<arrival>24228</arrival>
					<Quantity>10444.025710493665</Quantity>
				</IRP_Roadef_Challenge_Operation_>
			</operations>
		</IRP_Roadef_Challenge_Shift_>
		<IRP_Roadef_Challenge_Shift_>
			<index>28</index>
			<driver>2</driver>
			<trailer>0</trailer>
			<start>21887</start>
			<operations>
				<IRP_Roadef_Challenge_Operation_>
					<point>112</point>
					<arrival>22107</arrival>
					<Quantity>7992.9849357604244</Quantity>
				</IRP_Roadef_Challenge_Operation_>
				<IRP_Roadef_Challenge_Operation_>
					<point>80</point>
					<arrival>22201</arrival>
					<Quantity>7646.2150642395791</Quantity>
				</IRP_Roadef_Challenge_Operation_>
				<IRP_Roadef_Challenge_Operation_>
					<point>119</point>
					<arrival>22375</arrival>
					<Quantity>4360.8000000000084</Quantity>
				</IRP_Roadef_Challenge_Operation_>
				<IRP_Roadef_Challenge_Operation_>
					<point>1</point>
					<arrival>22600</arrival>
					<Quantity>-20000</Quantity>
				</IRP_Roadef_Challenge_Operation_>
			</operations>
		</IRP_Roadef_Challenge_Shift_>
		<IRP_Roadef_Challenge_Shift_>
			<index>29</index>
			<driver>3</driver>
			<trailer>2</trailer>
			<start>22331</start>
			<operations>
				<IRP_Roadef_Challenge_Operation_>
					<point>15</point>
					<arrival>22505</arrival>
					<Quantity>1038.2575701904302</Quantity>
				</IRP_Roadef_Challenge_Operation_>
				<IRP_Roadef_Challenge_Operation_>
					<point>116</point>
					<arrival>22592</arrival>
					<Quantity>891.25097073364111</Quantity>
				</IRP_Roadef_Challenge_Operation_>
				<IRP_Roadef_Challenge_Operation_>
					<point>17</point>
					<arrival>22740</arrival>
					<Quantity>3450.4914590759272</Quantity>
				</IRP_Roadef_Challenge_Operation_>
				<IRP_Roadef_Challenge_Operation_>
					<point>1</point>
					<arrival>22862</arrival>
					<Quantity>-5380</Quantity>
				</IRP_Roadef_Challenge_Operation_>
				<IRP_Roadef_Challenge_Operation_>
					<point>111</point>
					<arrival>23011</arrival>
					<Quantity>2029.7454513830385</Quantity>
				</IRP_Roadef_Challenge_Operation_>
				<IRP_Roadef_Challenge_Operation_>
					<point>39</point>
					<arrival>23071</arrival>
					<Quantity>3350.2545486169447</Quantity>
				</IRP_Roadef_Challenge_Operation_>
			</operations>
		</IRP_Roadef_Challenge_Shift_>
		<IRP_Roadef_Challenge_Shift_>
			<index>30</index>
			<driver>1</driver>
			<trailer>0</trailer>
			<start>22740</start>
			<operations>
				<IRP_Roadef_Challenge_Operation_>
					<point>101</point>
					<arrival>23020</arrival>
					<Quantity>5445.8999999999951</Quantity>
				</IRP_Roadef_Challenge_Operation_>
			</operations>
		</IRP_Roadef_Challenge_Shift_>
		<IRP_Roadef_Challenge_Shift_>
			<index>31</index>
			<driver>2</driver>
			<trailer>0</trailer>
			<start>24598</start>
			<operations>
				<IRP_Roadef_Challenge_Operation_>
					<point>31</point>
					<arrival>24988</arrival>
					<Quantity>2316.2634559631351</Quantity>
				</IRP_Roadef_Challenge_Operation_>
				<IRP_Roadef_Challenge_Operation_>
					<point>77</point>
					<arrival>25115</arrival>
					<Quantity>2758.028139770513</Quantity>
				</IRP_Roadef_Challenge_Operation_>
				<IRP_Roadef_Challenge_Operation_>
					<point>82</point>
					<arrival>26006</arrival>
					<Quantity>2508.8000000000006</Quantity>
				</IRP_Roadef_Challenge_Operation_>
				<IRP_Roadef_Challenge_Operation_>
					<point>83</point>
					<arrival>26248</arrival>
					<Quantity>593.76840426634942</Quantity>
				</IRP_Roadef_Challenge_Operation_>
				<IRP_Roadef_Challenge_Operation_>
					<point>64</point>
					<arrival>26294</arrival>
					<Quantity>1506.5000000000011</Quantity>
				</IRP_Roadef_Challenge_Operation_>
				<IRP_Roadef_Challenge_Operation_>
					<point>44</point>
					<arrival>26423</arrival>
					<Quantity>2762.7399999999998</Quantity>
				</IRP_Roadef_Challenge_Operation_>
				<IRP_Roadef_Challenge_Operation_>
					<point>40</point>
					<arrival>26468</arrival>
					<Quantity>2107.9999999999968</Quantity>
				</IRP_Roadef_Challenge_Operation_>
				<IRP_Roadef_Challenge_Operation_>
					<point>1</point>
					<arrival>26632</arrival>
					<Quantity>-20000</Quantity>
				</IRP_Roadef_Challenge_Operation_>
			</operations>
		</IRP_Roadef_Challenge_Shift_>
		<IRP_Roadef_Challenge_Shift_>
			<index>32</index>
			<driver>0</driver>
			<trailer>1</trailer>
			<start>25051</start>
			<operations>
				<IRP_Roadef_Challenge_Operation_>
					<point>41</point>
					<arrival>25620</arrival>
					<Quantity>887.78984170532647</Quantity>
				</IRP_Roadef_Challenge_Operation_>
				<IRP_Roadef_Challenge_Operation_>
					<point>1</point>
					<arrival>25883</arrival>
					<Quantity>-12620</Quantity>
				</IRP_Roadef_Challenge_Operation_>
				<IRP_Roadef_Challenge_Operation_>
					<point>124</point>
					<arrival>26011</arrival>
					<Quantity>1930.9000000000033</Quantity>
				</IRP_Roadef_Challenge_Operation_>
				<IRP_Roadef_Challenge_Operation_>
					<point>123</point>
					<arrival>27032</arrival>
					<Quantity>9804.5930513305575</Quantity>
				</IRP_Roadef_Challenge_Operation_>
				<IRP_Roadef_Challenge_Operation_>
					<point>34</point>
					<arrival>27474</arrival>
					<Quantity>884.50694866943195</Quantity>
				</IRP_Roadef_Challenge_Operation_>
			</operations>
		</IRP_Roadef_Challenge_Shift_>
		<IRP_Roadef_Challenge_Shift_>
			<index>33</index>
			<driver>3</driver>
			<trailer>2</trailer>
			<start>25605</start>
			<operations>
				<IRP_Roadef_Challenge_Operation_>
					<point>1</point>
					<arrival>25652</arrival>
					<Quantity>-5380</Quantity>
				</IRP_Roadef_Challenge_Operation_>
				<IRP_Roadef_Challenge_Operation_>
					<point>91</point>
					<arrival>25935</arrival>
					<Quantity>964.99999999999704</Quantity>
				</IRP_Roadef_Challenge_Operation_>
				<IRP_Roadef_Challenge_Operation_>
					<point>81</point>
					<arrival>26043</arrival>
					<Quantity>781.92791910552887</Quantity>
				</IRP_Roadef_Challenge_Operation_>
				<IRP_Roadef_Challenge_Operation_>
					<point>29</point>
					<arrival>26234</arrival>
					<Quantity>1846.4543090819984</Quantity>
				</IRP_Roadef_Challenge_Operation_>
			</operations>
		</IRP_Roadef_Challenge_Shift_>
		<IRP_Roadef_Challenge_Shift_>
			<index>34</index>
			<driver>3</driver>
			<trailer>2</trailer>
			<start>27188</start>
			<operations>
				<IRP_Roadef_Challenge_Operation_>
					<point>1</point>
					<arrival>27235</arrival>
					<Quantity>-3593.3822281875237</Quantity>
				</IRP_Roadef_Challenge_Operation_>
				<IRP_Roadef_Challenge_Operation_>
					<point>120</point>
					<arrival>27410</arrival>
					<Quantity>1033.8590639495849</Quantity>
				</IRP_Roadef_Challenge_Operation_>
				<IRP_Roadef_Challenge_Operation_>
					<point>134</point>
					<arrival>27509</arrival>
					<Quantity>763.20495628356389</Quantity>
				</IRP_Roadef_Challenge_Operation_>
				<IRP_Roadef_Challenge_Operation_>
					<point>58</point>
					<arrival>27598</arrival>
					<Quantity>1014.2658749084444</Quantity>
				</IRP_Roadef_Challenge_Operation_>
				<IRP_Roadef_Challenge_Operation_>
					<point>45</point>
					<arrival>27739</arrival>
					<Quantity>1624.8501048584149</Quantity>
				</IRP_Roadef_Challenge_Operation_>
				<IRP_Roadef_Challenge_Operation_>
					<point>94</point>
					<arrival>27794</arrival>
					<Quantity>943.82000000000016</Quantity>
				</IRP_Roadef_Challenge_Operation_>
			</operations>
		</IRP_Roadef_Challenge_Shift_>
		<IRP_Roadef_Challenge_Shift_>
			<index>35</index>
			<driver>2</driver>
			<trailer>0</trailer>
			<start>28115</start>
			<operations>
				<IRP_Roadef_Challenge_Operation_>
					<point>98</point>
					<arrival>28394</arrival>
					<Quantity>672.7999999999995</Quantity>
				</IRP_Roadef_Challenge_Operation_>
				<IRP_Roadef_Challenge_Operation_>
					<point>68</point>
					<arrival>28459</arrival>
					<Quantity>8386.4476608848145</Quantity>
				</IRP_Roadef_Challenge_Operation_>
				<IRP_Roadef_Challenge_Operation_>
					<point>42</point>
					<arrival>28517</arrival>
					<Quantity>4406.5</Quantity>
				</IRP_Roadef_Challenge_Operation_>
				<IRP_Roadef_Challenge_Operation_>
					<point>36</point>
					<arrival>28583</arrival>
					<Quantity>2342.580775146494</Quantity>
				</IRP_Roadef_Challenge_Operation_>
				<IRP_Roadef_Challenge_Operation_>
					<point>105</point>
					<arrival>28628</arrival>
					<Quantity>588.20000000000027</Quantity>
				</IRP_Roadef_Challenge_Operation_>
				<IRP_Roadef_Challenge_Operation_>
					<point>1</point>
					<arrival>28913</arrival>
					<Quantity>-16396.528436031302</Quantity>
				</IRP_Roadef_Challenge_Operation_>
			</operations>
		</IRP_Roadef_Challenge_Shift_>
		<IRP_Roadef_Challenge_Shift_>
			<index>36</index>
			<driver>0</driver>
			<trailer>1</trailer>
			<start>28542</start>
			<operations>
				<IRP_Roadef_Challenge_Operation_>
					<point>1</point>
					<arrival>28589</arrival>
					<Quantity>-12620</Quantity>
				</IRP_Roadef_Challenge_Operation_>
				<IRP_Roadef_Challenge_Operation_>
					<point>11</point>
					<arrival>28877</arrival>
					<Quantity>7360.147994117724</Quantity>
				</IRP_Roadef_Challenge_Operation_>
				<IRP_Roadef_Challenge_Operation_>
					<point>63</point>
					<arrival>29044</arrival>
					<Quantity>4317.3320058822692</Quantity>
				</IRP_Roadef_Challenge_Operation_>
				<IRP_Roadef_Challenge_Operation_>
					<point>92</point>
					<arrival>29114</arrival>
					<Quantity>942.51999999999998</Quantity>
				</IRP_Roadef_Challenge_Operation_>
			</operations>
		</IRP_Roadef_Challenge_Shift_>
		<IRP_Roadef_Challenge_Shift_>
			<index>37</index>
			<driver>3</driver>
			<trailer>2</trailer>
			<start>28691</start>
			<operations>
				<IRP_Roadef_Challenge_Operation_>
					<point>1</point>
					<arrival>28738</arrival>
					<Quantity>-5380</Quantity>
				</IRP_Roadef_Challenge_Operation_>
				<IRP_Roadef_Challenge_Operation_>
					<point>27</point>
					<arrival>28947</arrival>
					<Quantity>1983.9185263061388</Quantity>
				</IRP_Roadef_Challenge_Operation_>
				<IRP_Roadef_Challenge_Operation_>
					<point>18</point>
					<arrival>29007</arrival>
					<Quantity>907.79999999999995</Quantity>
				</IRP_Roadef_Challenge_Operation_>
				<IRP_Roadef_Challenge_Operation_>
					<point>97</point>
					<arrival>29219</arrival>
					<Quantity>2020.5814736938646</Quantity>
				</IRP_Roadef_Challenge_Operation_>
				<IRP_Roadef_Challenge_Operation_>
					<point>95</point>
					<arrival>29309</arrival>
					<Quantity>467.69999999999868</Quantity>
				</IRP_Roadef_Challenge_Operation_>
			</operations>
		</IRP_Roadef_Challenge_Shift_>
		<IRP_Roadef_Challenge_Shift_>
			<index>38</index>
			<driver>2</driver>
			<trailer>0</trailer>
			<start>29725</start>
			<operations>
				<IRP_Roadef_Challenge_Operation_>
					<point>2</point>
					<arrival>29857</arrival>
					<Quantity>1562.6000000000149</Quantity>
				</IRP_Roadef_Challenge_Operation_>
				<IRP_Roadef_Challenge_Operation_>
					<point>45</point>
					<arrival>29930</arrival>
					<Quantity>2887.7498951415628</Quantity>
				</IRP_Roadef_Challenge_Operation_>
				<IRP_Roadef_Challenge_Operation_>
					<point>48</point>
					<arrival>29978</arrival>
					<Quantity>15549.650104858425</Quantity>
				</IRP_Roadef_Challenge_Operation_>
				<IRP_Roadef_Challenge_Operation_>
					<point>1</point>
					<arrival>30148</arrival>
					<Quantity>-20000</Quantity>
				</IRP_Roadef_Challenge_Operation_>
			</operations>
		</IRP_Roadef_Challenge_Shift_>
		<IRP_Roadef_Challenge_Shift_>
			<index>39</index>
			<driver>1</driver>
			<trailer>0</trailer>
			<start>31560</start>
			<operations>
				<IRP_Roadef_Challenge_Operation_>
					<point>43</point>
					<arrival>31613</arrival>
					<Quantity>2242.3371831321419</Quantity>
				</IRP_Roadef_Challenge_Operation_>
				<IRP_Roadef_Challenge_Operation_>
					<point>117</point>
					<arrival>31733</arrival>
					<Quantity>7760.8543771362329</Quantity>
				</IRP_Roadef_Challenge_Operation_>
				<IRP_Roadef_Challenge_Operation_>
					<point>84</point>
					<arrival>31793</arrival>
					<Quantity>2135.6999999999616</Quantity>
				</IRP_Roadef_Challenge_Operation_>
			</operations>
		</IRP_Roadef_Challenge_Shift_>
		<IRP_Roadef_Challenge_Shift_>
			<index>40</index>
			<driver>0</driver>
			<trailer>1</trailer>
			<start>31680</start>
			<operations>
				<IRP_Roadef_Challenge_Operation_>
					<point>1</point>
					<arrival>31727</arrival>
					<Quantity>-12620</Quantity>
				</IRP_Roadef_Challenge_Operation_>
				<IRP_Roadef_Challenge_Operation_>
					<point>33</point>
					<arrival>31904</arrival>
					<Quantity>6911.0800514221128</Quantity>
				</IRP_Roadef_Challenge_Operation_>
				<IRP_Roadef_Challenge_Operation_>
					<point>76</point>
					<arrival>31991</arrival>
					<Quantity>5111.6999999999989</Quantity>
				</IRP_Roadef_Challenge_Operation_>
				<IRP_Roadef_Challenge_Operation_>
					<point>1</point>
					<arrival>32132</arrival>
					<Quantity>-12022.780051422114</Quantity>
				</IRP_Roadef_Challenge_Operation_>
				<IRP_Roadef_Challenge_Operation_>
					<point>103</point>
					<arrival>32820</arrival>
					<Quantity>1881.9999999999982</Quantity>
				</IRP_Roadef_Challenge_Operation_>
				<IRP_Roadef_Challenge_Operation_>
					<point>127</point>
					<arrival>33833</arrival>
					<Quantity>4153.8000000000002</Quantity>
				</IRP_Roadef_Challenge_Operation_>
				<IRP_Roadef_Challenge_Operation_>
					<point>64</point>
					<arrival>34260</arrival>
					<Quantity>2471.3400000000001</Quantity>
				</IRP_Roadef_Challenge_Operation_>
				<IRP_Roadef_Challenge_Operation_>
					<point>113</point>
					<arrival>34372</arrival>
					<Quantity>998.84000000000003</Quantity>
				</IRP_Roadef_Challenge_Operation_>
			</operations>
		</IRP_Roadef_Challenge_Shift_>
		<IRP_Roadef_Challenge_Shift_>
			<index>41</index>
			<driver>3</driver>
			<trailer>2</trailer>
			<start>31867</start>
			<operations>
				<IRP_Roadef_Challenge_Operation_>
					<point>1</point>
					<arrival>31914</arrival>
					<Quantity>-5380</Quantity>
				</IRP_Roadef_Challenge_Operation_>
				<IRP_Roadef_Challenge_Operation_>
					<point>52</point>
					<arrival>32148</arrival>
					<Quantity>936.79999999999973</Quantity>
				</IRP_Roadef_Challenge_Operation_>
				<IRP_Roadef_Challenge_Operation_>
					<point>6</point>
					<arrival>32295</arrival>
					<Quantity>939.22000000000025</Quantity>
				</IRP_Roadef_Challenge_Operation_>
				<IRP_Roadef_Challenge_Operation_>
					<point>16</point>
					<arrival>32424</arrival>
					<Quantity>3503.980000000005</Quantity>
				</IRP_Roadef_Challenge_Operation_>
			</operations>
		</IRP_Roadef_Challenge_Shift_>
		<IRP_Roadef_Challenge_Shift_>
			<index>42</index>
			<driver>2</driver>
			<trailer>0</trailer>
			<start>32170</start>
			<operations>
				<IRP_Roadef_Challenge_Operation_>
					<point>106</point>
					<arrival>32218</arrival>
					<Quantity>7861.1084397316372</Quantity>
				</IRP_Roadef_Challenge_Operation_>
				<IRP_Roadef_Challenge_Operation_>
					<point>1</point>
					<arrival>32358</arrival>
					<Quantity>-20000</Quantity>
				</IRP_Roadef_Challenge_Operation_>
				<IRP_Roadef_Challenge_Operation_>
					<point>123</point>
					<arrival>32734</arrival>
					<Quantity>5637.7769837035157</Quantity>
				</IRP_Roadef_Challenge_Operation_>
				<IRP_Roadef_Challenge_Operation_>
					<point>19</point>
					<arrival>32805</arrival>
					<Quantity>11906.96462789159</Quantity>
				</IRP_Roadef_Challenge_Operation_>
				<IRP_Roadef_Challenge_Operation_>
					<point>60</point>
					<arrival>32877</arrival>
					<Quantity>1767.0000000000018</Quantity>
				</IRP_Roadef_Challenge_Operation_>
				<IRP_Roadef_Challenge_Operation_>
					<point>46</point>
					<arrival>33660</arrival>
					<Quantity>688.2583884048945</Quantity>
				</IRP_Roadef_Challenge_Operation_>
				<IRP_Roadef_Challenge_Operation_>
					<point>1</point>
					<arrival>34045</arrival>
					<Quantity>-20000</Quantity>
				</IRP_Roadef_Challenge_Operation_>
			</operations>
		</IRP_Roadef_Challenge_Shift_>
		<IRP_Roadef_Challenge_Shift_>
			<index>43</index>
			<driver>1</driver>
			<trailer>2</trailer>
			<start>32820</start>
			<operations>
				<IRP_Roadef_Challenge_Operation_>
					<point>1</point>
					<arrival>32867</arrival>
					<Quantity>-5380</Quantity>
				</IRP_Roadef_Challenge_Operation_>
				<IRP_Roadef_Challenge_Operation_>
					<point>49</point>
					<arrival>33007</arrival>
					<Quantity>512.03999999994267</Quantity>
				</IRP_Roadef_Challenge_Operation_>
				<IRP_Roadef_Challenge_Operation_>
					<point>119</point>
					<arrival>33137</arrival>
					<Quantity>2604.6600000000726</Quantity>
				</IRP_Roadef_Challenge_Operation_>
				<IRP_Roadef_Challenge_Operation_>
					<point>7</point>
					<arrival>33196</arrival>
					<Quantity>2263.2999999999738</Quantity>
				</IRP_Roadef_Challenge_Operation_>
			</operations>
		</IRP_Roadef_Challenge_Shift_>
		<IRP_Roadef_Challenge_Shift_>
			<index>44</index>
			<driver>3</driver>
			<trailer>2</trailer>
			<start>35513</start>
			<operations>
				<IRP_Roadef_Challenge_Operation_>
					<point>1</point>
					<arrival>35560</arrival>
					<Quantity>-5380</Quantity>
				</IRP_Roadef_Challenge_Operation_>
				<IRP_Roadef_Challenge_Operation_>
					<point>65</point>
					<arrival>35737</arrival>
					<Quantity>3180.557331420905</Quantity>
				</IRP_Roadef_Challenge_Operation_>
				<IRP_Roadef_Challenge_Operation_>
					<point>8</point>
					<arrival>35845</arrival>
					<Quantity>985.91599999999994</Quantity>
				</IRP_Roadef_Challenge_Operation_>
				<IRP_Roadef_Challenge_Operation_>
					<point>122</point>
					<arrival>35961</arrival>
					<Quantity>878.12666857909926</Quantity>
				</IRP_Roadef_Challenge_Operation_>
				<IRP_Roadef_Challenge_Operation_>
					<point>78</point>
					<arrival>36026</arrival>
					<Quantity>335.39999999999839</Quantity>
				</IRP_Roadef_Challenge_Operation_>
				<IRP_Roadef_Challenge_Operation_>
					<point>1</point>
					<arrival>36189</arrival>
					<Quantity>-5380</Quantity>
				</IRP_Roadef_Challenge_Operation_>
			</operations>
		</IRP_Roadef_Challenge_Shift_>
		<IRP_Roadef_Challenge_Shift_>
			<index>45</index>
			<driver>0</driver>
			<trailer>1</trailer>
			<start>35514</start>
			<operations>
				<IRP_Roadef_Challenge_Operation_>
					<point>1</point>
					<arrival>35561</arrival>
					<Quantity>-9505.9799999999832</Quantity>
				</IRP_Roadef_Challenge_Operation_>
				<IRP_Roadef_Challenge_Operation_>
					<point>51</point>
					<arrival>35714</arrival>
					<Quantity>1091.732</Quantity>
				</IRP_Roadef_Challenge_Operation_>
				<IRP_Roadef_Challenge_Operation_>
					<point>71</point>
					<arrival>35771</arrival>
					<Quantity>2352.5999999999995</Quantity>
				</IRP_Roadef_Challenge_Operation_>
				<IRP_Roadef_Challenge_Operation_>
					<point>21</point>
					<arrival>35820</arrival>
					<Quantity>2567.8628168678297</Quantity>
				</IRP_Roadef_Challenge_Operation_>
				<IRP_Roadef_Challenge_Operation_>
					<point>25</point>
					<arrival>35875</arrival>
					<Quantity>1223.4499999999925</Quantity>
				</IRP_Roadef_Challenge_Operation_>
				<IRP_Roadef_Challenge_Operation_>
					<point>126</point>
					<arrival>35923</arrival>
					<Quantity>2682.2351831321648</Quantity>
				</IRP_Roadef_Challenge_Operation_>
				<IRP_Roadef_Challenge_Operation_>
					<point>85</point>
					<arrival>35981</arrival>
					<Quantity>2702.1199999999999</Quantity>
				</IRP_Roadef_Challenge_Operation_>
			</operations>
		</IRP_Roadef_Challenge_Shift_>
		<IRP_Roadef_Challenge_Shift_>
			<index>46</index>
			<driver>2</driver>
			<trailer>0</trailer>
			<start>36856</start>
			<operations>
				<IRP_Roadef_Challenge_Operation_>
					<point>22</point>
					<arrival>37002</arrival>
					<Quantity>9686.0181671145256</Quantity>
				</IRP_Roadef_Challenge_Operation_>
				<IRP_Roadef_Challenge_Operation_>
					<point>73</point>
					<arrival>37141</arrival>
					<Quantity>5850.8000000000011</Quantity>
				</IRP_Roadef_Challenge_Operation_>
				<IRP_Roadef_Challenge_Operation_>
					<point>4</point>
					<arrival>37283</arrival>
					<Quantity>4463.1818328854788</Quantity>
				</IRP_Roadef_Challenge_Operation_>
			</operations>
		</IRP_Roadef_Challenge_Shift_>
		<IRP_Roadef_Challenge_Shift_>
			<index>47</index>
			<driver>3</driver>
			<trailer>2</trailer>
			<start>37001</start>
			<operations>
				<IRP_Roadef_Challenge_Operation_>
					<point>12</point>
					<arrival>37303</arrival>
					<Quantity>1013.8648469085672</Quantity>
				</IRP_Roadef_Challenge_Operation_>
				<IRP_Roadef_Challenge_Operation_>
					<point>24</point>
					<arrival>37444</arrival>
					<Quantity>2025.800000000002</Quantity>
				</IRP_Roadef_Challenge_Operation_>
			</operations>
		</IRP_Roadef_Challenge_Shift_>
		<IRP_Roadef_Challenge_Shift_>
			<index>48</index>
			<driver>1</driver>
			<trailer>1</trailer>
			<start>37140</start>
			<operations>
				<IRP_Roadef_Challenge_Operation_>
					<point>1</point>
					<arrival>37187</arrival>
					<Quantity>-12620</Quantity>
				</IRP_Roadef_Challenge_Operation_>
				<IRP_Roadef_Challenge_Operation_>
					<point>118</point>
					<arrival>37428</arrival>
					<Quantity>4291.2284229278521</Quantity>
				</IRP_Roadef_Challenge_Operation_>
				<IRP_Roadef_Challenge_Operation_>
					<point>92</point>
					<arrival>37569</arrival>
					<Quantity>568.90000000000055</Quantity>
				</IRP_Roadef_Challenge_Operation_>
			</operations>
		</IRP_Roadef_Challenge_Shift_>
		<IRP_Roadef_Challenge_Shift_>
			<index>49</index>
			<driver>2</driver>
			<trailer>0</trailer>
			<start>38212</start>
			<operations>
				<IRP_Roadef_Challenge_Operation_>
					<point>1</point>
					<arrival>38259</arrival>
					<Quantity>-20000</Quantity>
				</IRP_Roadef_Challenge_Operation_>
				<IRP_Roadef_Challenge_Operation_>
					<point>2</point>
					<arrival>38418</arrival>
					<Quantity>4435.1000000000495</Quantity>
				</IRP_Roadef_Challenge_Operation_>
				<IRP_Roadef_Challenge_Operation_>
					<point>74</point>
					<arrival>38474</arrival>
					<Quantity>15564.899999999971</Quantity>
				</IRP_Roadef_Challenge_Operation_>
				<IRP_Roadef_Challenge_Operation_>
					<point>1</point>
					<arrival>38623</arrival>
					<Quantity>-20000</Quantity>
				</IRP_Roadef_Challenge_Operation_>
				<IRP_Roadef_Challenge_Operation_>
					<point>48</point>
					<arrival>38804</arrival>
					<Quantity>9022.7999999999738</Quantity>
				</IRP_Roadef_Challenge_Operation_>
				<IRP_Roadef_Challenge_Operation_>
					<point>45</point>
					<arrival>38857</arrival>
					<Quantity>2733.3000000001084</Quantity>
				</IRP_Roadef_Challenge_Operation_>
				<IRP_Roadef_Challenge_Operation_>
					<point>79</point>
					<arrival>38915</arrival>
					<Quantity>8243.8999999999141</Quantity>
				</IRP_Roadef_Challenge_Operation_>
				<IRP_Roadef_Challenge_Operation_>
					<point>1</point>
					<arrival>39078</arrival>
					<Quantity>-20000</Quantity>
				</IRP_Roadef_Challenge_Operation_>
			</operations>
		</IRP_Roadef_Challenge_Shift_>
		<IRP_Roadef_Challenge_Shift_>
			<index>50</index>
			<driver>0</driver>
			<trailer>1</trailer>
			<start>38425</start>
			<operations>
				<IRP_Roadef_Challenge_Operation_>
					<point>106</point>
					<arrival>38473</arrival>
					<Quantity>2321.6999999999935</Quantity>
				</IRP_Roadef_Challenge_Operation_>
				<IRP_Roadef_Challenge_Operation_>
					<point>26</point>
					<arrival>38580</arrival>
					<Quantity>5438.1715770721567</Quantity>
				</IRP_Roadef_Challenge_Operation_>
				<IRP_Roadef_Challenge_Operation_>
					<point>1</point>
					<arrival>38694</arrival>
					<Quantity>-12620</Quantity>
				</IRP_Roadef_Challenge_Operation_>
			</operations>
		</IRP_Roadef_Challenge_Shift_>
		<IRP_Roadef_Challenge_Shift_>
			<index>51</index>
			<driver>3</driver>
			<trailer>2</trailer>
			<start>38557</start>
			<operations>
				<IRP_Roadef_Challenge_Operation_>
					<point>23</point>
					<arrival>38580</arrival>
					<Quantity>1848.5999999999985</Quantity>
				</IRP_Roadef_Challenge_Operation_>
				<IRP_Roadef_Challenge_Operation_>
					<point>1</point>
					<arrival>38651</arrival>
					<Quantity>-4888.2648469085652</Quantity>
				</IRP_Roadef_Challenge_Operation_>
				<IRP_Roadef_Challenge_Operation_>
					<point>53</point>
					<arrival>38805</arrival>
					<Quantity>2544.6560653686529</Quantity>
				</IRP_Roadef_Challenge_Operation_>
				<IRP_Roadef_Challenge_Operation_>
					<point>47</point>
					<arrival>38892</arrival>
					<Quantity>1550.5302656173581</Quantity>
				</IRP_Roadef_Challenge_Operation_>
				<IRP_Roadef_Challenge_Operation_>
					<point>94</point>
					<arrival>38941</arrival>
					<Quantity>782.40000000000077</Quantity>
				</IRP_Roadef_Challenge_Operation_>
				<IRP_Roadef_Challenge_Operation_>
					<point>54</point>
					<arrival>39096</arrival>
					<Quantity>502.41366901398578</Quantity>
				</IRP_Roadef_Challenge_Operation_>
			</operations>
		</IRP_Roadef_Challenge_Shift_>
		<IRP_Roadef_Challenge_Shift_>
			<index>52</index>
			<driver>1</driver>
			<trailer>1</trailer>
			<start>38871</start>
			<operations>
				<IRP_Roadef_Challenge_Operation_>
					<point>5</point>
					<arrival>38934</arrival>
					<Quantity>5450.800000000032</Quantity>
				</IRP_Roadef_Challenge_Operation_>
				<IRP_Roadef_Challenge_Operation_>
					<point>96</point>
					<arrival>39002</arrival>
					<Quantity>7169.2000000000007</Quantity>
				</IRP_Roadef_Challenge_Operation_>
			</operations>
		</IRP_Roadef_Challenge_Shift_>
		<IRP_Roadef_Challenge_Shift_>
			<index>53</index>
			<driver>1</driver>
			<trailer>2</trailer>
			<start>41713</start>
			<operations>
				<IRP_Roadef_Challenge_Operation_>
					<point>1</point>
					<arrival>41760</arrival>
					<Quantity>-5380</Quantity>
				</IRP_Roadef_Challenge_Operation_>
				<IRP_Roadef_Challenge_Operation_>
					<point>39</point>
					<arrival>41904</arrival>
					<Quantity>3840.5146356963924</Quantity>
				</IRP_Roadef_Challenge_Operation_>
				<IRP_Roadef_Challenge_Operation_>
					<point>72</point>
					<arrival>41962</arrival>
					<Quantity>1539.4853643035869</Quantity>
				</IRP_Roadef_Challenge_Operation_>
			</operations>
		</IRP_Roadef_Challenge_Shift_>
		<IRP_Roadef_Challenge_Shift_>
			<index>54</index>
			<driver>2</driver>
			<trailer>0</trailer>
			<start>42525</start>
			<operations>
				<IRP_Roadef_Challenge_Operation_>
					<point>80</point>
					<arrival>42720</arrival>
					<Quantity>8695.2000000000371</Quantity>
				</IRP_Roadef_Challenge_Operation_>
				<IRP_Roadef_Challenge_Operation_>
					<point>7</point>
					<arrival>42900</arrival>
					<Quantity>11304.800000000014</Quantity>
				</IRP_Roadef_Challenge_Operation_>
			</operations>
		</IRP_Roadef_Challenge_Shift_>
		<IRP_Roadef_Challenge_Shift_>
			<index>55</index>
			<driver>3</driver>
			<trailer>2</trailer>
			<start>42905</start>
			<operations>
				<IRP_Roadef_Challenge_Operation_>
					<point>1</point>
					<arrival>42952</arrival>
					<Quantity>-5380</Quantity>
				</IRP_Roadef_Challenge_Operation_>
				<IRP_Roadef_Challenge_Operation_>
					<point>110</point>
					<arrival>43164</arrival>
					<Quantity>1057.0599999999999</Quantity>
				</IRP_Roadef_Challenge_Operation_>
				<IRP_Roadef_Challenge_Operation_>
					<point>119</point>
					<arrival>43221</arrival>
					<Quantity>4322.9400000000169</Quantity>
				</IRP_Roadef_Challenge_Operation_>
				<IRP_Roadef_Challenge_Operation_>
					<point>1</point>
					<arrival>43446</arrival>
					<Quantity>-5380</Quantity>
				</IRP_Roadef_Challenge_Operation_>
				<IRP_Roadef_Challenge_Operation_>
					<point>124</point>
					<arrival>43574</arrival>
					<Quantity>1664.9999999999964</Quantity>
				</IRP_Roadef_Challenge_Operation_>
				<IRP_Roadef_Challenge_Operation_>
					<point>17</point>
					<arrival>43632</arrival>
					<Quantity>3715.0000000000073</Quantity>
				</IRP_Roadef_Challenge_Operation_>
			</operations>
		</IRP_Roadef_Challenge_Shift_>
		<IRP_Roadef_Challenge_Shift_>
			<index>56</index>
			<driver>0</driver>
			<trailer>1</trailer>
			<start>42992</start>
			<operations>
				<IRP_Roadef_Challenge_Operation_>
					<point>1</point>
					<arrival>43039</arrival>
					<Quantity>-12620</Quantity>
				</IRP_Roadef_Challenge_Operation_>
				<IRP_Roadef_Challenge_Operation_>
					<point>97</point>
					<arrival>43223</arrival>
					<Quantity>2471.718526306151</Quantity>
				</IRP_Roadef_Challenge_Operation_>
				<IRP_Roadef_Challenge_Operation_>
					<point>64</point>
					<arrival>43327</arrival>
					<Quantity>1703.6999999999953</Quantity>
				</IRP_Roadef_Challenge_Operation_>
				<IRP_Roadef_Challenge_Operation_>
					<point>102</point>
					<arrival>43441</arrival>
					<Quantity>6064.4376342010255</Quantity>
				</IRP_Roadef_Challenge_Operation_>
				<IRP_Roadef_Challenge_Operation_>
					<point>14</point>
					<arrival>43500</arrival>
					<Quantity>2380.14383949281</Quantity>
				</IRP_Roadef_Challenge_Operation_>
				<IRP_Roadef_Challenge_Operation_>
					<point>1</point>
					<arrival>43657</arrival>
					<Quantity>-12620</Quantity>
				</IRP_Roadef_Challenge_Operation_>
			</operations>
		</IRP_Roadef_Challenge_Shift_>
		<IRP_Roadef_Challenge_Shift_>
			<index>57</index>
			<driver>2</driver>
			<trailer>0</trailer>
			<start>43797</start>
			<operations>
				<IRP_Roadef_Challenge_Operation_>
					<point>1</point>
					<arrival>43844</arrival>
					<Quantity>-20000</Quantity>
				</IRP_Roadef_Challenge_Operation_>
				<IRP_Roadef_Challenge_Operation_>
					<point>101</point>
					<arrival>44151</arrival>
					<Quantity>5273.8000000000093</Quantity>
				</IRP_Roadef_Challenge_Operation_>
				<IRP_Roadef_Challenge_Operation_>
					<point>123</point>
					<arrival>44388</arrival>
					<Quantity>9807.2299649658671</Quantity>
				</IRP_Roadef_Challenge_Operation_>
				<IRP_Roadef_Challenge_Operation_>
					<point>127</point>
					<arrival>44523</arrival>
					<Quantity>2847.5999999999894</Quantity>
				</IRP_Roadef_Challenge_Operation_>
				<IRP_Roadef_Challenge_Operation_>
					<point>31</point>
					<arrival>45291</arrival>
					<Quantity>1054.9999999999995</Quantity>
				</IRP_Roadef_Challenge_Operation_>
				<IRP_Roadef_Challenge_Operation_>
					<point>67</point>
					<arrival>45642</arrival>
					<Quantity>1016.3700350341751</Quantity>
				</IRP_Roadef_Challenge_Operation_>
				<IRP_Roadef_Challenge_Operation_>
					<point>1</point>
					<arrival>45886</arrival>
					<Quantity>-20000</Quantity>
				</IRP_Roadef_Challenge_Operation_>
			</operations>
		</IRP_Roadef_Challenge_Shift_>
		<IRP_Roadef_Challenge_Shift_>
			<index>58</index>
			<driver>1</driver>
			<trailer>1</trailer>
			<start>44462</start>
			<operations>
				<IRP_Roadef_Challenge_Operation_>
					<point>114</point>
					<arrival>44679</arrival>
					<Quantity>12620</Quantity>
				</IRP_Roadef_Challenge_Operation_>
			</operations>
		</IRP_Roadef_Challenge_Shift_>
		<IRP_Roadef_Challenge_Shift_>
			<index>59</index>
			<driver>3</driver>
			<trailer>2</trailer>
			<start>45340</start>
			<operations>
				<IRP_Roadef_Challenge_Operation_>
					<point>1</point>
					<arrival>45387</arrival>
					<Quantity>-5380</Quantity>
				</IRP_Roadef_Challenge_Operation_>
				<IRP_Roadef_Challenge_Operation_>
					<point>90</point>
					<arrival>45647</arrival>
					<Quantity>83.000000000007276</Quantity>
				</IRP_Roadef_Challenge_Operation_>
				<IRP_Roadef_Challenge_Operation_>
					<point>59</point>
					<arrival>45799</arrival>
					<Quantity>5296.9999999999964</Quantity>
				</IRP_Roadef_Challenge_Operation_>
				<IRP_Roadef_Challenge_Operation_>
					<point>1</point>
					<arrival>46028</arrival>
					<Quantity>-5380</Quantity>
				</IRP_Roadef_Challenge_Operation_>
				<IRP_Roadef_Challenge_Operation_>
					<point>129</point>
					<arrival>47097</arrival>
					<Quantity>856.50000000000159</Quantity>
				</IRP_Roadef_Challenge_Operation_>
				<IRP_Roadef_Challenge_Operation_>
					<point>73</point>
					<arrival>47258</arrival>
					<Quantity>1814.043219184874</Quantity>
				</IRP_Roadef_Challenge_Operation_>
				<IRP_Roadef_Challenge_Operation_>
					<point>125</point>
					<arrival>47368</arrival>
					<Quantity>2709.4567808151164</Quantity>
				</IRP_Roadef_Challenge_Operation_>
			</operations>
		</IRP_Roadef_Challenge_Shift_>
		<IRP_Roadef_Challenge_Shift_>
			<index>60</index>
			<driver>1</driver>
			<trailer>0</trailer>
			<start>45978</start>
			<operations>
				<IRP_Roadef_Challenge_Operation_>
					<point>29</point>
					<arrival>46081</arrival>
					<Quantity>8874.1999999999989</Quantity>
				</IRP_Roadef_Challenge_Operation_>
				<IRP_Roadef_Challenge_Operation_>
					<point>1</point>
					<arrival>46272</arrival>
					<Quantity>-8874.1999999999971</Quantity>
				</IRP_Roadef_Challenge_Operation_>
			</operations>
		</IRP_Roadef_Challenge_Shift_>
		<IRP_Roadef_Challenge_Shift_>
			<index>61</index>
			<driver>2</driver>
			<trailer>0</trailer>
			<start>46698</start>
			<operations>
				<IRP_Roadef_Challenge_Operation_>
					<point>56</point>
					<arrival>46973</arrival>
					<Quantity>4289.6558155059811</Quantity>
				</IRP_Roadef_Challenge_Operation_>
				<IRP_Roadef_Challenge_Operation_>
					<point>19</point>
					<arrival>47105</arrival>
					<Quantity>11269.644184493987</Quantity>
				</IRP_Roadef_Challenge_Operation_>
				<IRP_Roadef_Challenge_Operation_>
					<point>105</point>
					<arrival>47341</arrival>
					<Quantity>427.39999999999964</Quantity>
				</IRP_Roadef_Challenge_Operation_>
				<IRP_Roadef_Challenge_Operation_>
					<point>44</point>
					<arrival>48366</arrival>
					<Quantity>2465.5</Quantity>
				</IRP_Roadef_Challenge_Operation_>
				<IRP_Roadef_Challenge_Operation_>
					<point>40</point>
					<arrival>48411</arrival>
					<Quantity>1547.8000000000011</Quantity>
				</IRP_Roadef_Challenge_Operation_>
				<IRP_Roadef_Challenge_Operation_>
					<point>1</point>
					<arrival>48575</arrival>
					<Quantity>-20000</Quantity>
				</IRP_Roadef_Challenge_Operation_>
				<IRP_Roadef_Challenge_Operation_>
					<point>2</point>
					<arrival>48734</arrival>
					<Quantity>4778.2999999999211</Quantity>
				</IRP_Roadef_Challenge_Operation_>
				<IRP_Roadef_Challenge_Operation_>
					<point>48</point>
					<arrival>48805</arrival>
					<Quantity>9301.4000000001179</Quantity>
				</IRP_Roadef_Challenge_Operation_>
				<IRP_Roadef_Challenge_Operation_>
					<point>45</point>
					<arrival>48858</arrival>
					<Quantity>4460.7000000000016</Quantity>
				</IRP_Roadef_Challenge_Operation_>
				<IRP_Roadef_Challenge_Operation_>
					<point>103</point>
					<arrival>48903</arrival>
					<Quantity>1459.5999999999981</Quantity>
				</IRP_Roadef_Challenge_Operation_>
			</operations>
		</IRP_Roadef_Challenge_Shift_>
		<IRP_Roadef_Challenge_Shift_>
			<index>62</index>
			<driver>0</driver>
			<trailer>1</trailer>
			<start>47613</start>
			<operations>
				<IRP_Roadef_Challenge_Operation_>
					<point>1</point>
					<arrival>47660</arrival>
					<Quantity>-12620</Quantity>
				</IRP_Roadef_Challenge_Operation_>
				<IRP_Roadef_Challenge_Operation_>
					<point>33</point>
					<arrival>47837</arrival>
					<Quantity>3020.1999999999998</Quantity>
				</IRP_Roadef_Challenge_Operation_>
				<IRP_Roadef_Challenge_Operation_>
					<point>79</point>
					<arrival>47889</arrival>
					<Quantity>4272.4000000000869</Quantity>
				</IRP_Roadef_Challenge_Operation_>
				<IRP_Roadef_Challenge_Operation_>
					<point>74</point>
					<arrival>47973</arrival>
					<Quantity>5327.4000000000106</Quantity>
				</IRP_Roadef_Challenge_Operation_>
				<IRP_Roadef_Challenge_Operation_>
					<point>1</point>
					<arrival>48122</arrival>
					<Quantity>-12620</Quantity>
				</IRP_Roadef_Challenge_Operation_>
			</operations>
		</IRP_Roadef_Challenge_Shift_>
		<IRP_Roadef_Challenge_Shift_>
			<index>63</index>
			<driver>3</driver>
			<trailer>2</trailer>
			<start>48317</start>
			<operations>
				<IRP_Roadef_Challenge_Operation_>
					<point>1</point>
					<arrival>48364</arrival>
					<Quantity>-5380</Quantity>
				</IRP_Roadef_Challenge_Operation_>
				<IRP_Roadef_Challenge_Operation_>
					<point>111</point>
					<arrival>48513</arrival>
					<Quantity>4576.3999999999996</Quantity>
				</IRP_Roadef_Challenge_Operation_>
			</operations>
		</IRP_Roadef_Challenge_Shift_>
		<IRP_Roadef_Challenge_Shift_>
			<index>64</index>
			<driver>1</driver>
			<trailer>1</trailer>
			<start>48688</start>
			<operations>
				<IRP_Roadef_Challenge_Operation_>
					<point>10</point>
					<arrival>48749</arrival>
					<Quantity>12620</Quantity>
				</IRP_Roadef_Challenge_Operation_>
				<IRP_Roadef_Challenge_Operation_>
					<point>1</point>
					<arrival>48896</arrival>
					<Quantity>-12620</Quantity>
				</IRP_Roadef_Challenge_Operation_>
				<IRP_Roadef_Challenge_Operation_>
					<point>5</point>
					<arrival>49044</arrival>
					<Quantity>2383.8999999999669</Quantity>
				</IRP_Roadef_Challenge_Operation_>
				<IRP_Roadef_Challenge_Operation_>
					<point>25</point>
					<arrival>49107</arrival>
					<Quantity>4651.4500000000007</Quantity>
				</IRP_Roadef_Challenge_Operation_>
				<IRP_Roadef_Challenge_Operation_>
					<point>126</point>
					<arrival>49155</arrival>
					<Quantity>5584.6500000000215</Quantity>
				</IRP_Roadef_Challenge_Operation_>
			</operations>
		</IRP_Roadef_Challenge_Shift_>
		<IRP_Roadef_Challenge_Shift_>
			<index>65</index>
			<driver>3</driver>
			<trailer>2</trailer>
			<start>49343</start>
			<operations>
				<IRP_Roadef_Challenge_Operation_>
					<point>1</point>
					<arrival>49390</arrival>
					<Quantity>-4576.3999999999996</Quantity>
				</IRP_Roadef_Challenge_Operation_>
				<IRP_Roadef_Challenge_Operation_>
					<point>106</point>
					<arrival>49522</arrival>
					<Quantity>5380</Quantity>
				</IRP_Roadef_Challenge_Operation_>
			</operations>
		</IRP_Roadef_Challenge_Shift_>
		<IRP_Roadef_Challenge_Shift_>
			<index>66</index>
			<driver>2</driver>
			<trailer>0</trailer>
			<start>49862</start>
			<operations>
				<IRP_Roadef_Challenge_Operation_>
					<point>1</point>
					<arrival>49909</arrival>
					<Quantity>-20000</Quantity>
				</IRP_Roadef_Challenge_Operation_>
				<IRP_Roadef_Challenge_Operation_>
					<point>43</point>
					<arrival>50046</arrival>
					<Quantity>3506.2628168678584</Quantity>
				</IRP_Roadef_Challenge_Operation_>
				<IRP_Roadef_Challenge_Operation_>
					<point>117</point>
					<arrival>50166</arrival>
					<Quantity>7360.0999999999858</Quantity>
				</IRP_Roadef_Challenge_Operation_>
				<IRP_Roadef_Challenge_Operation_>
					<point>21</point>
					<arrival>50286</arrival>
					<Quantity>9133.6371831321667</Quantity>
				</IRP_Roadef_Challenge_Operation_>
			</operations>
		</IRP_Roadef_Challenge_Shift_>
	</Shifts>
</IRP_Roadef_Challenge_Output>
